2026-03-17 10:39:10.645 [HikariPool-1 housekeeper] WARN  com.zaxxer.hikari.pool.HikariPool [] - HikariPool-1 - Thread starvation or clock leap detected (housekeeper delta=15h50m14s129ms493µs).
2026-03-17 10:39:54.882 [HikariPool-1 housekeeper] WARN  com.zaxxer.hikari.pool.HikariPool [] - HikariPool-1 - Thread starvation or clock leap detected (housekeeper delta=46s142ms203µs700ns).
2026-03-17 11:06:54.743 [http-nio-8082-exec-5] ERROR o.a.c.c.C.[.[.[.[dispatcherServlet] [] - Servlet.service() for servlet [dispatcherServlet] in context with path [] threw exception
org.springframework.security.authentication.AuthenticationServiceException: Token expired
	at com.rkt.dms.jwt.filter.JwtFilter.doFilterInternal(JwtFilter.java:88)
	at org.springframework.web.filter.OncePerRequestFilter.doFilter(OncePerRequestFilter.java:116)
	at org.springframework.security.web.ObservationFilterChainDecorator$ObservationFilter.wrapFilter(ObservationFilterChainDecorator.java:240)
	at org.springframework.security.web.ObservationFilterChainDecorator$ObservationFilter.doFilter(ObservationFilterChainDecorator.java:227)
	at org.springframework.security.web.ObservationFilterChainDecorator$VirtualFilterChain.doFilter(ObservationFilterChainDecorator.java:137)
	at com.rkt.dms.audit.RequestAuditFilter.doFilterInternal(RequestAuditFilter.java:52)
	at org.springframework.web.filter.OncePerRequestFilter.doFilter(OncePerRequestFilter.java:116)
	at org.springframework.security.web.ObservationFilterChainDecorator$ObservationFilter.wrapFilter(ObservationFilterChainDecorator.java:240)
	at org.springframework.security.web.ObservationFilterChainDecorator$ObservationFilter.doFilter(ObservationFilterChainDecorator.java:227)
	at org.springframework.security.web.ObservationFilterChainDecorator$VirtualFilterChain.doFilter(ObservationFilterChainDecorator.java:137)
	at org.springframework.security.web.authentication.logout.LogoutFilter.doFilter(LogoutFilter.java:107)
	at org.springframework.security.web.authentication.logout.LogoutFilter.doFilter(LogoutFilter.java:93)
	at org.springframework.security.web.ObservationFilterChainDecorator$ObservationFilter.wrapFilter(ObservationFilterChainDecorator.java:240)
	at org.springframework.security.web.ObservationFilterChainDecorator$ObservationFilter.doFilter(ObservationFilterChainDecorator.java:227)
	at org.springframework.security.web.ObservationFilterChainDecorator$VirtualFilterChain.doFilter(ObservationFilterChainDecorator.java:137)
	at org.springframework.web.filter.CorsFilter.doFilterInternal(CorsFilter.java:91)
	at org.springframework.web.filter.OncePerRequestFilter.doFilter(OncePerRequestFilter.java:116)
	at org.springframework.security.web.ObservationFilterChainDecorator$ObservationFilter.wrapFilter(ObservationFilterChainDecorator.java:240)
	at org.springframework.security.web.ObservationFilterChainDecorator$ObservationFilter.doFilter(ObservationFilterChainDecorator.java:227)
	at org.springframework.security.web.ObservationFilterChainDecorator$VirtualFilterChain.doFilter(ObservationFilterChainDecorator.java:137)
	at org.springframework.security.web.header.HeaderWriterFilter.doHeadersAfter(HeaderWriterFilter.java:90)
	at org.springframework.security.web.header.HeaderWriterFilter.doFilterInternal(HeaderWriterFilter.java:75)
	at org.springframework.web.filter.OncePerRequestFilter.doFilter(OncePerRequestFilter.java:116)
	at org.springframework.security.web.ObservationFilterChainDecorator$ObservationFilter.wrapFilter(ObservationFilterChainDecorator.java:240)
	at org.springframework.security.web.ObservationFilterChainDecorator$ObservationFilter.doFilter(ObservationFilterChainDecorator.java:227)
	at org.springframework.security.web.ObservationFilterChainDecorator$VirtualFilterChain.doFilter(ObservationFilterChainDecorator.java:137)
	at org.springframework.security.web.context.SecurityContextHolderFilter.doFilter(SecurityContextHolderFilter.java:82)
	at org.springframework.security.web.context.SecurityContextHolderFilter.doFilter(SecurityContextHolderFilter.java:69)
	at org.springframework.security.web.ObservationFilterChainDecorator$ObservationFilter.wrapFilter(ObservationFilterChainDecorator.java:240)
	at org.springframework.security.web.ObservationFilterChainDecorator$ObservationFilter.doFilter(ObservationFilterChainDecorator.java:227)
	at org.springframework.security.web.ObservationFilterChainDecorator$VirtualFilterChain.doFilter(ObservationFilterChainDecorator.java:137)
	at org.springframework.security.web.context.request.async.WebAsyncManagerIntegrationFilter.doFilterInternal(WebAsyncManagerIntegrationFilter.java:62)
	at org.springframework.web.filter.OncePerRequestFilter.doFilter(OncePerRequestFilter.java:116)
	at org.springframework.security.web.ObservationFilterChainDecorator$ObservationFilter.wrapFilter(ObservationFilterChainDecorator.java:240)
	at org.springframework.security.web.ObservationFilterChainDecorator$ObservationFilter.doFilter(ObservationFilterChainDecorator.java:227)
	at org.springframework.security.web.ObservationFilterChainDecorator$VirtualFilterChain.doFilter(ObservationFilterChainDecorator.java:137)
	at org.springframework.security.web.session.DisableEncodeUrlFilter.doFilterInternal(DisableEncodeUrlFilter.java:42)
	at org.springframework.web.filter.OncePerRequestFilter.doFilter(OncePerRequestFilter.java:116)
	at org.springframework.security.web.ObservationFilterChainDecorator$ObservationFilter.wrapFilter(ObservationFilterChainDecorator.java:240)
	at org.springframework.security.web.ObservationFilterChainDecorator$AroundFilterObservation$SimpleAroundFilterObservation.lambda$wrap$0(ObservationFilterChainDecorator.java:323)
	at org.springframework.security.web.ObservationFilterChainDecorator$ObservationFilter.doFilter(ObservationFilterChainDecorator.java:224)
	at org.springframework.security.web.ObservationFilterChainDecorator$VirtualFilterChain.doFilter(ObservationFilterChainDecorator.java:137)
	at org.springframework.security.web.FilterChainProxy.doFilterInternal(FilterChainProxy.java:233)
	at org.springframework.security.web.FilterChainProxy.doFilter(FilterChainProxy.java:191)
	at org.springframework.web.filter.CompositeFilter$VirtualFilterChain.doFilter(CompositeFilter.java:113)
	at org.springframework.web.servlet.handler.HandlerMappingIntrospector.lambda$createCacheFilter$3(HandlerMappingIntrospector.java:243)
	at org.springframework.web.filter.CompositeFilter$VirtualFilterChain.doFilter(CompositeFilter.java:113)
	at org.springframework.web.filter.CompositeFilter.doFilter(CompositeFilter.java:74)
	at org.springframework.security.config.annotation.web.configuration.WebMvcSecurityConfiguration$CompositeFilterChainProxy.doFilter(WebMvcSecurityConfiguration.java:238)
	at org.springframework.web.filter.DelegatingFilterProxy.invokeDelegate(DelegatingFilterProxy.java:362)
	at org.springframework.web.filter.DelegatingFilterProxy.doFilter(DelegatingFilterProxy.java:278)
	at org.apache.catalina.core.ApplicationFilterChain.internalDoFilter(ApplicationFilterChain.java:164)
	at org.apache.catalina.core.ApplicationFilterChain.doFilter(ApplicationFilterChain.java:140)
	at org.springframework.web.filter.RequestContextFilter.doFilterInternal(RequestContextFilter.java:100)
	at org.springframework.web.filter.OncePerRequestFilter.doFilter(OncePerRequestFilter.java:116)
	at org.apache.catalina.core.ApplicationFilterChain.internalDoFilter(ApplicationFilterChain.java:164)
	at org.apache.catalina.core.ApplicationFilterChain.doFilter(ApplicationFilterChain.java:140)
	at org.springframework.web.filter.FormContentFilter.doFilterInternal(FormContentFilter.java:93)
	at org.springframework.web.filter.OncePerRequestFilter.doFilter(OncePerRequestFilter.java:116)
	at org.apache.catalina.core.ApplicationFilterChain.internalDoFilter(ApplicationFilterChain.java:164)
	at org.apache.catalina.core.ApplicationFilterChain.doFilter(ApplicationFilterChain.java:140)
	at org.springframework.web.filter.ServerHttpObservationFilter.doFilterInternal(ServerHttpObservationFilter.java:114)
	at org.springframework.web.filter.OncePerRequestFilter.doFilter(OncePerRequestFilter.java:116)
	at org.apache.catalina.core.ApplicationFilterChain.internalDoFilter(ApplicationFilterChain.java:164)
	at org.apache.catalina.core.ApplicationFilterChain.doFilter(ApplicationFilterChain.java:140)
	at org.springframework.web.filter.CharacterEncodingFilter.doFilterInternal(CharacterEncodingFilter.java:201)
	at org.springframework.web.filter.OncePerRequestFilter.doFilter(OncePerRequestFilter.java:116)
	at org.apache.catalina.core.ApplicationFilterChain.internalDoFilter(ApplicationFilterChain.java:164)
	at org.apache.catalina.core.ApplicationFilterChain.doFilter(ApplicationFilterChain.java:140)
	at org.apache.catalina.core.StandardWrapperValve.invoke(StandardWrapperValve.java:167)
	at org.apache.catalina.core.StandardContextValve.invoke(StandardContextValve.java:90)
	at org.apache.catalina.authenticator.AuthenticatorBase.invoke(AuthenticatorBase.java:483)
	at org.apache.catalina.core.StandardHostValve.invoke(StandardHostValve.java:115)
	at org.apache.catalina.valves.ErrorReportValve.invoke(ErrorReportValve.java:93)
	at org.apache.catalina.core.StandardEngineValve.invoke(StandardEngineValve.java:74)
	at org.apache.catalina.connector.CoyoteAdapter.service(CoyoteAdapter.java:344)
	at org.apache.coyote.http11.Http11Processor.service(Http11Processor.java:397)
	at org.apache.coyote.AbstractProcessorLight.process(AbstractProcessorLight.java:63)
	at org.apache.coyote.AbstractProtocol$ConnectionHandler.process(AbstractProtocol.java:905)
	at org.apache.tomcat.util.net.NioEndpoint$SocketProcessor.doRun(NioEndpoint.java:1741)
	at org.apache.tomcat.util.net.SocketProcessorBase.run(SocketProcessorBase.java:52)
	at org.apache.tomcat.util.threads.ThreadPoolExecutor.runWorker(ThreadPoolExecutor.java:1190)
	at org.apache.tomcat.util.threads.ThreadPoolExecutor$Worker.run(ThreadPoolExecutor.java:659)
	at org.apache.tomcat.util.threads.TaskThread$WrappingRunnable.run(TaskThread.java:63)
	at java.base/java.lang.Thread.run(Thread.java:1583)
Caused by: io.jsonwebtoken.ExpiredJwtException: JWT expired at 2026-03-17T05:34:49Z. Current time: 2026-03-17T05:36:54Z, a difference of 125713 milliseconds.  Allowed clock skew: 0 milliseconds.
	at io.jsonwebtoken.impl.DefaultJwtParser.parse(DefaultJwtParser.java:427)
	at io.jsonwebtoken.impl.DefaultJwtParser.parse(DefaultJwtParser.java:529)
	at io.jsonwebtoken.impl.DefaultJwtParser.parseClaimsJws(DefaultJwtParser.java:589)
	at io.jsonwebtoken.impl.ImmutableJwtParser.parseClaimsJws(ImmutableJwtParser.java:173)
	at com.rkt.dms.jwt.utilis.JwtUtil.extractAllClaims(JwtUtil.java:98)
	at com.rkt.dms.jwt.utilis.JwtUtil.isTokenExpired(JwtUtil.java:110)
	at com.rkt.dms.jwt.utilis.JwtUtil.validateToken(JwtUtil.java:105)
	at com.rkt.dms.jwt.filter.JwtFilter.doFilterInternal(JwtFilter.java:50)
	... 84 common frames omitted
2026-03-17 11:12:24.912 [http-nio-8082-exec-9] WARN  o.s.web.servlet.PageNotFound [af5880e3-eb5e-4665-99a1-923738effcee] - No mapping for DELETE /project-files
2026-03-17 11:12:25.980 [http-nio-8082-exec-10] WARN  o.s.web.servlet.PageNotFound [eaaea212-e188-47bb-90db-e5a9b7e09240] - No mapping for DELETE /project-files
2026-03-17 11:12:26.222 [http-nio-8082-exec-4] WARN  o.s.web.servlet.PageNotFound [6ad5d682-f594-4a3f-bb7b-ce930979da4b] - No mapping for DELETE /project-files
2026-03-17 11:12:26.888 [http-nio-8082-exec-8] WARN  o.s.web.servlet.PageNotFound [44a96d9d-3688-449f-8fd6-ea9db35c3349] - No mapping for DELETE /project-files
2026-03-17 11:12:27.042 [http-nio-8082-exec-3] WARN  o.s.web.servlet.PageNotFound [6a5e91b4-0403-4a70-9c3d-73d1f13a4ae8] - No mapping for DELETE /project-files
2026-03-17 11:12:27.203 [http-nio-8082-exec-2] WARN  o.s.web.servlet.PageNotFound [5cd9d497-0d4e-4f22-a8ab-8cd562c04727] - No mapping for DELETE /project-files
2026-03-17 11:12:27.365 [http-nio-8082-exec-6] WARN  o.s.web.servlet.PageNotFound [6f0de84e-a060-4de1-8718-6a4612605d45] - No mapping for DELETE /project-files
2026-03-17 11:12:27.489 [http-nio-8082-exec-5] WARN  o.s.web.servlet.PageNotFound [3d1558dd-0997-4e20-86f2-d6fa97b4a6d9] - No mapping for DELETE /project-files
2026-03-17 11:12:27.652 [http-nio-8082-exec-7] WARN  o.s.web.servlet.PageNotFound [f95889ae-8e9b-41a9-83b2-dd8ce9a3d747] - No mapping for DELETE /project-files
2026-03-17 11:12:27.876 [http-nio-8082-exec-1] WARN  o.s.web.servlet.PageNotFound [75252294-aa1e-42bb-9012-13d9a48b934c] - No mapping for DELETE /project-files
2026-03-17 11:13:16.492 [background-preinit] INFO  o.h.validator.internal.util.Version [] - HV000001: Hibernate Validator 8.0.2.Final
2026-03-17 11:13:16.592 [main] INFO  com.rkt.dms.DmsApplication [] - Starting DmsApplication using Java 21.0.8 with PID 29504 (C:\Users\shashi.rai\Desktop\Projects\DMS\DMS-Backend\target\classes started by shashi.rai in C:\Users\shashi.rai\Desktop\Projects\DMS\DMS-Backend)
2026-03-17 11:13:16.596 [main] INFO  com.rkt.dms.DmsApplication [] - The following 1 profile is active: "dev"
2026-03-17 11:13:19.778 [main] INFO  o.s.d.r.c.RepositoryConfigurationDelegate [] - Bootstrapping Spring Data JPA repositories in DEFAULT mode.
2026-03-17 11:13:20.399 [main] INFO  o.s.d.r.c.RepositoryConfigurationDelegate [] - Finished Spring Data repository scanning in 594 ms. Found 18 JPA repository interfaces.
2026-03-17 11:13:22.650 [main] INFO  o.s.b.w.e.tomcat.TomcatWebServer [] - Tomcat initialized with port 8082 (http)
2026-03-17 11:13:22.705 [main] INFO  o.a.coyote.http11.Http11NioProtocol [] - Initializing ProtocolHandler ["http-nio-8082"]
2026-03-17 11:13:22.713 [main] INFO  o.a.catalina.core.StandardService [] - Starting service [Tomcat]
2026-03-17 11:13:22.718 [main] INFO  o.a.catalina.core.StandardEngine [] - Starting Servlet engine: [Apache Tomcat/10.1.34]
2026-03-17 11:13:22.970 [main] INFO  o.a.c.c.C.[Tomcat].[localhost].[/] [] - Initializing Spring embedded WebApplicationContext
2026-03-17 11:13:22.971 [main] INFO  o.s.b.w.s.c.ServletWebServerApplicationContext [] - Root WebApplicationContext: initialization completed in 6269 ms
2026-03-17 11:13:23.817 [main] INFO  o.h.jpa.internal.util.LogHelper [] - HHH000204: Processing PersistenceUnitInfo [name: default]
2026-03-17 11:13:23.984 [main] INFO  org.hibernate.Version [] - HHH000412: Hibernate ORM core version 6.6.4.Final
2026-03-17 11:13:24.083 [main] INFO  o.h.c.i.RegionFactoryInitiator [] - HHH000026: Second-level cache disabled
2026-03-17 11:13:24.989 [main] INFO  o.s.o.j.p.SpringPersistenceUnitInfo [] - No LoadTimeWeaver setup: ignoring JPA class transformer
2026-03-17 11:13:25.080 [main] INFO  com.zaxxer.hikari.HikariDataSource [] - HikariPool-1 - Starting...
2026-03-17 11:13:27.364 [main] INFO  com.zaxxer.hikari.pool.HikariPool [] - HikariPool-1 - Added connection com.mysql.cj.jdbc.ConnectionImpl@5e976553
2026-03-17 11:13:27.370 [main] INFO  com.zaxxer.hikari.HikariDataSource [] - HikariPool-1 - Start completed.
2026-03-17 11:13:27.461 [main] WARN  org.hibernate.orm.deprecation [] - HHH90000025: MySQLDialect does not need to be specified explicitly using 'hibernate.dialect' (remove the property setting and it will be selected by default)
2026-03-17 11:13:27.497 [main] INFO  o.hibernate.orm.connections.pooling [] - HHH10001005: Database info:
	Database JDBC URL [Connecting through datasource 'HikariDataSource (HikariPool-1)']
	Database driver: undefined/unknown
	Database version: 8.0.33
	Autocommit mode: undefined/unknown
	Isolation level: undefined/unknown
	Minimum pool size: undefined/unknown
	Maximum pool size: undefined/unknown
2026-03-17 11:13:30.012 [main] INFO  o.h.e.t.j.p.i.JtaPlatformInitiator [] - HHH000489: No JTA platform available (set 'hibernate.transaction.jta.platform' to enable JTA platform integration)
2026-03-17 11:13:30.548 [main] INFO  o.s.o.j.LocalContainerEntityManagerFactoryBean [] - Initialized JPA EntityManagerFactory for persistence unit 'default'
2026-03-17 11:13:31.229 [main] INFO  o.s.d.j.r.query.QueryEnhancerFactory [] - Hibernate is in classpath; If applicable, HQL parser will be used.
2026-03-17 11:13:34.464 [main] INFO  o.s.s.c.a.a.c.InitializeUserDetailsBeanManagerConfigurer$InitializeUserDetailsManagerConfigurer [] - Global AuthenticationManager configured with UserDetailsService bean with name userDetailsServiceImpl
2026-03-17 11:13:34.643 [main] WARN  o.s.b.a.o.j.JpaBaseConfiguration$JpaWebConfiguration [] - spring.jpa.open-in-view is enabled by default. Therefore, database queries may be performed during view rendering. Explicitly configure spring.jpa.open-in-view to disable this warning
2026-03-17 11:13:35.751 [main] INFO  o.s.b.a.e.web.EndpointLinksResolver [] - Exposing 3 endpoints beneath base path '/actuator'
2026-03-17 11:13:36.797 [main] INFO  o.a.coyote.http11.Http11NioProtocol [] - Starting ProtocolHandler ["http-nio-8082"]
2026-03-17 11:13:36.867 [main] INFO  o.s.b.w.e.tomcat.TomcatWebServer [] - Tomcat started on port 8082 (http) with context path '/'
2026-03-17 11:13:36.901 [main] INFO  com.rkt.dms.DmsApplication [] - Started DmsApplication in 21.058 seconds (process running for 22.405)
2026-03-17 11:13:58.328 [http-nio-8082-exec-1] INFO  o.a.c.c.C.[Tomcat].[localhost].[/] [] - Initializing Spring DispatcherServlet 'dispatcherServlet'
2026-03-17 11:13:58.329 [http-nio-8082-exec-1] INFO  o.s.web.servlet.DispatcherServlet [] - Initializing Servlet 'dispatcherServlet'
2026-03-17 11:13:58.331 [http-nio-8082-exec-1] INFO  o.s.web.servlet.DispatcherServlet [] - Completed initialization in 1 ms
2026-03-17 11:28:29.704 [background-preinit] INFO  o.h.validator.internal.util.Version [] - HV000001: Hibernate Validator 8.0.2.Final
2026-03-17 11:28:29.803 [main] INFO  com.rkt.dms.DmsApplication [] - Starting DmsApplication using Java 21.0.8 with PID 28608 (C:\Users\shashi.rai\Desktop\Projects\DMS\DMS-Backend\target\classes started by shashi.rai in C:\Users\shashi.rai\Desktop\Projects\DMS\DMS-Backend)
2026-03-17 11:28:29.806 [main] INFO  com.rkt.dms.DmsApplication [] - The following 1 profile is active: "dev"
2026-03-17 11:28:32.560 [main] INFO  o.s.d.r.c.RepositoryConfigurationDelegate [] - Bootstrapping Spring Data JPA repositories in DEFAULT mode.
2026-03-17 11:28:32.829 [main] INFO  o.s.d.r.c.RepositoryConfigurationDelegate [] - Finished Spring Data repository scanning in 255 ms. Found 18 JPA repository interfaces.
2026-03-17 11:28:34.698 [main] INFO  o.s.b.w.e.tomcat.TomcatWebServer [] - Tomcat initialized with port 8082 (http)
2026-03-17 11:28:34.718 [main] INFO  o.a.coyote.http11.Http11NioProtocol [] - Initializing ProtocolHandler ["http-nio-8082"]
2026-03-17 11:28:34.723 [main] INFO  o.a.catalina.core.StandardService [] - Starting service [Tomcat]
2026-03-17 11:28:34.724 [main] INFO  o.a.catalina.core.StandardEngine [] - Starting Servlet engine: [Apache Tomcat/10.1.34]
2026-03-17 11:28:34.856 [main] INFO  o.a.c.c.C.[Tomcat].[localhost].[/] [] - Initializing Spring embedded WebApplicationContext
2026-03-17 11:28:34.857 [main] INFO  o.s.b.w.s.c.ServletWebServerApplicationContext [] - Root WebApplicationContext: initialization completed in 4948 ms
2026-03-17 11:28:35.586 [main] INFO  o.h.jpa.internal.util.LogHelper [] - HHH000204: Processing PersistenceUnitInfo [name: default]
2026-03-17 11:28:35.712 [main] INFO  org.hibernate.Version [] - HHH000412: Hibernate ORM core version 6.6.4.Final
2026-03-17 11:28:35.816 [main] INFO  o.h.c.i.RegionFactoryInitiator [] - HHH000026: Second-level cache disabled
2026-03-17 11:28:36.618 [main] INFO  o.s.o.j.p.SpringPersistenceUnitInfo [] - No LoadTimeWeaver setup: ignoring JPA class transformer
2026-03-17 11:28:36.732 [main] INFO  com.zaxxer.hikari.HikariDataSource [] - HikariPool-1 - Starting...
2026-03-17 11:28:38.987 [main] INFO  com.zaxxer.hikari.pool.HikariPool [] - HikariPool-1 - Added connection com.mysql.cj.jdbc.ConnectionImpl@361483eb
2026-03-17 11:28:38.989 [main] INFO  com.zaxxer.hikari.HikariDataSource [] - HikariPool-1 - Start completed.
2026-03-17 11:28:39.057 [main] WARN  org.hibernate.orm.deprecation [] - HHH90000025: MySQLDialect does not need to be specified explicitly using 'hibernate.dialect' (remove the property setting and it will be selected by default)
2026-03-17 11:28:39.089 [main] INFO  o.hibernate.orm.connections.pooling [] - HHH10001005: Database info:
	Database JDBC URL [Connecting through datasource 'HikariDataSource (HikariPool-1)']
	Database driver: undefined/unknown
	Database version: 8.0.33
	Autocommit mode: undefined/unknown
	Isolation level: undefined/unknown
	Minimum pool size: undefined/unknown
	Maximum pool size: undefined/unknown
2026-03-17 11:28:41.749 [main] INFO  o.h.e.t.j.p.i.JtaPlatformInitiator [] - HHH000489: No JTA platform available (set 'hibernate.transaction.jta.platform' to enable JTA platform integration)
2026-03-17 11:28:42.538 [main] INFO  o.s.o.j.LocalContainerEntityManagerFactoryBean [] - Initialized JPA EntityManagerFactory for persistence unit 'default'
2026-03-17 11:28:43.147 [main] INFO  o.s.d.j.r.query.QueryEnhancerFactory [] - Hibernate is in classpath; If applicable, HQL parser will be used.
2026-03-17 11:28:46.088 [main] INFO  o.s.s.c.a.a.c.InitializeUserDetailsBeanManagerConfigurer$InitializeUserDetailsManagerConfigurer [] - Global AuthenticationManager configured with UserDetailsService bean with name userDetailsServiceImpl
2026-03-17 11:28:46.298 [main] WARN  o.s.b.a.o.j.JpaBaseConfiguration$JpaWebConfiguration [] - spring.jpa.open-in-view is enabled by default. Therefore, database queries may be performed during view rendering. Explicitly configure spring.jpa.open-in-view to disable this warning
2026-03-17 11:28:47.200 [main] INFO  o.s.b.a.e.web.EndpointLinksResolver [] - Exposing 3 endpoints beneath base path '/actuator'
2026-03-17 11:28:48.257 [main] INFO  o.a.coyote.http11.Http11NioProtocol [] - Starting ProtocolHandler ["http-nio-8082"]
2026-03-17 11:28:48.317 [main] INFO  o.s.b.w.e.tomcat.TomcatWebServer [] - Tomcat started on port 8082 (http) with context path '/'
2026-03-17 11:28:48.372 [main] INFO  com.rkt.dms.DmsApplication [] - Started DmsApplication in 19.293 seconds (process running for 20.578)
2026-03-17 11:30:34.959 [http-nio-8082-exec-2] INFO  o.a.c.c.C.[Tomcat].[localhost].[/] [] - Initializing Spring DispatcherServlet 'dispatcherServlet'
2026-03-17 11:30:34.961 [http-nio-8082-exec-2] INFO  o.s.web.servlet.DispatcherServlet [] - Initializing Servlet 'dispatcherServlet'
2026-03-17 11:30:34.964 [http-nio-8082-exec-2] INFO  o.s.web.servlet.DispatcherServlet [] - Completed initialization in 3 ms
2026-03-17 11:33:15.103 [AUDIT-2] ERROR o.s.a.i.SimpleAsyncUncaughtExceptionHandler [] - Unexpected exception occurred invoking async method: public void com.rkt.dms.controller.SendEmailController.shareDocumentMail(java.lang.String,java.lang.String,java.lang.String) throws jakarta.mail.MessagingException,java.io.UnsupportedEncodingException
org.springframework.mail.MailSendException: Failed messages: jakarta.mail.SendFailedException: Invalid Addresses;
  nested exception is:
	org.eclipse.angus.mail.smtp.SMTPAddressFailedException: 501 5.1.3 Invalid address

	at org.springframework.mail.javamail.JavaMailSenderImpl.doSend(JavaMailSenderImpl.java:453)
	at org.springframework.mail.javamail.JavaMailSenderImpl.send(JavaMailSenderImpl.java:350)
	at org.springframework.mail.javamail.JavaMailSender.send(JavaMailSender.java:101)
	at com.rkt.dms.controller.SendEmailController.shareDocumentMail(SendEmailController.java:138)
	at java.base/jdk.internal.reflect.DirectMethodHandleAccessor.invoke(DirectMethodHandleAccessor.java:103)
	at java.base/java.lang.reflect.Method.invoke(Method.java:580)
	at org.springframework.aop.support.AopUtils.invokeJoinpointUsingReflection(AopUtils.java:359)
	at org.springframework.aop.framework.ReflectiveMethodInvocation.invokeJoinpoint(ReflectiveMethodInvocation.java:196)
	at org.springframework.aop.framework.ReflectiveMethodInvocation.proceed(ReflectiveMethodInvocation.java:163)
	at org.springframework.aop.interceptor.AsyncExecutionInterceptor.lambda$invoke$0(AsyncExecutionInterceptor.java:114)
	at java.base/java.util.concurrent.FutureTask.run(FutureTask.java:317)
	at java.base/java.util.concurrent.ThreadPoolExecutor.runWorker(ThreadPoolExecutor.java:1144)
	at java.base/java.util.concurrent.ThreadPoolExecutor$Worker.run(ThreadPoolExecutor.java:642)
	at java.base/java.lang.Thread.run(Thread.java:1583)
2026-03-17 11:33:15.149 [AUDIT-1] ERROR o.s.a.i.SimpleAsyncUncaughtExceptionHandler [] - Unexpected exception occurred invoking async method: public void com.rkt.dms.controller.SendEmailController.shareDocumentMail(java.lang.String,java.lang.String,java.lang.String) throws jakarta.mail.MessagingException,java.io.UnsupportedEncodingException
org.springframework.mail.MailSendException: Failed messages: jakarta.mail.SendFailedException: Invalid Addresses;
  nested exception is:
	org.eclipse.angus.mail.smtp.SMTPAddressFailedException: 501 5.1.3 Invalid address

	at org.springframework.mail.javamail.JavaMailSenderImpl.doSend(JavaMailSenderImpl.java:453)
	at org.springframework.mail.javamail.JavaMailSenderImpl.send(JavaMailSenderImpl.java:350)
	at org.springframework.mail.javamail.JavaMailSender.send(JavaMailSender.java:101)
	at com.rkt.dms.controller.SendEmailController.shareDocumentMail(SendEmailController.java:138)
	at java.base/jdk.internal.reflect.DirectMethodHandleAccessor.invoke(DirectMethodHandleAccessor.java:103)
	at java.base/java.lang.reflect.Method.invoke(Method.java:580)
	at org.springframework.aop.support.AopUtils.invokeJoinpointUsingReflection(AopUtils.java:359)
	at org.springframework.aop.framework.ReflectiveMethodInvocation.invokeJoinpoint(ReflectiveMethodInvocation.java:196)
	at org.springframework.aop.framework.ReflectiveMethodInvocation.proceed(ReflectiveMethodInvocation.java:163)
	at org.springframework.aop.interceptor.AsyncExecutionInterceptor.lambda$invoke$0(AsyncExecutionInterceptor.java:114)
	at java.base/java.util.concurrent.FutureTask.run(FutureTask.java:317)
	at java.base/java.util.concurrent.ThreadPoolExecutor.runWorker(ThreadPoolExecutor.java:1144)
	at java.base/java.util.concurrent.ThreadPoolExecutor$Worker.run(ThreadPoolExecutor.java:642)
	at java.base/java.lang.Thread.run(Thread.java:1583)
2026-03-17 12:20:52.077 [background-preinit] INFO  o.h.validator.internal.util.Version [] - HV000001: Hibernate Validator 8.0.2.Final
2026-03-17 12:20:52.263 [main] INFO  com.rkt.dms.DmsApplication [] - Starting DmsApplication using Java 21.0.8 with PID 15092 (C:\Users\shashi.rai\Desktop\Projects\DMS\DMS-Backend\target\classes started by shashi.rai in C:\Users\shashi.rai\Desktop\Projects\DMS\DMS-Backend)
2026-03-17 12:20:52.268 [main] INFO  com.rkt.dms.DmsApplication [] - The following 1 profile is active: "dev"
2026-03-17 12:20:56.044 [main] INFO  o.s.d.r.c.RepositoryConfigurationDelegate [] - Bootstrapping Spring Data JPA repositories in DEFAULT mode.
2026-03-17 12:20:56.465 [main] INFO  o.s.d.r.c.RepositoryConfigurationDelegate [] - Finished Spring Data repository scanning in 398 ms. Found 18 JPA repository interfaces.
2026-03-17 12:20:59.397 [main] INFO  o.s.b.w.e.tomcat.TomcatWebServer [] - Tomcat initialized with port 8082 (http)
2026-03-17 12:20:59.436 [main] INFO  o.a.coyote.http11.Http11NioProtocol [] - Initializing ProtocolHandler ["http-nio-8082"]
2026-03-17 12:20:59.446 [main] INFO  o.a.catalina.core.StandardService [] - Starting service [Tomcat]
2026-03-17 12:20:59.448 [main] INFO  o.a.catalina.core.StandardEngine [] - Starting Servlet engine: [Apache Tomcat/10.1.34]
2026-03-17 12:20:59.655 [main] INFO  o.a.c.c.C.[Tomcat].[localhost].[/] [] - Initializing Spring embedded WebApplicationContext
2026-03-17 12:20:59.656 [main] INFO  o.s.b.w.s.c.ServletWebServerApplicationContext [] - Root WebApplicationContext: initialization completed in 7209 ms
2026-03-17 12:21:00.753 [main] INFO  o.h.jpa.internal.util.LogHelper [] - HHH000204: Processing PersistenceUnitInfo [name: default]
2026-03-17 12:21:00.984 [main] INFO  org.hibernate.Version [] - HHH000412: Hibernate ORM core version 6.6.4.Final
2026-03-17 12:21:01.154 [main] INFO  o.h.c.i.RegionFactoryInitiator [] - HHH000026: Second-level cache disabled
2026-03-17 12:21:02.068 [main] INFO  o.s.o.j.p.SpringPersistenceUnitInfo [] - No LoadTimeWeaver setup: ignoring JPA class transformer
2026-03-17 12:21:02.183 [main] INFO  com.zaxxer.hikari.HikariDataSource [] - HikariPool-1 - Starting...
2026-03-17 12:21:05.829 [main] INFO  com.zaxxer.hikari.pool.HikariPool [] - HikariPool-1 - Added connection com.mysql.cj.jdbc.ConnectionImpl@72015156
2026-03-17 12:21:05.846 [main] INFO  com.zaxxer.hikari.HikariDataSource [] - HikariPool-1 - Start completed.
2026-03-17 12:21:06.187 [main] WARN  org.hibernate.orm.deprecation [] - HHH90000025: MySQLDialect does not need to be specified explicitly using 'hibernate.dialect' (remove the property setting and it will be selected by default)
2026-03-17 12:21:06.261 [main] INFO  o.hibernate.orm.connections.pooling [] - HHH10001005: Database info:
	Database JDBC URL [Connecting through datasource 'HikariDataSource (HikariPool-1)']
	Database driver: undefined/unknown
	Database version: 8.0.33
	Autocommit mode: undefined/unknown
	Isolation level: undefined/unknown
	Minimum pool size: undefined/unknown
	Maximum pool size: undefined/unknown
2026-03-17 12:21:10.701 [main] INFO  o.h.e.t.j.p.i.JtaPlatformInitiator [] - HHH000489: No JTA platform available (set 'hibernate.transaction.jta.platform' to enable JTA platform integration)
2026-03-17 12:21:11.230 [main] INFO  o.s.o.j.LocalContainerEntityManagerFactoryBean [] - Initialized JPA EntityManagerFactory for persistence unit 'default'
2026-03-17 12:21:11.960 [main] INFO  o.s.d.j.r.query.QueryEnhancerFactory [] - Hibernate is in classpath; If applicable, HQL parser will be used.
2026-03-17 12:21:16.158 [main] INFO  o.s.s.c.a.a.c.InitializeUserDetailsBeanManagerConfigurer$InitializeUserDetailsManagerConfigurer [] - Global AuthenticationManager configured with UserDetailsService bean with name userDetailsServiceImpl
2026-03-17 12:21:16.417 [main] WARN  o.s.b.a.o.j.JpaBaseConfiguration$JpaWebConfiguration [] - spring.jpa.open-in-view is enabled by default. Therefore, database queries may be performed during view rendering. Explicitly configure spring.jpa.open-in-view to disable this warning
2026-03-17 12:21:17.767 [main] INFO  o.s.b.a.e.web.EndpointLinksResolver [] - Exposing 3 endpoints beneath base path '/actuator'
2026-03-17 12:21:19.437 [main] INFO  o.a.coyote.http11.Http11NioProtocol [] - Starting ProtocolHandler ["http-nio-8082"]
2026-03-17 12:21:19.500 [main] INFO  o.s.b.w.e.tomcat.TomcatWebServer [] - Tomcat started on port 8082 (http) with context path '/'
2026-03-17 12:21:19.556 [main] INFO  com.rkt.dms.DmsApplication [] - Started DmsApplication in 28.562 seconds (process running for 30.791)
2026-03-17 12:28:25.076 [background-preinit] INFO  o.h.validator.internal.util.Version [] - HV000001: Hibernate Validator 8.0.2.Final
2026-03-17 12:28:25.160 [main] INFO  com.rkt.dms.DmsApplication [] - Starting DmsApplication using Java 21.0.8 with PID 26052 (C:\Users\shashi.rai\Desktop\Projects\DMS\DMS-Backend\target\classes started by shashi.rai in C:\Users\shashi.rai\Desktop\Projects\DMS\DMS-Backend)
2026-03-17 12:28:25.161 [main] INFO  com.rkt.dms.DmsApplication [] - The following 1 profile is active: "dev"
2026-03-17 12:28:27.185 [main] INFO  o.s.d.r.c.RepositoryConfigurationDelegate [] - Bootstrapping Spring Data JPA repositories in DEFAULT mode.
2026-03-17 12:28:27.605 [main] INFO  o.s.d.r.c.RepositoryConfigurationDelegate [] - Finished Spring Data repository scanning in 406 ms. Found 18 JPA repository interfaces.
2026-03-17 12:28:29.754 [main] INFO  o.s.b.w.e.tomcat.TomcatWebServer [] - Tomcat initialized with port 8082 (http)
2026-03-17 12:28:29.790 [main] INFO  o.a.coyote.http11.Http11NioProtocol [] - Initializing ProtocolHandler ["http-nio-8082"]
2026-03-17 12:28:29.797 [main] INFO  o.a.catalina.core.StandardService [] - Starting service [Tomcat]
2026-03-17 12:28:29.797 [main] INFO  o.a.catalina.core.StandardEngine [] - Starting Servlet engine: [Apache Tomcat/10.1.34]
2026-03-17 12:28:29.915 [main] INFO  o.a.c.c.C.[Tomcat].[localhost].[/] [] - Initializing Spring embedded WebApplicationContext
2026-03-17 12:28:29.915 [main] INFO  o.s.b.w.s.c.ServletWebServerApplicationContext [] - Root WebApplicationContext: initialization completed in 4681 ms
2026-03-17 12:28:30.608 [main] INFO  o.h.jpa.internal.util.LogHelper [] - HHH000204: Processing PersistenceUnitInfo [name: default]
2026-03-17 12:28:30.709 [main] INFO  org.hibernate.Version [] - HHH000412: Hibernate ORM core version 6.6.4.Final
2026-03-17 12:28:30.774 [main] INFO  o.h.c.i.RegionFactoryInitiator [] - HHH000026: Second-level cache disabled
2026-03-17 12:28:31.355 [main] INFO  o.s.o.j.p.SpringPersistenceUnitInfo [] - No LoadTimeWeaver setup: ignoring JPA class transformer
2026-03-17 12:28:31.433 [main] INFO  com.zaxxer.hikari.HikariDataSource [] - HikariPool-1 - Starting...
2026-03-17 12:28:37.421 [main] INFO  com.zaxxer.hikari.pool.HikariPool [] - HikariPool-1 - Added connection com.mysql.cj.jdbc.ConnectionImpl@7eb774c3
2026-03-17 12:28:37.426 [main] INFO  com.zaxxer.hikari.HikariDataSource [] - HikariPool-1 - Start completed.
2026-03-17 12:28:37.577 [main] WARN  org.hibernate.orm.deprecation [] - HHH90000025: MySQLDialect does not need to be specified explicitly using 'hibernate.dialect' (remove the property setting and it will be selected by default)
2026-03-17 12:28:37.638 [main] INFO  o.hibernate.orm.connections.pooling [] - HHH10001005: Database info:
	Database JDBC URL [Connecting through datasource 'HikariDataSource (HikariPool-1)']
	Database driver: undefined/unknown
	Database version: 8.0.33
	Autocommit mode: undefined/unknown
	Isolation level: undefined/unknown
	Minimum pool size: undefined/unknown
	Maximum pool size: undefined/unknown
2026-03-17 12:28:42.240 [main] INFO  o.h.e.t.j.p.i.JtaPlatformInitiator [] - HHH000489: No JTA platform available (set 'hibernate.transaction.jta.platform' to enable JTA platform integration)
2026-03-17 12:28:42.778 [main] INFO  o.s.o.j.LocalContainerEntityManagerFactoryBean [] - Initialized JPA EntityManagerFactory for persistence unit 'default'
2026-03-17 12:28:46.718 [main] INFO  o.s.d.j.r.query.QueryEnhancerFactory [] - Hibernate is in classpath; If applicable, HQL parser will be used.
2026-03-17 12:28:53.745 [main] INFO  o.s.s.c.a.a.c.InitializeUserDetailsBeanManagerConfigurer$InitializeUserDetailsManagerConfigurer [] - Global AuthenticationManager configured with UserDetailsService bean with name userDetailsServiceImpl
2026-03-17 12:28:54.058 [main] WARN  o.s.b.a.o.j.JpaBaseConfiguration$JpaWebConfiguration [] - spring.jpa.open-in-view is enabled by default. Therefore, database queries may be performed during view rendering. Explicitly configure spring.jpa.open-in-view to disable this warning
2026-03-17 12:28:55.804 [main] INFO  o.s.b.a.e.web.EndpointLinksResolver [] - Exposing 3 endpoints beneath base path '/actuator'
2026-03-17 12:28:57.714 [main] INFO  o.a.coyote.http11.Http11NioProtocol [] - Starting ProtocolHandler ["http-nio-8082"]
2026-03-17 12:28:57.784 [main] INFO  o.s.b.w.e.tomcat.TomcatWebServer [] - Tomcat started on port 8082 (http) with context path '/'
2026-03-17 12:28:57.834 [main] INFO  com.rkt.dms.DmsApplication [] - Started DmsApplication in 33.156 seconds (process running for 33.987)
2026-03-17 12:29:28.484 [http-nio-8082-exec-1] INFO  o.a.c.c.C.[Tomcat].[localhost].[/] [] - Initializing Spring DispatcherServlet 'dispatcherServlet'
2026-03-17 12:29:28.485 [http-nio-8082-exec-1] INFO  o.s.web.servlet.DispatcherServlet [] - Initializing Servlet 'dispatcherServlet'
2026-03-17 12:29:28.487 [http-nio-8082-exec-1] INFO  o.s.web.servlet.DispatcherServlet [] - Completed initialization in 2 ms
2026-03-17 12:38:11.796 [background-preinit] INFO  o.h.validator.internal.util.Version [] - HV000001: Hibernate Validator 8.0.2.Final
2026-03-17 12:38:11.861 [main] INFO  com.rkt.dms.DmsApplication [] - Starting DmsApplication using Java 21.0.8 with PID 2020 (C:\Users\shashi.rai\Desktop\Projects\DMS\DMS-Backend\target\classes started by shashi.rai in C:\Users\shashi.rai\Desktop\Projects\DMS\DMS-Backend)
2026-03-17 12:38:11.862 [main] INFO  com.rkt.dms.DmsApplication [] - The following 1 profile is active: "dev"
2026-03-17 12:38:13.904 [main] INFO  o.s.d.r.c.RepositoryConfigurationDelegate [] - Bootstrapping Spring Data JPA repositories in DEFAULT mode.
2026-03-17 12:38:14.163 [main] INFO  o.s.d.r.c.RepositoryConfigurationDelegate [] - Finished Spring Data repository scanning in 245 ms. Found 18 JPA repository interfaces.
2026-03-17 12:38:16.178 [main] INFO  o.s.b.w.e.tomcat.TomcatWebServer [] - Tomcat initialized with port 8082 (http)
2026-03-17 12:38:16.221 [main] INFO  o.a.coyote.http11.Http11NioProtocol [] - Initializing ProtocolHandler ["http-nio-8082"]
2026-03-17 12:38:16.230 [main] INFO  o.a.catalina.core.StandardService [] - Starting service [Tomcat]
2026-03-17 12:38:16.233 [main] INFO  o.a.catalina.core.StandardEngine [] - Starting Servlet engine: [Apache Tomcat/10.1.34]
2026-03-17 12:38:16.386 [main] INFO  o.a.c.c.C.[Tomcat].[localhost].[/] [] - Initializing Spring embedded WebApplicationContext
2026-03-17 12:38:16.387 [main] INFO  o.s.b.w.s.c.ServletWebServerApplicationContext [] - Root WebApplicationContext: initialization completed in 4465 ms
2026-03-17 12:38:17.205 [main] INFO  o.h.jpa.internal.util.LogHelper [] - HHH000204: Processing PersistenceUnitInfo [name: default]
2026-03-17 12:38:17.360 [main] INFO  org.hibernate.Version [] - HHH000412: Hibernate ORM core version 6.6.4.Final
2026-03-17 12:38:17.431 [main] INFO  o.h.c.i.RegionFactoryInitiator [] - HHH000026: Second-level cache disabled
2026-03-17 12:38:17.967 [main] INFO  o.s.o.j.p.SpringPersistenceUnitInfo [] - No LoadTimeWeaver setup: ignoring JPA class transformer
2026-03-17 12:38:18.047 [main] INFO  com.zaxxer.hikari.HikariDataSource [] - HikariPool-1 - Starting...
2026-03-17 12:38:23.837 [main] INFO  com.zaxxer.hikari.pool.HikariPool [] - HikariPool-1 - Added connection com.mysql.cj.jdbc.ConnectionImpl@14b4ce6f
2026-03-17 12:38:23.844 [main] INFO  com.zaxxer.hikari.HikariDataSource [] - HikariPool-1 - Start completed.
2026-03-17 12:38:23.932 [main] WARN  org.hibernate.orm.deprecation [] - HHH90000025: MySQLDialect does not need to be specified explicitly using 'hibernate.dialect' (remove the property setting and it will be selected by default)
2026-03-17 12:38:23.952 [main] INFO  o.hibernate.orm.connections.pooling [] - HHH10001005: Database info:
	Database JDBC URL [Connecting through datasource 'HikariDataSource (HikariPool-1)']
	Database driver: undefined/unknown
	Database version: 8.0.33
	Autocommit mode: undefined/unknown
	Isolation level: undefined/unknown
	Minimum pool size: undefined/unknown
	Maximum pool size: undefined/unknown
2026-03-17 12:38:26.359 [main] INFO  o.h.e.t.j.p.i.JtaPlatformInitiator [] - HHH000489: No JTA platform available (set 'hibernate.transaction.jta.platform' to enable JTA platform integration)
2026-03-17 12:38:26.798 [main] INFO  o.s.o.j.LocalContainerEntityManagerFactoryBean [] - Initialized JPA EntityManagerFactory for persistence unit 'default'
2026-03-17 12:38:27.372 [main] INFO  o.s.d.j.r.query.QueryEnhancerFactory [] - Hibernate is in classpath; If applicable, HQL parser will be used.
2026-03-17 12:38:30.749 [main] INFO  o.s.s.c.a.a.c.InitializeUserDetailsBeanManagerConfigurer$InitializeUserDetailsManagerConfigurer [] - Global AuthenticationManager configured with UserDetailsService bean with name userDetailsServiceImpl
2026-03-17 12:38:30.961 [main] WARN  o.s.b.a.o.j.JpaBaseConfiguration$JpaWebConfiguration [] - spring.jpa.open-in-view is enabled by default. Therefore, database queries may be performed during view rendering. Explicitly configure spring.jpa.open-in-view to disable this warning
2026-03-17 12:38:32.142 [main] INFO  o.s.b.a.e.web.EndpointLinksResolver [] - Exposing 3 endpoints beneath base path '/actuator'
2026-03-17 12:38:33.504 [main] INFO  o.a.coyote.http11.Http11NioProtocol [] - Starting ProtocolHandler ["http-nio-8082"]
2026-03-17 12:38:33.555 [main] INFO  o.s.b.w.e.tomcat.TomcatWebServer [] - Tomcat started on port 8082 (http) with context path '/'
2026-03-17 12:38:33.589 [main] INFO  com.rkt.dms.DmsApplication [] - Started DmsApplication in 22.232 seconds (process running for 23.147)
2026-03-17 12:38:43.138 [http-nio-8082-exec-1] INFO  o.a.c.c.C.[Tomcat].[localhost].[/] [] - Initializing Spring DispatcherServlet 'dispatcherServlet'
2026-03-17 12:38:43.139 [http-nio-8082-exec-1] INFO  o.s.web.servlet.DispatcherServlet [] - Initializing Servlet 'dispatcherServlet'
2026-03-17 12:38:43.143 [http-nio-8082-exec-1] INFO  o.s.web.servlet.DispatcherServlet [] - Completed initialization in 4 ms
2026-03-17 12:38:43.306 [http-nio-8082-exec-1] ERROR o.a.c.c.C.[.[.[.[dispatcherServlet] [] - Servlet.service() for servlet [dispatcherServlet] in context with path [] threw exception
org.springframework.security.authentication.AuthenticationServiceException: Token expired
	at com.rkt.dms.jwt.filter.JwtFilter.doFilterInternal(JwtFilter.java:88)
	at org.springframework.web.filter.OncePerRequestFilter.doFilter(OncePerRequestFilter.java:116)
	at org.springframework.security.web.ObservationFilterChainDecorator$ObservationFilter.wrapFilter(ObservationFilterChainDecorator.java:240)
	at org.springframework.security.web.ObservationFilterChainDecorator$ObservationFilter.doFilter(ObservationFilterChainDecorator.java:227)
	at org.springframework.security.web.ObservationFilterChainDecorator$VirtualFilterChain.doFilter(ObservationFilterChainDecorator.java:137)
	at com.rkt.dms.audit.RequestAuditFilter.doFilterInternal(RequestAuditFilter.java:52)
	at org.springframework.web.filter.OncePerRequestFilter.doFilter(OncePerRequestFilter.java:116)
	at org.springframework.security.web.ObservationFilterChainDecorator$ObservationFilter.wrapFilter(ObservationFilterChainDecorator.java:240)
	at org.springframework.security.web.ObservationFilterChainDecorator$ObservationFilter.doFilter(ObservationFilterChainDecorator.java:227)
	at org.springframework.security.web.ObservationFilterChainDecorator$VirtualFilterChain.doFilter(ObservationFilterChainDecorator.java:137)
	at org.springframework.security.web.authentication.logout.LogoutFilter.doFilter(LogoutFilter.java:107)
	at org.springframework.security.web.authentication.logout.LogoutFilter.doFilter(LogoutFilter.java:93)
	at org.springframework.security.web.ObservationFilterChainDecorator$ObservationFilter.wrapFilter(ObservationFilterChainDecorator.java:240)
	at org.springframework.security.web.ObservationFilterChainDecorator$ObservationFilter.doFilter(ObservationFilterChainDecorator.java:227)
	at org.springframework.security.web.ObservationFilterChainDecorator$VirtualFilterChain.doFilter(ObservationFilterChainDecorator.java:137)
	at org.springframework.web.filter.CorsFilter.doFilterInternal(CorsFilter.java:91)
	at org.springframework.web.filter.OncePerRequestFilter.doFilter(OncePerRequestFilter.java:116)
	at org.springframework.security.web.ObservationFilterChainDecorator$ObservationFilter.wrapFilter(ObservationFilterChainDecorator.java:240)
	at org.springframework.security.web.ObservationFilterChainDecorator$ObservationFilter.doFilter(ObservationFilterChainDecorator.java:227)
	at org.springframework.security.web.ObservationFilterChainDecorator$VirtualFilterChain.doFilter(ObservationFilterChainDecorator.java:137)
	at org.springframework.security.web.header.HeaderWriterFilter.doHeadersAfter(HeaderWriterFilter.java:90)
	at org.springframework.security.web.header.HeaderWriterFilter.doFilterInternal(HeaderWriterFilter.java:75)
	at org.springframework.web.filter.OncePerRequestFilter.doFilter(OncePerRequestFilter.java:116)
	at org.springframework.security.web.ObservationFilterChainDecorator$ObservationFilter.wrapFilter(ObservationFilterChainDecorator.java:240)
	at org.springframework.security.web.ObservationFilterChainDecorator$ObservationFilter.doFilter(ObservationFilterChainDecorator.java:227)
	at org.springframework.security.web.ObservationFilterChainDecorator$VirtualFilterChain.doFilter(ObservationFilterChainDecorator.java:137)
	at org.springframework.security.web.context.SecurityContextHolderFilter.doFilter(SecurityContextHolderFilter.java:82)
	at org.springframework.security.web.context.SecurityContextHolderFilter.doFilter(SecurityContextHolderFilter.java:69)
	at org.springframework.security.web.ObservationFilterChainDecorator$ObservationFilter.wrapFilter(ObservationFilterChainDecorator.java:240)
	at org.springframework.security.web.ObservationFilterChainDecorator$ObservationFilter.doFilter(ObservationFilterChainDecorator.java:227)
	at org.springframework.security.web.ObservationFilterChainDecorator$VirtualFilterChain.doFilter(ObservationFilterChainDecorator.java:137)
	at org.springframework.security.web.context.request.async.WebAsyncManagerIntegrationFilter.doFilterInternal(WebAsyncManagerIntegrationFilter.java:62)
	at org.springframework.web.filter.OncePerRequestFilter.doFilter(OncePerRequestFilter.java:116)
	at org.springframework.security.web.ObservationFilterChainDecorator$ObservationFilter.wrapFilter(ObservationFilterChainDecorator.java:240)
	at org.springframework.security.web.ObservationFilterChainDecorator$ObservationFilter.doFilter(ObservationFilterChainDecorator.java:227)
	at org.springframework.security.web.ObservationFilterChainDecorator$VirtualFilterChain.doFilter(ObservationFilterChainDecorator.java:137)
	at org.springframework.security.web.session.DisableEncodeUrlFilter.doFilterInternal(DisableEncodeUrlFilter.java:42)
	at org.springframework.web.filter.OncePerRequestFilter.doFilter(OncePerRequestFilter.java:116)
	at org.springframework.security.web.ObservationFilterChainDecorator$ObservationFilter.wrapFilter(ObservationFilterChainDecorator.java:240)
	at org.springframework.security.web.ObservationFilterChainDecorator$AroundFilterObservation$SimpleAroundFilterObservation.lambda$wrap$0(ObservationFilterChainDecorator.java:323)
	at org.springframework.security.web.ObservationFilterChainDecorator$ObservationFilter.doFilter(ObservationFilterChainDecorator.java:224)
	at org.springframework.security.web.ObservationFilterChainDecorator$VirtualFilterChain.doFilter(ObservationFilterChainDecorator.java:137)
	at org.springframework.security.web.FilterChainProxy.doFilterInternal(FilterChainProxy.java:233)
	at org.springframework.security.web.FilterChainProxy.doFilter(FilterChainProxy.java:191)
	at org.springframework.web.filter.CompositeFilter$VirtualFilterChain.doFilter(CompositeFilter.java:113)
	at org.springframework.web.servlet.handler.HandlerMappingIntrospector.lambda$createCacheFilter$3(HandlerMappingIntrospector.java:243)
	at org.springframework.web.filter.CompositeFilter$VirtualFilterChain.doFilter(CompositeFilter.java:113)
	at org.springframework.web.filter.CompositeFilter.doFilter(CompositeFilter.java:74)
	at org.springframework.security.config.annotation.web.configuration.WebMvcSecurityConfiguration$CompositeFilterChainProxy.doFilter(WebMvcSecurityConfiguration.java:238)
	at org.springframework.web.filter.DelegatingFilterProxy.invokeDelegate(DelegatingFilterProxy.java:362)
	at org.springframework.web.filter.DelegatingFilterProxy.doFilter(DelegatingFilterProxy.java:278)
	at org.apache.catalina.core.ApplicationFilterChain.internalDoFilter(ApplicationFilterChain.java:164)
	at org.apache.catalina.core.ApplicationFilterChain.doFilter(ApplicationFilterChain.java:140)
	at org.springframework.web.filter.RequestContextFilter.doFilterInternal(RequestContextFilter.java:100)
	at org.springframework.web.filter.OncePerRequestFilter.doFilter(OncePerRequestFilter.java:116)
	at org.apache.catalina.core.ApplicationFilterChain.internalDoFilter(ApplicationFilterChain.java:164)
	at org.apache.catalina.core.ApplicationFilterChain.doFilter(ApplicationFilterChain.java:140)
	at org.springframework.web.filter.FormContentFilter.doFilterInternal(FormContentFilter.java:93)
	at org.springframework.web.filter.OncePerRequestFilter.doFilter(OncePerRequestFilter.java:116)
	at org.apache.catalina.core.ApplicationFilterChain.internalDoFilter(ApplicationFilterChain.java:164)
	at org.apache.catalina.core.ApplicationFilterChain.doFilter(ApplicationFilterChain.java:140)
	at org.springframework.web.filter.ServerHttpObservationFilter.doFilterInternal(ServerHttpObservationFilter.java:114)
	at org.springframework.web.filter.OncePerRequestFilter.doFilter(OncePerRequestFilter.java:116)
	at org.apache.catalina.core.ApplicationFilterChain.internalDoFilter(ApplicationFilterChain.java:164)
	at org.apache.catalina.core.ApplicationFilterChain.doFilter(ApplicationFilterChain.java:140)
	at org.springframework.web.filter.CharacterEncodingFilter.doFilterInternal(CharacterEncodingFilter.java:201)
	at org.springframework.web.filter.OncePerRequestFilter.doFilter(OncePerRequestFilter.java:116)
	at org.apache.catalina.core.ApplicationFilterChain.internalDoFilter(ApplicationFilterChain.java:164)
	at org.apache.catalina.core.ApplicationFilterChain.doFilter(ApplicationFilterChain.java:140)
	at org.apache.catalina.core.StandardWrapperValve.invoke(StandardWrapperValve.java:167)
	at org.apache.catalina.core.StandardContextValve.invoke(StandardContextValve.java:90)
	at org.apache.catalina.authenticator.AuthenticatorBase.invoke(AuthenticatorBase.java:483)
	at org.apache.catalina.core.StandardHostValve.invoke(StandardHostValve.java:115)
	at org.apache.catalina.valves.ErrorReportValve.invoke(ErrorReportValve.java:93)
	at org.apache.catalina.core.StandardEngineValve.invoke(StandardEngineValve.java:74)
	at org.apache.catalina.connector.CoyoteAdapter.service(CoyoteAdapter.java:344)
	at org.apache.coyote.http11.Http11Processor.service(Http11Processor.java:397)
	at org.apache.coyote.AbstractProcessorLight.process(AbstractProcessorLight.java:63)
	at org.apache.coyote.AbstractProtocol$ConnectionHandler.process(AbstractProtocol.java:905)
	at org.apache.tomcat.util.net.NioEndpoint$SocketProcessor.doRun(NioEndpoint.java:1741)
	at org.apache.tomcat.util.net.SocketProcessorBase.run(SocketProcessorBase.java:52)
	at org.apache.tomcat.util.threads.ThreadPoolExecutor.runWorker(ThreadPoolExecutor.java:1190)
	at org.apache.tomcat.util.threads.ThreadPoolExecutor$Worker.run(ThreadPoolExecutor.java:659)
	at org.apache.tomcat.util.threads.TaskThread$WrappingRunnable.run(TaskThread.java:63)
	at java.base/java.lang.Thread.run(Thread.java:1583)
Caused by: io.jsonwebtoken.ExpiredJwtException: JWT expired at 2026-03-14T05:42:39Z. Current time: 2026-03-17T07:08:43Z, a difference of 264364294 milliseconds.  Allowed clock skew: 0 milliseconds.
	at io.jsonwebtoken.impl.DefaultJwtParser.parse(DefaultJwtParser.java:427)
	at io.jsonwebtoken.impl.DefaultJwtParser.parse(DefaultJwtParser.java:529)
	at io.jsonwebtoken.impl.DefaultJwtParser.parseClaimsJws(DefaultJwtParser.java:589)
	at io.jsonwebtoken.impl.ImmutableJwtParser.parseClaimsJws(ImmutableJwtParser.java:173)
	at com.rkt.dms.jwt.utilis.JwtUtil.extractAllClaims(JwtUtil.java:98)
	at com.rkt.dms.jwt.utilis.JwtUtil.isTokenExpired(JwtUtil.java:110)
	at com.rkt.dms.jwt.utilis.JwtUtil.validateToken(JwtUtil.java:105)
	at com.rkt.dms.jwt.filter.JwtFilter.doFilterInternal(JwtFilter.java:50)
	... 84 common frames omitted
2026-03-17 12:42:32.190 [background-preinit] INFO  o.h.validator.internal.util.Version [] - HV000001: Hibernate Validator 8.0.2.Final
2026-03-17 12:42:32.434 [main] INFO  com.rkt.dms.DmsApplication [] - Starting DmsApplication using Java 21.0.8 with PID 24760 (C:\Users\shashi.rai\Desktop\Projects\DMS\DMS-Backend\target\classes started by shashi.rai in C:\Users\shashi.rai\Desktop\Projects\DMS\DMS-Backend)
2026-03-17 12:42:32.437 [main] INFO  com.rkt.dms.DmsApplication [] - The following 1 profile is active: "dev"
2026-03-17 12:42:34.673 [main] INFO  o.s.d.r.c.RepositoryConfigurationDelegate [] - Bootstrapping Spring Data JPA repositories in DEFAULT mode.
2026-03-17 12:42:35.011 [main] INFO  o.s.d.r.c.RepositoryConfigurationDelegate [] - Finished Spring Data repository scanning in 311 ms. Found 18 JPA repository interfaces.
2026-03-17 12:42:36.847 [main] INFO  o.s.b.w.e.tomcat.TomcatWebServer [] - Tomcat initialized with port 8082 (http)
2026-03-17 12:42:36.882 [main] INFO  o.a.coyote.http11.Http11NioProtocol [] - Initializing ProtocolHandler ["http-nio-8082"]
2026-03-17 12:42:36.887 [main] INFO  o.a.catalina.core.StandardService [] - Starting service [Tomcat]
2026-03-17 12:42:36.888 [main] INFO  o.a.catalina.core.StandardEngine [] - Starting Servlet engine: [Apache Tomcat/10.1.34]
2026-03-17 12:42:37.010 [main] INFO  o.a.c.c.C.[Tomcat].[localhost].[/] [] - Initializing Spring embedded WebApplicationContext
2026-03-17 12:42:37.011 [main] INFO  o.s.b.w.s.c.ServletWebServerApplicationContext [] - Root WebApplicationContext: initialization completed in 4452 ms
2026-03-17 12:42:37.596 [main] INFO  o.h.jpa.internal.util.LogHelper [] - HHH000204: Processing PersistenceUnitInfo [name: default]
2026-03-17 12:42:37.679 [main] INFO  org.hibernate.Version [] - HHH000412: Hibernate ORM core version 6.6.4.Final
2026-03-17 12:42:37.741 [main] INFO  o.h.c.i.RegionFactoryInitiator [] - HHH000026: Second-level cache disabled
2026-03-17 12:42:38.178 [main] INFO  o.s.o.j.p.SpringPersistenceUnitInfo [] - No LoadTimeWeaver setup: ignoring JPA class transformer
2026-03-17 12:42:38.235 [main] INFO  com.zaxxer.hikari.HikariDataSource [] - HikariPool-1 - Starting...
2026-03-17 12:42:41.072 [main] INFO  com.zaxxer.hikari.pool.HikariPool [] - HikariPool-1 - Added connection com.mysql.cj.jdbc.ConnectionImpl@6f651ac
2026-03-17 12:42:41.074 [main] INFO  com.zaxxer.hikari.HikariDataSource [] - HikariPool-1 - Start completed.
2026-03-17 12:42:41.138 [main] WARN  org.hibernate.orm.deprecation [] - HHH90000025: MySQLDialect does not need to be specified explicitly using 'hibernate.dialect' (remove the property setting and it will be selected by default)
2026-03-17 12:42:41.155 [main] INFO  o.hibernate.orm.connections.pooling [] - HHH10001005: Database info:
	Database JDBC URL [Connecting through datasource 'HikariDataSource (HikariPool-1)']
	Database driver: undefined/unknown
	Database version: 8.0.33
	Autocommit mode: undefined/unknown
	Isolation level: undefined/unknown
	Minimum pool size: undefined/unknown
	Maximum pool size: undefined/unknown
2026-03-17 12:42:43.083 [main] INFO  o.h.e.t.j.p.i.JtaPlatformInitiator [] - HHH000489: No JTA platform available (set 'hibernate.transaction.jta.platform' to enable JTA platform integration)
2026-03-17 12:42:43.472 [main] INFO  o.s.o.j.LocalContainerEntityManagerFactoryBean [] - Initialized JPA EntityManagerFactory for persistence unit 'default'
2026-03-17 12:42:44.013 [main] INFO  o.s.d.j.r.query.QueryEnhancerFactory [] - Hibernate is in classpath; If applicable, HQL parser will be used.
2026-03-17 12:42:46.947 [main] INFO  o.s.s.c.a.a.c.InitializeUserDetailsBeanManagerConfigurer$InitializeUserDetailsManagerConfigurer [] - Global AuthenticationManager configured with UserDetailsService bean with name userDetailsServiceImpl
2026-03-17 12:42:47.132 [main] WARN  o.s.b.a.o.j.JpaBaseConfiguration$JpaWebConfiguration [] - spring.jpa.open-in-view is enabled by default. Therefore, database queries may be performed during view rendering. Explicitly configure spring.jpa.open-in-view to disable this warning
2026-03-17 12:42:47.956 [main] INFO  o.s.b.a.e.web.EndpointLinksResolver [] - Exposing 3 endpoints beneath base path '/actuator'
2026-03-17 12:42:49.120 [main] INFO  o.a.coyote.http11.Http11NioProtocol [] - Starting ProtocolHandler ["http-nio-8082"]
2026-03-17 12:42:49.169 [main] INFO  o.s.b.w.e.tomcat.TomcatWebServer [] - Tomcat started on port 8082 (http) with context path '/'
2026-03-17 12:42:49.198 [main] INFO  com.rkt.dms.DmsApplication [] - Started DmsApplication in 17.676 seconds (process running for 19.025)
2026-03-17 12:43:01.796 [http-nio-8082-exec-1] INFO  o.a.c.c.C.[Tomcat].[localhost].[/] [] - Initializing Spring DispatcherServlet 'dispatcherServlet'
2026-03-17 12:43:01.799 [http-nio-8082-exec-1] INFO  o.s.web.servlet.DispatcherServlet [] - Initializing Servlet 'dispatcherServlet'
2026-03-17 12:43:01.805 [http-nio-8082-exec-1] INFO  o.s.web.servlet.DispatcherServlet [] - Completed initialization in 3 ms
2026-03-17 12:43:29.430 [background-preinit] INFO  o.h.validator.internal.util.Version [] - HV000001: Hibernate Validator 8.0.2.Final
2026-03-17 12:43:29.526 [main] INFO  com.rkt.dms.DmsApplication [] - Starting DmsApplication using Java 21.0.8 with PID 5660 (C:\Users\shashi.rai\Desktop\Projects\DMS\DMS-Backend\target\classes started by shashi.rai in C:\Users\shashi.rai\Desktop\Projects\DMS\DMS-Backend)
2026-03-17 12:43:29.529 [main] INFO  com.rkt.dms.DmsApplication [] - The following 1 profile is active: "dev"
2026-03-17 12:43:31.532 [main] INFO  o.s.d.r.c.RepositoryConfigurationDelegate [] - Bootstrapping Spring Data JPA repositories in DEFAULT mode.
2026-03-17 12:43:31.767 [main] INFO  o.s.d.r.c.RepositoryConfigurationDelegate [] - Finished Spring Data repository scanning in 223 ms. Found 18 JPA repository interfaces.
2026-03-17 12:43:33.337 [main] INFO  o.s.b.w.e.tomcat.TomcatWebServer [] - Tomcat initialized with port 8082 (http)
2026-03-17 12:43:33.355 [main] INFO  o.a.coyote.http11.Http11NioProtocol [] - Initializing ProtocolHandler ["http-nio-8082"]
2026-03-17 12:43:33.362 [main] INFO  o.a.catalina.core.StandardService [] - Starting service [Tomcat]
2026-03-17 12:43:33.363 [main] INFO  o.a.catalina.core.StandardEngine [] - Starting Servlet engine: [Apache Tomcat/10.1.34]
2026-03-17 12:43:33.461 [main] INFO  o.a.c.c.C.[Tomcat].[localhost].[/] [] - Initializing Spring embedded WebApplicationContext
2026-03-17 12:43:33.462 [main] INFO  o.s.b.w.s.c.ServletWebServerApplicationContext [] - Root WebApplicationContext: initialization completed in 3851 ms
2026-03-17 12:43:34.067 [main] INFO  o.h.jpa.internal.util.LogHelper [] - HHH000204: Processing PersistenceUnitInfo [name: default]
2026-03-17 12:43:34.154 [main] INFO  org.hibernate.Version [] - HHH000412: Hibernate ORM core version 6.6.4.Final
2026-03-17 12:43:34.206 [main] INFO  o.h.c.i.RegionFactoryInitiator [] - HHH000026: Second-level cache disabled
2026-03-17 12:43:34.567 [main] INFO  o.s.o.j.p.SpringPersistenceUnitInfo [] - No LoadTimeWeaver setup: ignoring JPA class transformer
2026-03-17 12:43:34.618 [main] INFO  com.zaxxer.hikari.HikariDataSource [] - HikariPool-1 - Starting...
2026-03-17 12:43:37.281 [main] INFO  com.zaxxer.hikari.pool.HikariPool [] - HikariPool-1 - Added connection com.mysql.cj.jdbc.ConnectionImpl@4ac77269
2026-03-17 12:43:37.284 [main] INFO  com.zaxxer.hikari.HikariDataSource [] - HikariPool-1 - Start completed.
2026-03-17 12:43:37.372 [main] WARN  org.hibernate.orm.deprecation [] - HHH90000025: MySQLDialect does not need to be specified explicitly using 'hibernate.dialect' (remove the property setting and it will be selected by default)
2026-03-17 12:43:37.403 [main] INFO  o.hibernate.orm.connections.pooling [] - HHH10001005: Database info:
	Database JDBC URL [Connecting through datasource 'HikariDataSource (HikariPool-1)']
	Database driver: undefined/unknown
	Database version: 8.0.33
	Autocommit mode: undefined/unknown
	Isolation level: undefined/unknown
	Minimum pool size: undefined/unknown
	Maximum pool size: undefined/unknown
2026-03-17 12:43:39.960 [main] INFO  o.h.e.t.j.p.i.JtaPlatformInitiator [] - HHH000489: No JTA platform available (set 'hibernate.transaction.jta.platform' to enable JTA platform integration)
2026-03-17 12:43:40.417 [main] INFO  o.s.o.j.LocalContainerEntityManagerFactoryBean [] - Initialized JPA EntityManagerFactory for persistence unit 'default'
2026-03-17 12:43:41.347 [main] INFO  o.s.d.j.r.query.QueryEnhancerFactory [] - Hibernate is in classpath; If applicable, HQL parser will be used.
2026-03-17 12:43:45.410 [main] INFO  o.s.s.c.a.a.c.InitializeUserDetailsBeanManagerConfigurer$InitializeUserDetailsManagerConfigurer [] - Global AuthenticationManager configured with UserDetailsService bean with name userDetailsServiceImpl
2026-03-17 12:43:45.677 [main] WARN  o.s.b.a.o.j.JpaBaseConfiguration$JpaWebConfiguration [] - spring.jpa.open-in-view is enabled by default. Therefore, database queries may be performed during view rendering. Explicitly configure spring.jpa.open-in-view to disable this warning
2026-03-17 12:43:46.692 [main] INFO  o.s.b.a.e.web.EndpointLinksResolver [] - Exposing 3 endpoints beneath base path '/actuator'
2026-03-17 12:43:48.072 [main] INFO  o.a.coyote.http11.Http11NioProtocol [] - Starting ProtocolHandler ["http-nio-8082"]
2026-03-17 12:43:48.119 [main] INFO  o.s.b.w.e.tomcat.TomcatWebServer [] - Tomcat started on port 8082 (http) with context path '/'
2026-03-17 12:43:48.154 [main] INFO  com.rkt.dms.DmsApplication [] - Started DmsApplication in 19.143 seconds (process running for 20.321)
2026-03-17 12:43:56.832 [http-nio-8082-exec-3] INFO  o.a.c.c.C.[Tomcat].[localhost].[/] [] - Initializing Spring DispatcherServlet 'dispatcherServlet'
2026-03-17 12:43:56.839 [http-nio-8082-exec-3] INFO  o.s.web.servlet.DispatcherServlet [] - Initializing Servlet 'dispatcherServlet'
2026-03-17 12:43:56.846 [http-nio-8082-exec-3] INFO  o.s.web.servlet.DispatcherServlet [] - Completed initialization in 3 ms
2026-03-17 12:46:28.165 [background-preinit] INFO  o.h.validator.internal.util.Version [] - HV000001: Hibernate Validator 8.0.2.Final
2026-03-17 12:46:28.251 [main] INFO  com.rkt.dms.DmsApplication [] - Starting DmsApplication using Java 21.0.8 with PID 31812 (C:\Users\shashi.rai\Desktop\Projects\DMS\DMS-Backend\target\classes started by shashi.rai in C:\Users\shashi.rai\Desktop\Projects\DMS\DMS-Backend)
2026-03-17 12:46:28.253 [main] INFO  com.rkt.dms.DmsApplication [] - The following 1 profile is active: "dev"
2026-03-17 12:46:30.395 [main] INFO  o.s.d.r.c.RepositoryConfigurationDelegate [] - Bootstrapping Spring Data JPA repositories in DEFAULT mode.
2026-03-17 12:46:30.658 [main] INFO  o.s.d.r.c.RepositoryConfigurationDelegate [] - Finished Spring Data repository scanning in 249 ms. Found 18 JPA repository interfaces.
2026-03-17 12:46:32.305 [main] INFO  o.s.b.w.e.tomcat.TomcatWebServer [] - Tomcat initialized with port 8082 (http)
2026-03-17 12:46:32.329 [main] INFO  o.a.coyote.http11.Http11NioProtocol [] - Initializing ProtocolHandler ["http-nio-8082"]
2026-03-17 12:46:32.336 [main] INFO  o.a.catalina.core.StandardService [] - Starting service [Tomcat]
2026-03-17 12:46:32.337 [main] INFO  o.a.catalina.core.StandardEngine [] - Starting Servlet engine: [Apache Tomcat/10.1.34]
2026-03-17 12:46:32.542 [main] INFO  o.a.c.c.C.[Tomcat].[localhost].[/] [] - Initializing Spring embedded WebApplicationContext
2026-03-17 12:46:32.543 [main] INFO  o.s.b.w.s.c.ServletWebServerApplicationContext [] - Root WebApplicationContext: initialization completed in 4207 ms
2026-03-17 12:46:33.193 [main] INFO  o.h.jpa.internal.util.LogHelper [] - HHH000204: Processing PersistenceUnitInfo [name: default]
2026-03-17 12:46:33.330 [main] INFO  org.hibernate.Version [] - HHH000412: Hibernate ORM core version 6.6.4.Final
2026-03-17 12:46:33.396 [main] INFO  o.h.c.i.RegionFactoryInitiator [] - HHH000026: Second-level cache disabled
2026-03-17 12:46:33.903 [main] INFO  o.s.o.j.p.SpringPersistenceUnitInfo [] - No LoadTimeWeaver setup: ignoring JPA class transformer
2026-03-17 12:46:33.964 [main] INFO  com.zaxxer.hikari.HikariDataSource [] - HikariPool-1 - Starting...
2026-03-17 12:46:36.790 [main] INFO  com.zaxxer.hikari.pool.HikariPool [] - HikariPool-1 - Added connection com.mysql.cj.jdbc.ConnectionImpl@e296794
2026-03-17 12:46:36.793 [main] INFO  com.zaxxer.hikari.HikariDataSource [] - HikariPool-1 - Start completed.
2026-03-17 12:46:36.860 [main] WARN  org.hibernate.orm.deprecation [] - HHH90000025: MySQLDialect does not need to be specified explicitly using 'hibernate.dialect' (remove the property setting and it will be selected by default)
2026-03-17 12:46:36.881 [main] INFO  o.hibernate.orm.connections.pooling [] - HHH10001005: Database info:
	Database JDBC URL [Connecting through datasource 'HikariDataSource (HikariPool-1)']
	Database driver: undefined/unknown
	Database version: 8.0.33
	Autocommit mode: undefined/unknown
	Isolation level: undefined/unknown
	Minimum pool size: undefined/unknown
	Maximum pool size: undefined/unknown
2026-03-17 12:46:38.738 [main] INFO  o.h.e.t.j.p.i.JtaPlatformInitiator [] - HHH000489: No JTA platform available (set 'hibernate.transaction.jta.platform' to enable JTA platform integration)
2026-03-17 12:46:39.154 [main] INFO  o.s.o.j.LocalContainerEntityManagerFactoryBean [] - Initialized JPA EntityManagerFactory for persistence unit 'default'
2026-03-17 12:46:39.767 [main] INFO  o.s.d.j.r.query.QueryEnhancerFactory [] - Hibernate is in classpath; If applicable, HQL parser will be used.
2026-03-17 12:46:43.253 [main] INFO  o.s.s.c.a.a.c.InitializeUserDetailsBeanManagerConfigurer$InitializeUserDetailsManagerConfigurer [] - Global AuthenticationManager configured with UserDetailsService bean with name userDetailsServiceImpl
2026-03-17 12:46:43.462 [main] WARN  o.s.b.a.o.j.JpaBaseConfiguration$JpaWebConfiguration [] - spring.jpa.open-in-view is enabled by default. Therefore, database queries may be performed during view rendering. Explicitly configure spring.jpa.open-in-view to disable this warning
2026-03-17 12:46:44.379 [main] INFO  o.s.b.a.e.web.EndpointLinksResolver [] - Exposing 3 endpoints beneath base path '/actuator'
2026-03-17 12:46:45.856 [main] INFO  o.a.coyote.http11.Http11NioProtocol [] - Starting ProtocolHandler ["http-nio-8082"]
2026-03-17 12:46:45.967 [main] INFO  o.s.b.w.e.tomcat.TomcatWebServer [] - Tomcat started on port 8082 (http) with context path '/'
2026-03-17 12:46:46.095 [main] INFO  com.rkt.dms.DmsApplication [] - Started DmsApplication in 18.375 seconds (process running for 19.25)
2026-03-17 12:46:49.003 [http-nio-8082-exec-1] INFO  o.a.c.c.C.[Tomcat].[localhost].[/] [] - Initializing Spring DispatcherServlet 'dispatcherServlet'
2026-03-17 12:46:49.004 [http-nio-8082-exec-1] INFO  o.s.web.servlet.DispatcherServlet [] - Initializing Servlet 'dispatcherServlet'
2026-03-17 12:46:49.010 [http-nio-8082-exec-1] INFO  o.s.web.servlet.DispatcherServlet [] - Completed initialization in 2 ms
2026-03-17 12:49:52.719 [http-nio-8082-exec-2] WARN  o.s.w.s.m.s.DefaultHandlerExceptionResolver [3eb9ba51-3cb9-49a8-892f-bda6e3c2d7b8] - Resolved [org.springframework.web.bind.MissingServletRequestParameterException: Required request parameter 'documentId' for method parameter type Long is not present]
2026-03-17 12:51:25.951 [background-preinit] INFO  o.h.validator.internal.util.Version [] - HV000001: Hibernate Validator 8.0.2.Final
2026-03-17 12:51:26.022 [main] INFO  com.rkt.dms.DmsApplication [] - Starting DmsApplication using Java 21.0.8 with PID 12244 (C:\Users\shashi.rai\Desktop\Projects\DMS\DMS-Backend\target\classes started by shashi.rai in C:\Users\shashi.rai\Desktop\Projects\DMS\DMS-Backend)
2026-03-17 12:51:26.024 [main] INFO  com.rkt.dms.DmsApplication [] - The following 1 profile is active: "dev"
2026-03-17 12:51:27.704 [main] INFO  o.s.d.r.c.RepositoryConfigurationDelegate [] - Bootstrapping Spring Data JPA repositories in DEFAULT mode.
2026-03-17 12:51:27.923 [main] INFO  o.s.d.r.c.RepositoryConfigurationDelegate [] - Finished Spring Data repository scanning in 205 ms. Found 18 JPA repository interfaces.
2026-03-17 12:51:29.384 [main] INFO  o.s.b.w.e.tomcat.TomcatWebServer [] - Tomcat initialized with port 8082 (http)
2026-03-17 12:51:29.408 [main] INFO  o.a.coyote.http11.Http11NioProtocol [] - Initializing ProtocolHandler ["http-nio-8082"]
2026-03-17 12:51:29.412 [main] INFO  o.a.catalina.core.StandardService [] - Starting service [Tomcat]
2026-03-17 12:51:29.413 [main] INFO  o.a.catalina.core.StandardEngine [] - Starting Servlet engine: [Apache Tomcat/10.1.34]
2026-03-17 12:51:29.534 [main] INFO  o.a.c.c.C.[Tomcat].[localhost].[/] [] - Initializing Spring embedded WebApplicationContext
2026-03-17 12:51:29.535 [main] INFO  o.s.b.w.s.c.ServletWebServerApplicationContext [] - Root WebApplicationContext: initialization completed in 3435 ms
2026-03-17 12:51:30.097 [main] INFO  o.h.jpa.internal.util.LogHelper [] - HHH000204: Processing PersistenceUnitInfo [name: default]
2026-03-17 12:51:30.179 [main] INFO  org.hibernate.Version [] - HHH000412: Hibernate ORM core version 6.6.4.Final
2026-03-17 12:51:30.230 [main] INFO  o.h.c.i.RegionFactoryInitiator [] - HHH000026: Second-level cache disabled
2026-03-17 12:51:30.657 [main] INFO  o.s.o.j.p.SpringPersistenceUnitInfo [] - No LoadTimeWeaver setup: ignoring JPA class transformer
2026-03-17 12:51:30.711 [main] INFO  com.zaxxer.hikari.HikariDataSource [] - HikariPool-1 - Starting...
2026-03-17 12:51:33.564 [main] INFO  com.zaxxer.hikari.pool.HikariPool [] - HikariPool-1 - Added connection com.mysql.cj.jdbc.ConnectionImpl@47c15468
2026-03-17 12:51:33.568 [main] INFO  com.zaxxer.hikari.HikariDataSource [] - HikariPool-1 - Start completed.
2026-03-17 12:51:33.634 [main] WARN  org.hibernate.orm.deprecation [] - HHH90000025: MySQLDialect does not need to be specified explicitly using 'hibernate.dialect' (remove the property setting and it will be selected by default)
2026-03-17 12:51:33.652 [main] INFO  o.hibernate.orm.connections.pooling [] - HHH10001005: Database info:
	Database JDBC URL [Connecting through datasource 'HikariDataSource (HikariPool-1)']
	Database driver: undefined/unknown
	Database version: 8.0.33
	Autocommit mode: undefined/unknown
	Isolation level: undefined/unknown
	Minimum pool size: undefined/unknown
	Maximum pool size: undefined/unknown
2026-03-17 12:51:35.287 [main] INFO  o.h.e.t.j.p.i.JtaPlatformInitiator [] - HHH000489: No JTA platform available (set 'hibernate.transaction.jta.platform' to enable JTA platform integration)
2026-03-17 12:51:35.811 [main] INFO  o.s.o.j.LocalContainerEntityManagerFactoryBean [] - Initialized JPA EntityManagerFactory for persistence unit 'default'
2026-03-17 12:51:36.328 [main] INFO  o.s.d.j.r.query.QueryEnhancerFactory [] - Hibernate is in classpath; If applicable, HQL parser will be used.
2026-03-17 12:51:39.182 [main] INFO  o.s.s.c.a.a.c.InitializeUserDetailsBeanManagerConfigurer$InitializeUserDetailsManagerConfigurer [] - Global AuthenticationManager configured with UserDetailsService bean with name userDetailsServiceImpl
2026-03-17 12:51:39.339 [main] WARN  o.s.b.a.o.j.JpaBaseConfiguration$JpaWebConfiguration [] - spring.jpa.open-in-view is enabled by default. Therefore, database queries may be performed during view rendering. Explicitly configure spring.jpa.open-in-view to disable this warning
2026-03-17 12:51:40.210 [main] INFO  o.s.b.a.e.web.EndpointLinksResolver [] - Exposing 3 endpoints beneath base path '/actuator'
2026-03-17 12:51:41.454 [main] INFO  o.a.coyote.http11.Http11NioProtocol [] - Starting ProtocolHandler ["http-nio-8082"]
2026-03-17 12:51:41.506 [main] INFO  o.s.b.w.e.tomcat.TomcatWebServer [] - Tomcat started on port 8082 (http) with context path '/'
2026-03-17 12:51:41.535 [main] INFO  com.rkt.dms.DmsApplication [] - Started DmsApplication in 16.068 seconds (process running for 16.854)
2026-03-17 12:51:52.704 [http-nio-8082-exec-1] INFO  o.a.c.c.C.[Tomcat].[localhost].[/] [] - Initializing Spring DispatcherServlet 'dispatcherServlet'
2026-03-17 12:51:52.705 [http-nio-8082-exec-1] INFO  o.s.web.servlet.DispatcherServlet [] - Initializing Servlet 'dispatcherServlet'
2026-03-17 12:51:52.708 [http-nio-8082-exec-1] INFO  o.s.web.servlet.DispatcherServlet [] - Completed initialization in 2 ms
2026-03-17 12:51:53.044 [http-nio-8082-exec-1] WARN  o.s.w.s.m.s.DefaultHandlerExceptionResolver [33bf00fb-1760-4f1a-92a0-2dce01faa14a] - Resolved [org.springframework.web.bind.MissingServletRequestParameterException: Required request parameter 'documentId' for method parameter type Long is not present]
2026-03-17 12:52:30.324 [background-preinit] INFO  o.h.validator.internal.util.Version [] - HV000001: Hibernate Validator 8.0.2.Final
2026-03-17 12:52:30.415 [main] INFO  com.rkt.dms.DmsApplication [] - Starting DmsApplication using Java 21.0.8 with PID 18124 (C:\Users\shashi.rai\Desktop\Projects\DMS\DMS-Backend\target\classes started by shashi.rai in C:\Users\shashi.rai\Desktop\Projects\DMS\DMS-Backend)
2026-03-17 12:52:30.416 [main] INFO  com.rkt.dms.DmsApplication [] - The following 1 profile is active: "dev"
2026-03-17 12:52:32.209 [main] INFO  o.s.d.r.c.RepositoryConfigurationDelegate [] - Bootstrapping Spring Data JPA repositories in DEFAULT mode.
2026-03-17 12:52:32.450 [main] INFO  o.s.d.r.c.RepositoryConfigurationDelegate [] - Finished Spring Data repository scanning in 229 ms. Found 18 JPA repository interfaces.
2026-03-17 12:52:33.971 [main] INFO  o.s.b.w.e.tomcat.TomcatWebServer [] - Tomcat initialized with port 8082 (http)
2026-03-17 12:52:33.996 [main] INFO  o.a.coyote.http11.Http11NioProtocol [] - Initializing ProtocolHandler ["http-nio-8082"]
2026-03-17 12:52:34.000 [main] INFO  o.a.catalina.core.StandardService [] - Starting service [Tomcat]
2026-03-17 12:52:34.001 [main] INFO  o.a.catalina.core.StandardEngine [] - Starting Servlet engine: [Apache Tomcat/10.1.34]
2026-03-17 12:52:34.102 [main] INFO  o.a.c.c.C.[Tomcat].[localhost].[/] [] - Initializing Spring embedded WebApplicationContext
2026-03-17 12:52:34.103 [main] INFO  o.s.b.w.s.c.ServletWebServerApplicationContext [] - Root WebApplicationContext: initialization completed in 3610 ms
2026-03-17 12:52:34.847 [main] INFO  o.h.jpa.internal.util.LogHelper [] - HHH000204: Processing PersistenceUnitInfo [name: default]
2026-03-17 12:52:34.966 [main] INFO  org.hibernate.Version [] - HHH000412: Hibernate ORM core version 6.6.4.Final
2026-03-17 12:52:35.023 [main] INFO  o.h.c.i.RegionFactoryInitiator [] - HHH000026: Second-level cache disabled
2026-03-17 12:52:35.712 [main] INFO  o.s.o.j.p.SpringPersistenceUnitInfo [] - No LoadTimeWeaver setup: ignoring JPA class transformer
2026-03-17 12:52:35.813 [main] INFO  com.zaxxer.hikari.HikariDataSource [] - HikariPool-1 - Starting...
2026-03-17 12:52:38.693 [main] INFO  com.zaxxer.hikari.pool.HikariPool [] - HikariPool-1 - Added connection com.mysql.cj.jdbc.ConnectionImpl@2a79da3a
2026-03-17 12:52:38.695 [main] INFO  com.zaxxer.hikari.HikariDataSource [] - HikariPool-1 - Start completed.
2026-03-17 12:52:38.780 [main] WARN  org.hibernate.orm.deprecation [] - HHH90000025: MySQLDialect does not need to be specified explicitly using 'hibernate.dialect' (remove the property setting and it will be selected by default)
2026-03-17 12:52:38.804 [main] INFO  o.hibernate.orm.connections.pooling [] - HHH10001005: Database info:
	Database JDBC URL [Connecting through datasource 'HikariDataSource (HikariPool-1)']
	Database driver: undefined/unknown
	Database version: 8.0.33
	Autocommit mode: undefined/unknown
	Isolation level: undefined/unknown
	Minimum pool size: undefined/unknown
	Maximum pool size: undefined/unknown
2026-03-17 12:52:40.953 [main] INFO  o.h.e.t.j.p.i.JtaPlatformInitiator [] - HHH000489: No JTA platform available (set 'hibernate.transaction.jta.platform' to enable JTA platform integration)
2026-03-17 12:52:41.353 [main] INFO  o.s.o.j.LocalContainerEntityManagerFactoryBean [] - Initialized JPA EntityManagerFactory for persistence unit 'default'
2026-03-17 12:52:41.728 [main] INFO  o.s.d.j.r.query.QueryEnhancerFactory [] - Hibernate is in classpath; If applicable, HQL parser will be used.
2026-03-17 12:52:45.842 [main] INFO  o.s.s.c.a.a.c.InitializeUserDetailsBeanManagerConfigurer$InitializeUserDetailsManagerConfigurer [] - Global AuthenticationManager configured with UserDetailsService bean with name userDetailsServiceImpl
2026-03-17 12:52:48.625 [background-preinit] INFO  o.h.validator.internal.util.Version [] - HV000001: Hibernate Validator 8.0.2.Final
2026-03-17 12:52:48.736 [main] INFO  com.rkt.dms.DmsApplication [] - Starting DmsApplication using Java 21.0.8 with PID 31084 (C:\Users\shashi.rai\Desktop\Projects\DMS\DMS-Backend\target\classes started by shashi.rai in C:\Users\shashi.rai\Desktop\Projects\DMS\DMS-Backend)
2026-03-17 12:52:48.738 [main] INFO  com.rkt.dms.DmsApplication [] - The following 1 profile is active: "dev"
2026-03-17 12:52:51.601 [main] INFO  o.s.d.r.c.RepositoryConfigurationDelegate [] - Bootstrapping Spring Data JPA repositories in DEFAULT mode.
2026-03-17 12:52:52.263 [main] INFO  o.s.d.r.c.RepositoryConfigurationDelegate [] - Finished Spring Data repository scanning in 626 ms. Found 18 JPA repository interfaces.
2026-03-17 12:52:56.390 [background-preinit] INFO  o.h.validator.internal.util.Version [] - HV000001: Hibernate Validator 8.0.2.Final
2026-03-17 12:52:56.489 [main] INFO  com.rkt.dms.DmsApplication [] - Starting DmsApplication using Java 21.0.8 with PID 21024 (C:\Users\shashi.rai\Desktop\Projects\DMS\DMS-Backend\target\classes started by shashi.rai in C:\Users\shashi.rai\Desktop\Projects\DMS\DMS-Backend)
2026-03-17 12:52:56.491 [main] INFO  com.rkt.dms.DmsApplication [] - The following 1 profile is active: "dev"
2026-03-17 12:52:58.825 [main] INFO  o.s.d.r.c.RepositoryConfigurationDelegate [] - Bootstrapping Spring Data JPA repositories in DEFAULT mode.
2026-03-17 12:52:59.074 [main] INFO  o.s.d.r.c.RepositoryConfigurationDelegate [] - Finished Spring Data repository scanning in 233 ms. Found 18 JPA repository interfaces.
2026-03-17 12:53:00.864 [main] INFO  o.s.b.w.e.tomcat.TomcatWebServer [] - Tomcat initialized with port 8082 (http)
2026-03-17 12:53:00.909 [main] INFO  o.a.coyote.http11.Http11NioProtocol [] - Initializing ProtocolHandler ["http-nio-8082"]
2026-03-17 12:53:00.916 [main] INFO  o.a.catalina.core.StandardService [] - Starting service [Tomcat]
2026-03-17 12:53:00.917 [main] INFO  o.a.catalina.core.StandardEngine [] - Starting Servlet engine: [Apache Tomcat/10.1.34]
2026-03-17 12:53:01.048 [main] INFO  o.a.c.c.C.[Tomcat].[localhost].[/] [] - Initializing Spring embedded WebApplicationContext
2026-03-17 12:53:01.048 [main] INFO  o.s.b.w.s.c.ServletWebServerApplicationContext [] - Root WebApplicationContext: initialization completed in 4452 ms
2026-03-17 12:53:01.687 [main] INFO  o.h.jpa.internal.util.LogHelper [] - HHH000204: Processing PersistenceUnitInfo [name: default]
2026-03-17 12:53:01.804 [main] INFO  org.hibernate.Version [] - HHH000412: Hibernate ORM core version 6.6.4.Final
2026-03-17 12:53:01.878 [main] INFO  o.h.c.i.RegionFactoryInitiator [] - HHH000026: Second-level cache disabled
2026-03-17 12:53:02.420 [main] INFO  o.s.o.j.p.SpringPersistenceUnitInfo [] - No LoadTimeWeaver setup: ignoring JPA class transformer
2026-03-17 12:53:02.497 [main] INFO  com.zaxxer.hikari.HikariDataSource [] - HikariPool-1 - Starting...
2026-03-17 12:53:08.180 [main] INFO  com.zaxxer.hikari.pool.HikariPool [] - HikariPool-1 - Added connection com.mysql.cj.jdbc.ConnectionImpl@3a42145
2026-03-17 12:53:08.183 [main] INFO  com.zaxxer.hikari.HikariDataSource [] - HikariPool-1 - Start completed.
2026-03-17 12:53:08.256 [main] WARN  org.hibernate.orm.deprecation [] - HHH90000025: MySQLDialect does not need to be specified explicitly using 'hibernate.dialect' (remove the property setting and it will be selected by default)
2026-03-17 12:53:08.282 [main] INFO  o.hibernate.orm.connections.pooling [] - HHH10001005: Database info:
	Database JDBC URL [Connecting through datasource 'HikariDataSource (HikariPool-1)']
	Database driver: undefined/unknown
	Database version: 8.0.33
	Autocommit mode: undefined/unknown
	Isolation level: undefined/unknown
	Minimum pool size: undefined/unknown
	Maximum pool size: undefined/unknown
2026-03-17 12:53:10.291 [main] INFO  o.h.e.t.j.p.i.JtaPlatformInitiator [] - HHH000489: No JTA platform available (set 'hibernate.transaction.jta.platform' to enable JTA platform integration)
2026-03-17 12:53:10.728 [main] INFO  o.s.o.j.LocalContainerEntityManagerFactoryBean [] - Initialized JPA EntityManagerFactory for persistence unit 'default'
2026-03-17 12:53:11.127 [main] INFO  o.s.d.j.r.query.QueryEnhancerFactory [] - Hibernate is in classpath; If applicable, HQL parser will be used.
2026-03-17 12:53:13.829 [main] INFO  o.s.s.c.a.a.c.InitializeUserDetailsBeanManagerConfigurer$InitializeUserDetailsManagerConfigurer [] - Global AuthenticationManager configured with UserDetailsService bean with name userDetailsServiceImpl
2026-03-17 12:53:14.035 [main] WARN  o.s.b.a.o.j.JpaBaseConfiguration$JpaWebConfiguration [] - spring.jpa.open-in-view is enabled by default. Therefore, database queries may be performed during view rendering. Explicitly configure spring.jpa.open-in-view to disable this warning
2026-03-17 12:53:14.933 [main] INFO  o.s.b.a.e.web.EndpointLinksResolver [] - Exposing 3 endpoints beneath base path '/actuator'
2026-03-17 12:53:15.982 [main] INFO  o.a.coyote.http11.Http11NioProtocol [] - Starting ProtocolHandler ["http-nio-8082"]
2026-03-17 12:53:16.027 [main] INFO  o.s.b.w.e.tomcat.TomcatWebServer [] - Tomcat started on port 8082 (http) with context path '/'
2026-03-17 12:53:16.062 [main] INFO  com.rkt.dms.DmsApplication [] - Started DmsApplication in 20.433 seconds (process running for 21.599)
2026-03-17 12:53:19.780 [http-nio-8082-exec-1] INFO  o.a.c.c.C.[Tomcat].[localhost].[/] [] - Initializing Spring DispatcherServlet 'dispatcherServlet'
2026-03-17 12:53:19.781 [http-nio-8082-exec-1] INFO  o.s.web.servlet.DispatcherServlet [] - Initializing Servlet 'dispatcherServlet'
2026-03-17 12:53:19.784 [http-nio-8082-exec-1] INFO  o.s.web.servlet.DispatcherServlet [] - Completed initialization in 3 ms
2026-03-17 13:01:04.782 [background-preinit] INFO  o.h.validator.internal.util.Version [] - HV000001: Hibernate Validator 8.0.2.Final
2026-03-17 13:01:04.850 [main] INFO  com.rkt.dms.DmsApplication [] - Starting DmsApplication using Java 21.0.8 with PID 5884 (C:\Users\shashi.rai\Desktop\Projects\DMS\DMS-Backend\target\classes started by shashi.rai in C:\Users\shashi.rai\Desktop\Projects\DMS\DMS-Backend)
2026-03-17 13:01:04.852 [main] INFO  com.rkt.dms.DmsApplication [] - The following 1 profile is active: "dev"
2026-03-17 13:01:06.723 [main] INFO  o.s.d.r.c.RepositoryConfigurationDelegate [] - Bootstrapping Spring Data JPA repositories in DEFAULT mode.
2026-03-17 13:01:06.959 [main] INFO  o.s.d.r.c.RepositoryConfigurationDelegate [] - Finished Spring Data repository scanning in 222 ms. Found 18 JPA repository interfaces.
2026-03-17 13:01:08.750 [main] INFO  o.s.b.w.e.tomcat.TomcatWebServer [] - Tomcat initialized with port 8082 (http)
2026-03-17 13:01:08.807 [main] INFO  o.a.coyote.http11.Http11NioProtocol [] - Initializing ProtocolHandler ["http-nio-8082"]
2026-03-17 13:01:08.812 [main] INFO  o.a.catalina.core.StandardService [] - Starting service [Tomcat]
2026-03-17 13:01:08.814 [main] INFO  o.a.catalina.core.StandardEngine [] - Starting Servlet engine: [Apache Tomcat/10.1.34]
2026-03-17 13:01:08.954 [main] INFO  o.a.c.c.C.[Tomcat].[localhost].[/] [] - Initializing Spring embedded WebApplicationContext
2026-03-17 13:01:08.954 [main] INFO  o.s.b.w.s.c.ServletWebServerApplicationContext [] - Root WebApplicationContext: initialization completed in 4040 ms
2026-03-17 13:01:09.588 [main] INFO  o.h.jpa.internal.util.LogHelper [] - HHH000204: Processing PersistenceUnitInfo [name: default]
2026-03-17 13:01:09.674 [main] INFO  org.hibernate.Version [] - HHH000412: Hibernate ORM core version 6.6.4.Final
2026-03-17 13:01:09.733 [main] INFO  o.h.c.i.RegionFactoryInitiator [] - HHH000026: Second-level cache disabled
2026-03-17 13:01:10.160 [main] INFO  o.s.o.j.p.SpringPersistenceUnitInfo [] - No LoadTimeWeaver setup: ignoring JPA class transformer
2026-03-17 13:01:10.242 [main] INFO  com.zaxxer.hikari.HikariDataSource [] - HikariPool-1 - Starting...
2026-03-17 13:01:12.904 [main] INFO  com.zaxxer.hikari.pool.HikariPool [] - HikariPool-1 - Added connection com.mysql.cj.jdbc.ConnectionImpl@e296794
2026-03-17 13:01:12.908 [main] INFO  com.zaxxer.hikari.HikariDataSource [] - HikariPool-1 - Start completed.
2026-03-17 13:01:13.016 [main] WARN  org.hibernate.orm.deprecation [] - HHH90000025: MySQLDialect does not need to be specified explicitly using 'hibernate.dialect' (remove the property setting and it will be selected by default)
2026-03-17 13:01:13.042 [main] INFO  o.hibernate.orm.connections.pooling [] - HHH10001005: Database info:
	Database JDBC URL [Connecting through datasource 'HikariDataSource (HikariPool-1)']
	Database driver: undefined/unknown
	Database version: 8.0.33
	Autocommit mode: undefined/unknown
	Isolation level: undefined/unknown
	Minimum pool size: undefined/unknown
	Maximum pool size: undefined/unknown
2026-03-17 13:01:15.138 [main] INFO  o.h.e.t.j.p.i.JtaPlatformInitiator [] - HHH000489: No JTA platform available (set 'hibernate.transaction.jta.platform' to enable JTA platform integration)
2026-03-17 13:01:17.744 [main] INFO  o.s.o.j.LocalContainerEntityManagerFactoryBean [] - Initialized JPA EntityManagerFactory for persistence unit 'default'
2026-03-17 13:01:18.340 [main] INFO  o.s.d.j.r.query.QueryEnhancerFactory [] - Hibernate is in classpath; If applicable, HQL parser will be used.
2026-03-17 13:01:21.355 [main] INFO  o.s.s.c.a.a.c.InitializeUserDetailsBeanManagerConfigurer$InitializeUserDetailsManagerConfigurer [] - Global AuthenticationManager configured with UserDetailsService bean with name userDetailsServiceImpl
2026-03-17 13:01:21.696 [main] WARN  o.s.b.a.o.j.JpaBaseConfiguration$JpaWebConfiguration [] - spring.jpa.open-in-view is enabled by default. Therefore, database queries may be performed during view rendering. Explicitly configure spring.jpa.open-in-view to disable this warning
2026-03-17 13:01:22.800 [main] INFO  o.s.b.a.e.web.EndpointLinksResolver [] - Exposing 3 endpoints beneath base path '/actuator'
2026-03-17 13:01:24.130 [main] INFO  o.a.coyote.http11.Http11NioProtocol [] - Starting ProtocolHandler ["http-nio-8082"]
2026-03-17 13:01:24.178 [main] INFO  o.s.b.w.e.tomcat.TomcatWebServer [] - Tomcat started on port 8082 (http) with context path '/'
2026-03-17 13:01:24.209 [main] INFO  com.rkt.dms.DmsApplication [] - Started DmsApplication in 19.852 seconds (process running for 20.717)
2026-03-17 13:01:30.281 [http-nio-8082-exec-2] INFO  o.a.c.c.C.[Tomcat].[localhost].[/] [] - Initializing Spring DispatcherServlet 'dispatcherServlet'
2026-03-17 13:01:30.282 [http-nio-8082-exec-2] INFO  o.s.web.servlet.DispatcherServlet [] - Initializing Servlet 'dispatcherServlet'
2026-03-17 13:01:30.284 [http-nio-8082-exec-2] INFO  o.s.web.servlet.DispatcherServlet [] - Completed initialization in 1 ms
2026-03-17 13:07:32.996 [background-preinit] INFO  o.h.validator.internal.util.Version [] - HV000001: Hibernate Validator 8.0.2.Final
2026-03-17 13:07:33.110 [main] INFO  com.rkt.dms.DmsApplication [] - Starting DmsApplication using Java 21.0.8 with PID 25848 (C:\Users\shashi.rai\Desktop\Projects\DMS\DMS-Backend\target\classes started by shashi.rai in C:\Users\shashi.rai\Desktop\Projects\DMS\DMS-Backend)
2026-03-17 13:07:33.113 [main] INFO  com.rkt.dms.DmsApplication [] - The following 1 profile is active: "dev"
2026-03-17 13:07:35.180 [main] INFO  o.s.d.r.c.RepositoryConfigurationDelegate [] - Bootstrapping Spring Data JPA repositories in DEFAULT mode.
2026-03-17 13:07:35.390 [main] INFO  o.s.d.r.c.RepositoryConfigurationDelegate [] - Finished Spring Data repository scanning in 192 ms. Found 18 JPA repository interfaces.
2026-03-17 13:07:36.822 [main] INFO  o.s.b.w.e.tomcat.TomcatWebServer [] - Tomcat initialized with port 8082 (http)
2026-03-17 13:07:36.920 [main] INFO  o.a.coyote.http11.Http11NioProtocol [] - Initializing ProtocolHandler ["http-nio-8082"]
2026-03-17 13:07:36.933 [main] INFO  o.a.catalina.core.StandardService [] - Starting service [Tomcat]
2026-03-17 13:07:36.934 [main] INFO  o.a.catalina.core.StandardEngine [] - Starting Servlet engine: [Apache Tomcat/10.1.34]
2026-03-17 13:07:37.185 [main] INFO  o.a.c.c.C.[Tomcat].[localhost].[/] [] - Initializing Spring embedded WebApplicationContext
2026-03-17 13:07:37.193 [main] INFO  o.s.b.w.s.c.ServletWebServerApplicationContext [] - Root WebApplicationContext: initialization completed in 3980 ms
2026-03-17 13:07:38.242 [main] INFO  o.h.jpa.internal.util.LogHelper [] - HHH000204: Processing PersistenceUnitInfo [name: default]
2026-03-17 13:07:38.427 [main] INFO  org.hibernate.Version [] - HHH000412: Hibernate ORM core version 6.6.4.Final
2026-03-17 13:07:38.533 [main] INFO  o.h.c.i.RegionFactoryInitiator [] - HHH000026: Second-level cache disabled
2026-03-17 13:07:39.597 [main] INFO  o.s.o.j.p.SpringPersistenceUnitInfo [] - No LoadTimeWeaver setup: ignoring JPA class transformer
2026-03-17 13:07:39.701 [main] INFO  com.zaxxer.hikari.HikariDataSource [] - HikariPool-1 - Starting...
2026-03-17 13:07:46.303 [main] INFO  com.zaxxer.hikari.pool.HikariPool [] - HikariPool-1 - Added connection com.mysql.cj.jdbc.ConnectionImpl@3673e211
2026-03-17 13:07:46.306 [main] INFO  com.zaxxer.hikari.HikariDataSource [] - HikariPool-1 - Start completed.
2026-03-17 13:07:46.385 [main] WARN  org.hibernate.orm.deprecation [] - HHH90000025: MySQLDialect does not need to be specified explicitly using 'hibernate.dialect' (remove the property setting and it will be selected by default)
2026-03-17 13:07:46.414 [main] INFO  o.hibernate.orm.connections.pooling [] - HHH10001005: Database info:
	Database JDBC URL [Connecting through datasource 'HikariDataSource (HikariPool-1)']
	Database driver: undefined/unknown
	Database version: 8.0.33
	Autocommit mode: undefined/unknown
	Isolation level: undefined/unknown
	Minimum pool size: undefined/unknown
	Maximum pool size: undefined/unknown
2026-03-17 13:07:48.778 [main] INFO  o.h.e.t.j.p.i.JtaPlatformInitiator [] - HHH000489: No JTA platform available (set 'hibernate.transaction.jta.platform' to enable JTA platform integration)
2026-03-17 13:07:49.176 [main] INFO  o.s.o.j.LocalContainerEntityManagerFactoryBean [] - Initialized JPA EntityManagerFactory for persistence unit 'default'
2026-03-17 13:07:49.760 [main] INFO  o.s.d.j.r.query.QueryEnhancerFactory [] - Hibernate is in classpath; If applicable, HQL parser will be used.
2026-03-17 13:07:52.738 [main] INFO  o.s.s.c.a.a.c.InitializeUserDetailsBeanManagerConfigurer$InitializeUserDetailsManagerConfigurer [] - Global AuthenticationManager configured with UserDetailsService bean with name userDetailsServiceImpl
2026-03-17 13:07:52.952 [main] WARN  o.s.b.a.o.j.JpaBaseConfiguration$JpaWebConfiguration [] - spring.jpa.open-in-view is enabled by default. Therefore, database queries may be performed during view rendering. Explicitly configure spring.jpa.open-in-view to disable this warning
2026-03-17 13:07:53.960 [main] INFO  o.s.b.a.e.web.EndpointLinksResolver [] - Exposing 3 endpoints beneath base path '/actuator'
2026-03-17 13:07:55.082 [main] INFO  o.a.coyote.http11.Http11NioProtocol [] - Starting ProtocolHandler ["http-nio-8082"]
2026-03-17 13:07:55.121 [main] INFO  o.s.b.w.e.tomcat.TomcatWebServer [] - Tomcat started on port 8082 (http) with context path '/'
2026-03-17 13:07:55.153 [main] INFO  com.rkt.dms.DmsApplication [] - Started DmsApplication in 22.847 seconds (process running for 23.639)
2026-03-17 13:07:59.440 [http-nio-8082-exec-1] INFO  o.a.c.c.C.[Tomcat].[localhost].[/] [] - Initializing Spring DispatcherServlet 'dispatcherServlet'
2026-03-17 13:07:59.441 [http-nio-8082-exec-1] INFO  o.s.web.servlet.DispatcherServlet [] - Initializing Servlet 'dispatcherServlet'
2026-03-17 13:07:59.443 [http-nio-8082-exec-1] INFO  o.s.web.servlet.DispatcherServlet [] - Completed initialization in 2 ms
2026-03-17 15:08:25.217 [http-nio-8082-exec-3] ERROR o.a.c.c.C.[.[.[.[dispatcherServlet] [] - Servlet.service() for servlet [dispatcherServlet] in context with path [] threw exception
org.springframework.security.authentication.AuthenticationServiceException: Token expired
	at com.rkt.dms.jwt.filter.JwtFilter.doFilterInternal(JwtFilter.java:88)
	at org.springframework.web.filter.OncePerRequestFilter.doFilter(OncePerRequestFilter.java:116)
	at org.springframework.security.web.ObservationFilterChainDecorator$ObservationFilter.wrapFilter(ObservationFilterChainDecorator.java:240)
	at org.springframework.security.web.ObservationFilterChainDecorator$ObservationFilter.doFilter(ObservationFilterChainDecorator.java:227)
	at org.springframework.security.web.ObservationFilterChainDecorator$VirtualFilterChain.doFilter(ObservationFilterChainDecorator.java:137)
	at com.rkt.dms.audit.RequestAuditFilter.doFilterInternal(RequestAuditFilter.java:52)
	at org.springframework.web.filter.OncePerRequestFilter.doFilter(OncePerRequestFilter.java:116)
	at org.springframework.security.web.ObservationFilterChainDecorator$ObservationFilter.wrapFilter(ObservationFilterChainDecorator.java:240)
	at org.springframework.security.web.ObservationFilterChainDecorator$ObservationFilter.doFilter(ObservationFilterChainDecorator.java:227)
	at org.springframework.security.web.ObservationFilterChainDecorator$VirtualFilterChain.doFilter(ObservationFilterChainDecorator.java:137)
	at org.springframework.security.web.authentication.logout.LogoutFilter.doFilter(LogoutFilter.java:107)
	at org.springframework.security.web.authentication.logout.LogoutFilter.doFilter(LogoutFilter.java:93)
	at org.springframework.security.web.ObservationFilterChainDecorator$ObservationFilter.wrapFilter(ObservationFilterChainDecorator.java:240)
	at org.springframework.security.web.ObservationFilterChainDecorator$ObservationFilter.doFilter(ObservationFilterChainDecorator.java:227)
	at org.springframework.security.web.ObservationFilterChainDecorator$VirtualFilterChain.doFilter(ObservationFilterChainDecorator.java:137)
	at org.springframework.web.filter.CorsFilter.doFilterInternal(CorsFilter.java:91)
	at org.springframework.web.filter.OncePerRequestFilter.doFilter(OncePerRequestFilter.java:116)
	at org.springframework.security.web.ObservationFilterChainDecorator$ObservationFilter.wrapFilter(ObservationFilterChainDecorator.java:240)
	at org.springframework.security.web.ObservationFilterChainDecorator$ObservationFilter.doFilter(ObservationFilterChainDecorator.java:227)
	at org.springframework.security.web.ObservationFilterChainDecorator$VirtualFilterChain.doFilter(ObservationFilterChainDecorator.java:137)
	at org.springframework.security.web.header.HeaderWriterFilter.doHeadersAfter(HeaderWriterFilter.java:90)
	at org.springframework.security.web.header.HeaderWriterFilter.doFilterInternal(HeaderWriterFilter.java:75)
	at org.springframework.web.filter.OncePerRequestFilter.doFilter(OncePerRequestFilter.java:116)
	at org.springframework.security.web.ObservationFilterChainDecorator$ObservationFilter.wrapFilter(ObservationFilterChainDecorator.java:240)
	at org.springframework.security.web.ObservationFilterChainDecorator$ObservationFilter.doFilter(ObservationFilterChainDecorator.java:227)
	at org.springframework.security.web.ObservationFilterChainDecorator$VirtualFilterChain.doFilter(ObservationFilterChainDecorator.java:137)
	at org.springframework.security.web.context.SecurityContextHolderFilter.doFilter(SecurityContextHolderFilter.java:82)
	at org.springframework.security.web.context.SecurityContextHolderFilter.doFilter(SecurityContextHolderFilter.java:69)
	at org.springframework.security.web.ObservationFilterChainDecorator$ObservationFilter.wrapFilter(ObservationFilterChainDecorator.java:240)
	at org.springframework.security.web.ObservationFilterChainDecorator$ObservationFilter.doFilter(ObservationFilterChainDecorator.java:227)
	at org.springframework.security.web.ObservationFilterChainDecorator$VirtualFilterChain.doFilter(ObservationFilterChainDecorator.java:137)
	at org.springframework.security.web.context.request.async.WebAsyncManagerIntegrationFilter.doFilterInternal(WebAsyncManagerIntegrationFilter.java:62)
	at org.springframework.web.filter.OncePerRequestFilter.doFilter(OncePerRequestFilter.java:116)
	at org.springframework.security.web.ObservationFilterChainDecorator$ObservationFilter.wrapFilter(ObservationFilterChainDecorator.java:240)
	at org.springframework.security.web.ObservationFilterChainDecorator$ObservationFilter.doFilter(ObservationFilterChainDecorator.java:227)
	at org.springframework.security.web.ObservationFilterChainDecorator$VirtualFilterChain.doFilter(ObservationFilterChainDecorator.java:137)
	at org.springframework.security.web.session.DisableEncodeUrlFilter.doFilterInternal(DisableEncodeUrlFilter.java:42)
	at org.springframework.web.filter.OncePerRequestFilter.doFilter(OncePerRequestFilter.java:116)
	at org.springframework.security.web.ObservationFilterChainDecorator$ObservationFilter.wrapFilter(ObservationFilterChainDecorator.java:240)
	at org.springframework.security.web.ObservationFilterChainDecorator$AroundFilterObservation$SimpleAroundFilterObservation.lambda$wrap$0(ObservationFilterChainDecorator.java:323)
	at org.springframework.security.web.ObservationFilterChainDecorator$ObservationFilter.doFilter(ObservationFilterChainDecorator.java:224)
	at org.springframework.security.web.ObservationFilterChainDecorator$VirtualFilterChain.doFilter(ObservationFilterChainDecorator.java:137)
	at org.springframework.security.web.FilterChainProxy.doFilterInternal(FilterChainProxy.java:233)
	at org.springframework.security.web.FilterChainProxy.doFilter(FilterChainProxy.java:191)
	at org.springframework.web.filter.CompositeFilter$VirtualFilterChain.doFilter(CompositeFilter.java:113)
	at org.springframework.web.servlet.handler.HandlerMappingIntrospector.lambda$createCacheFilter$3(HandlerMappingIntrospector.java:243)
	at org.springframework.web.filter.CompositeFilter$VirtualFilterChain.doFilter(CompositeFilter.java:113)
	at org.springframework.web.filter.CompositeFilter.doFilter(CompositeFilter.java:74)
	at org.springframework.security.config.annotation.web.configuration.WebMvcSecurityConfiguration$CompositeFilterChainProxy.doFilter(WebMvcSecurityConfiguration.java:238)
	at org.springframework.web.filter.DelegatingFilterProxy.invokeDelegate(DelegatingFilterProxy.java:362)
	at org.springframework.web.filter.DelegatingFilterProxy.doFilter(DelegatingFilterProxy.java:278)
	at org.apache.catalina.core.ApplicationFilterChain.internalDoFilter(ApplicationFilterChain.java:164)
	at org.apache.catalina.core.ApplicationFilterChain.doFilter(ApplicationFilterChain.java:140)
	at org.springframework.web.filter.RequestContextFilter.doFilterInternal(RequestContextFilter.java:100)
	at org.springframework.web.filter.OncePerRequestFilter.doFilter(OncePerRequestFilter.java:116)
	at org.apache.catalina.core.ApplicationFilterChain.internalDoFilter(ApplicationFilterChain.java:164)
	at org.apache.catalina.core.ApplicationFilterChain.doFilter(ApplicationFilterChain.java:140)
	at org.springframework.web.filter.FormContentFilter.doFilterInternal(FormContentFilter.java:93)
	at org.springframework.web.filter.OncePerRequestFilter.doFilter(OncePerRequestFilter.java:116)
	at org.apache.catalina.core.ApplicationFilterChain.internalDoFilter(ApplicationFilterChain.java:164)
	at org.apache.catalina.core.ApplicationFilterChain.doFilter(ApplicationFilterChain.java:140)
	at org.springframework.web.filter.ServerHttpObservationFilter.doFilterInternal(ServerHttpObservationFilter.java:114)
	at org.springframework.web.filter.OncePerRequestFilter.doFilter(OncePerRequestFilter.java:116)
	at org.apache.catalina.core.ApplicationFilterChain.internalDoFilter(ApplicationFilterChain.java:164)
	at org.apache.catalina.core.ApplicationFilterChain.doFilter(ApplicationFilterChain.java:140)
	at org.springframework.web.filter.CharacterEncodingFilter.doFilterInternal(CharacterEncodingFilter.java:201)
	at org.springframework.web.filter.OncePerRequestFilter.doFilter(OncePerRequestFilter.java:116)
	at org.apache.catalina.core.ApplicationFilterChain.internalDoFilter(ApplicationFilterChain.java:164)
	at org.apache.catalina.core.ApplicationFilterChain.doFilter(ApplicationFilterChain.java:140)
	at org.apache.catalina.core.StandardWrapperValve.invoke(StandardWrapperValve.java:167)
	at org.apache.catalina.core.StandardContextValve.invoke(StandardContextValve.java:90)
	at org.apache.catalina.authenticator.AuthenticatorBase.invoke(AuthenticatorBase.java:483)
	at org.apache.catalina.core.StandardHostValve.invoke(StandardHostValve.java:115)
	at org.apache.catalina.valves.ErrorReportValve.invoke(ErrorReportValve.java:93)
	at org.apache.catalina.core.StandardEngineValve.invoke(StandardEngineValve.java:74)
	at org.apache.catalina.connector.CoyoteAdapter.service(CoyoteAdapter.java:344)
	at org.apache.coyote.http11.Http11Processor.service(Http11Processor.java:397)
	at org.apache.coyote.AbstractProcessorLight.process(AbstractProcessorLight.java:63)
	at org.apache.coyote.AbstractProtocol$ConnectionHandler.process(AbstractProtocol.java:905)
	at org.apache.tomcat.util.net.NioEndpoint$SocketProcessor.doRun(NioEndpoint.java:1741)
	at org.apache.tomcat.util.net.SocketProcessorBase.run(SocketProcessorBase.java:52)
	at org.apache.tomcat.util.threads.ThreadPoolExecutor.runWorker(ThreadPoolExecutor.java:1190)
	at org.apache.tomcat.util.threads.ThreadPoolExecutor$Worker.run(ThreadPoolExecutor.java:659)
	at org.apache.tomcat.util.threads.TaskThread$WrappingRunnable.run(TaskThread.java:63)
	at java.base/java.lang.Thread.run(Thread.java:1583)
Caused by: io.jsonwebtoken.ExpiredJwtException: JWT expired at 2026-03-17T05:34:49Z. Current time: 2026-03-17T09:38:25Z, a difference of 14616121 milliseconds.  Allowed clock skew: 0 milliseconds.
	at io.jsonwebtoken.impl.DefaultJwtParser.parse(DefaultJwtParser.java:427)
	at io.jsonwebtoken.impl.DefaultJwtParser.parse(DefaultJwtParser.java:529)
	at io.jsonwebtoken.impl.DefaultJwtParser.parseClaimsJws(DefaultJwtParser.java:589)
	at io.jsonwebtoken.impl.ImmutableJwtParser.parseClaimsJws(ImmutableJwtParser.java:173)
	at com.rkt.dms.jwt.utilis.JwtUtil.extractAllClaims(JwtUtil.java:98)
	at com.rkt.dms.jwt.utilis.JwtUtil.isTokenExpired(JwtUtil.java:110)
	at com.rkt.dms.jwt.utilis.JwtUtil.validateToken(JwtUtil.java:105)
	at com.rkt.dms.jwt.filter.JwtFilter.doFilterInternal(JwtFilter.java:50)
	... 84 common frames omitted
2026-03-17 15:09:15.768 [http-nio-8082-exec-5] ERROR o.a.c.c.C.[.[.[.[dispatcherServlet] [] - Servlet.service() for servlet [dispatcherServlet] in context with path [] threw exception
org.springframework.security.authentication.AuthenticationServiceException: Invalid token
	at com.rkt.dms.jwt.filter.JwtFilter.doFilterInternal(JwtFilter.java:98)
	at org.springframework.web.filter.OncePerRequestFilter.doFilter(OncePerRequestFilter.java:116)
	at org.springframework.security.web.ObservationFilterChainDecorator$ObservationFilter.wrapFilter(ObservationFilterChainDecorator.java:240)
	at org.springframework.security.web.ObservationFilterChainDecorator$ObservationFilter.doFilter(ObservationFilterChainDecorator.java:227)
	at org.springframework.security.web.ObservationFilterChainDecorator$VirtualFilterChain.doFilter(ObservationFilterChainDecorator.java:137)
	at com.rkt.dms.audit.RequestAuditFilter.doFilterInternal(RequestAuditFilter.java:52)
	at org.springframework.web.filter.OncePerRequestFilter.doFilter(OncePerRequestFilter.java:116)
	at org.springframework.security.web.ObservationFilterChainDecorator$ObservationFilter.wrapFilter(ObservationFilterChainDecorator.java:240)
	at org.springframework.security.web.ObservationFilterChainDecorator$ObservationFilter.doFilter(ObservationFilterChainDecorator.java:227)
	at org.springframework.security.web.ObservationFilterChainDecorator$VirtualFilterChain.doFilter(ObservationFilterChainDecorator.java:137)
	at org.springframework.security.web.authentication.logout.LogoutFilter.doFilter(LogoutFilter.java:107)
	at org.springframework.security.web.authentication.logout.LogoutFilter.doFilter(LogoutFilter.java:93)
	at org.springframework.security.web.ObservationFilterChainDecorator$ObservationFilter.wrapFilter(ObservationFilterChainDecorator.java:240)
	at org.springframework.security.web.ObservationFilterChainDecorator$ObservationFilter.doFilter(ObservationFilterChainDecorator.java:227)
	at org.springframework.security.web.ObservationFilterChainDecorator$VirtualFilterChain.doFilter(ObservationFilterChainDecorator.java:137)
	at org.springframework.web.filter.CorsFilter.doFilterInternal(CorsFilter.java:91)
	at org.springframework.web.filter.OncePerRequestFilter.doFilter(OncePerRequestFilter.java:116)
	at org.springframework.security.web.ObservationFilterChainDecorator$ObservationFilter.wrapFilter(ObservationFilterChainDecorator.java:240)
	at org.springframework.security.web.ObservationFilterChainDecorator$ObservationFilter.doFilter(ObservationFilterChainDecorator.java:227)
	at org.springframework.security.web.ObservationFilterChainDecorator$VirtualFilterChain.doFilter(ObservationFilterChainDecorator.java:137)
	at org.springframework.security.web.header.HeaderWriterFilter.doHeadersAfter(HeaderWriterFilter.java:90)
	at org.springframework.security.web.header.HeaderWriterFilter.doFilterInternal(HeaderWriterFilter.java:75)
	at org.springframework.web.filter.OncePerRequestFilter.doFilter(OncePerRequestFilter.java:116)
	at org.springframework.security.web.ObservationFilterChainDecorator$ObservationFilter.wrapFilter(ObservationFilterChainDecorator.java:240)
	at org.springframework.security.web.ObservationFilterChainDecorator$ObservationFilter.doFilter(ObservationFilterChainDecorator.java:227)
	at org.springframework.security.web.ObservationFilterChainDecorator$VirtualFilterChain.doFilter(ObservationFilterChainDecorator.java:137)
	at org.springframework.security.web.context.SecurityContextHolderFilter.doFilter(SecurityContextHolderFilter.java:82)
	at org.springframework.security.web.context.SecurityContextHolderFilter.doFilter(SecurityContextHolderFilter.java:69)
	at org.springframework.security.web.ObservationFilterChainDecorator$ObservationFilter.wrapFilter(ObservationFilterChainDecorator.java:240)
	at org.springframework.security.web.ObservationFilterChainDecorator$ObservationFilter.doFilter(ObservationFilterChainDecorator.java:227)
	at org.springframework.security.web.ObservationFilterChainDecorator$VirtualFilterChain.doFilter(ObservationFilterChainDecorator.java:137)
	at org.springframework.security.web.context.request.async.WebAsyncManagerIntegrationFilter.doFilterInternal(WebAsyncManagerIntegrationFilter.java:62)
	at org.springframework.web.filter.OncePerRequestFilter.doFilter(OncePerRequestFilter.java:116)
	at org.springframework.security.web.ObservationFilterChainDecorator$ObservationFilter.wrapFilter(ObservationFilterChainDecorator.java:240)
	at org.springframework.security.web.ObservationFilterChainDecorator$ObservationFilter.doFilter(ObservationFilterChainDecorator.java:227)
	at org.springframework.security.web.ObservationFilterChainDecorator$VirtualFilterChain.doFilter(ObservationFilterChainDecorator.java:137)
	at org.springframework.security.web.session.DisableEncodeUrlFilter.doFilterInternal(DisableEncodeUrlFilter.java:42)
	at org.springframework.web.filter.OncePerRequestFilter.doFilter(OncePerRequestFilter.java:116)
	at org.springframework.security.web.ObservationFilterChainDecorator$ObservationFilter.wrapFilter(ObservationFilterChainDecorator.java:240)
	at org.springframework.security.web.ObservationFilterChainDecorator$AroundFilterObservation$SimpleAroundFilterObservation.lambda$wrap$0(ObservationFilterChainDecorator.java:323)
	at org.springframework.security.web.ObservationFilterChainDecorator$ObservationFilter.doFilter(ObservationFilterChainDecorator.java:224)
	at org.springframework.security.web.ObservationFilterChainDecorator$VirtualFilterChain.doFilter(ObservationFilterChainDecorator.java:137)
	at org.springframework.security.web.FilterChainProxy.doFilterInternal(FilterChainProxy.java:233)
	at org.springframework.security.web.FilterChainProxy.doFilter(FilterChainProxy.java:191)
	at org.springframework.web.filter.CompositeFilter$VirtualFilterChain.doFilter(CompositeFilter.java:113)
	at org.springframework.web.servlet.handler.HandlerMappingIntrospector.lambda$createCacheFilter$3(HandlerMappingIntrospector.java:243)
	at org.springframework.web.filter.CompositeFilter$VirtualFilterChain.doFilter(CompositeFilter.java:113)
	at org.springframework.web.filter.CompositeFilter.doFilter(CompositeFilter.java:74)
	at org.springframework.security.config.annotation.web.configuration.WebMvcSecurityConfiguration$CompositeFilterChainProxy.doFilter(WebMvcSecurityConfiguration.java:238)
	at org.springframework.web.filter.DelegatingFilterProxy.invokeDelegate(DelegatingFilterProxy.java:362)
	at org.springframework.web.filter.DelegatingFilterProxy.doFilter(DelegatingFilterProxy.java:278)
	at org.apache.catalina.core.ApplicationFilterChain.internalDoFilter(ApplicationFilterChain.java:164)
	at org.apache.catalina.core.ApplicationFilterChain.doFilter(ApplicationFilterChain.java:140)
	at org.springframework.web.filter.RequestContextFilter.doFilterInternal(RequestContextFilter.java:100)
	at org.springframework.web.filter.OncePerRequestFilter.doFilter(OncePerRequestFilter.java:116)
	at org.apache.catalina.core.ApplicationFilterChain.internalDoFilter(ApplicationFilterChain.java:164)
	at org.apache.catalina.core.ApplicationFilterChain.doFilter(ApplicationFilterChain.java:140)
	at org.springframework.web.filter.FormContentFilter.doFilterInternal(FormContentFilter.java:93)
	at org.springframework.web.filter.OncePerRequestFilter.doFilter(OncePerRequestFilter.java:116)
	at org.apache.catalina.core.ApplicationFilterChain.internalDoFilter(ApplicationFilterChain.java:164)
	at org.apache.catalina.core.ApplicationFilterChain.doFilter(ApplicationFilterChain.java:140)
	at org.springframework.web.filter.ServerHttpObservationFilter.doFilterInternal(ServerHttpObservationFilter.java:114)
	at org.springframework.web.filter.OncePerRequestFilter.doFilter(OncePerRequestFilter.java:116)
	at org.apache.catalina.core.ApplicationFilterChain.internalDoFilter(ApplicationFilterChain.java:164)
	at org.apache.catalina.core.ApplicationFilterChain.doFilter(ApplicationFilterChain.java:140)
	at org.springframework.web.filter.CharacterEncodingFilter.doFilterInternal(CharacterEncodingFilter.java:201)
	at org.springframework.web.filter.OncePerRequestFilter.doFilter(OncePerRequestFilter.java:116)
	at org.apache.catalina.core.ApplicationFilterChain.internalDoFilter(ApplicationFilterChain.java:164)
	at org.apache.catalina.core.ApplicationFilterChain.doFilter(ApplicationFilterChain.java:140)
	at org.apache.catalina.core.StandardWrapperValve.invoke(StandardWrapperValve.java:167)
	at org.apache.catalina.core.StandardContextValve.invoke(StandardContextValve.java:90)
	at org.apache.catalina.authenticator.AuthenticatorBase.invoke(AuthenticatorBase.java:483)
	at org.apache.catalina.core.StandardHostValve.invoke(StandardHostValve.java:115)
	at org.apache.catalina.valves.ErrorReportValve.invoke(ErrorReportValve.java:93)
	at org.apache.catalina.core.StandardEngineValve.invoke(StandardEngineValve.java:74)
	at org.apache.catalina.connector.CoyoteAdapter.service(CoyoteAdapter.java:344)
	at org.apache.coyote.http11.Http11Processor.service(Http11Processor.java:397)
	at org.apache.coyote.AbstractProcessorLight.process(AbstractProcessorLight.java:63)
	at org.apache.coyote.AbstractProtocol$ConnectionHandler.process(AbstractProtocol.java:905)
	at org.apache.tomcat.util.net.NioEndpoint$SocketProcessor.doRun(NioEndpoint.java:1741)
	at org.apache.tomcat.util.net.SocketProcessorBase.run(SocketProcessorBase.java:52)
	at org.apache.tomcat.util.threads.ThreadPoolExecutor.runWorker(ThreadPoolExecutor.java:1190)
	at org.apache.tomcat.util.threads.ThreadPoolExecutor$Worker.run(ThreadPoolExecutor.java:659)
	at org.apache.tomcat.util.threads.TaskThread$WrappingRunnable.run(TaskThread.java:63)
	at java.base/java.lang.Thread.run(Thread.java:1583)
Caused by: io.jsonwebtoken.security.SignatureException: JWT signature does not match locally computed signature. JWT validity cannot be asserted and should not be trusted.
	at io.jsonwebtoken.impl.DefaultJwtParser.parse(DefaultJwtParser.java:399)
	at io.jsonwebtoken.impl.DefaultJwtParser.parse(DefaultJwtParser.java:529)
	at io.jsonwebtoken.impl.DefaultJwtParser.parseClaimsJws(DefaultJwtParser.java:589)
	at io.jsonwebtoken.impl.ImmutableJwtParser.parseClaimsJws(ImmutableJwtParser.java:173)
	at com.rkt.dms.jwt.utilis.JwtUtil.extractAllClaims(JwtUtil.java:98)
	at com.rkt.dms.jwt.utilis.JwtUtil.isTokenExpired(JwtUtil.java:110)
	at com.rkt.dms.jwt.utilis.JwtUtil.validateToken(JwtUtil.java:105)
	at com.rkt.dms.jwt.filter.JwtFilter.doFilterInternal(JwtFilter.java:50)
	... 84 common frames omitted
2026-03-17 15:57:47.405 [background-preinit] INFO  o.h.validator.internal.util.Version [] - HV000001: Hibernate Validator 8.0.2.Final
2026-03-17 15:57:47.520 [main] INFO  com.rkt.dms.DmsApplication [] - Starting DmsApplication using Java 21.0.8 with PID 19604 (C:\Users\shashi.rai\Desktop\Projects\DMS\DMS-Backend\target\classes started by shashi.rai in C:\Users\shashi.rai\Desktop\Projects\DMS\DMS-Backend)
2026-03-17 15:57:47.522 [main] INFO  com.rkt.dms.DmsApplication [] - The following 1 profile is active: "dev"
2026-03-17 15:57:49.340 [main] INFO  o.s.d.r.c.RepositoryConfigurationDelegate [] - Bootstrapping Spring Data JPA repositories in DEFAULT mode.
2026-03-17 15:57:49.531 [main] INFO  o.s.d.r.c.RepositoryConfigurationDelegate [] - Finished Spring Data repository scanning in 177 ms. Found 18 JPA repository interfaces.
2026-03-17 15:57:50.912 [main] INFO  o.s.b.w.e.tomcat.TomcatWebServer [] - Tomcat initialized with port 8082 (http)
2026-03-17 15:57:50.933 [main] INFO  o.a.coyote.http11.Http11NioProtocol [] - Initializing ProtocolHandler ["http-nio-8082"]
2026-03-17 15:57:50.937 [main] INFO  o.a.catalina.core.StandardService [] - Starting service [Tomcat]
2026-03-17 15:57:50.938 [main] INFO  o.a.catalina.core.StandardEngine [] - Starting Servlet engine: [Apache Tomcat/10.1.34]
2026-03-17 15:57:51.054 [main] INFO  o.a.c.c.C.[Tomcat].[localhost].[/] [] - Initializing Spring embedded WebApplicationContext
2026-03-17 15:57:51.055 [main] INFO  o.s.b.w.s.c.ServletWebServerApplicationContext [] - Root WebApplicationContext: initialization completed in 3432 ms
2026-03-17 15:57:51.581 [main] INFO  o.h.jpa.internal.util.LogHelper [] - HHH000204: Processing PersistenceUnitInfo [name: default]
2026-03-17 15:57:51.699 [main] INFO  org.hibernate.Version [] - HHH000412: Hibernate ORM core version 6.6.4.Final
2026-03-17 15:57:51.770 [main] INFO  o.h.c.i.RegionFactoryInitiator [] - HHH000026: Second-level cache disabled
2026-03-17 15:57:52.234 [main] INFO  o.s.o.j.p.SpringPersistenceUnitInfo [] - No LoadTimeWeaver setup: ignoring JPA class transformer
2026-03-17 15:57:52.297 [main] INFO  com.zaxxer.hikari.HikariDataSource [] - HikariPool-1 - Starting...
2026-03-17 15:57:54.246 [main] INFO  com.zaxxer.hikari.pool.HikariPool [] - HikariPool-1 - Added connection com.mysql.cj.jdbc.ConnectionImpl@14b4ce6f
2026-03-17 15:57:54.251 [main] INFO  com.zaxxer.hikari.HikariDataSource [] - HikariPool-1 - Start completed.
2026-03-17 15:57:54.327 [main] WARN  org.hibernate.orm.deprecation [] - HHH90000025: MySQLDialect does not need to be specified explicitly using 'hibernate.dialect' (remove the property setting and it will be selected by default)
2026-03-17 15:57:54.347 [main] INFO  o.hibernate.orm.connections.pooling [] - HHH10001005: Database info:
	Database JDBC URL [Connecting through datasource 'HikariDataSource (HikariPool-1)']
	Database driver: undefined/unknown
	Database version: 8.0.33
	Autocommit mode: undefined/unknown
	Isolation level: undefined/unknown
	Minimum pool size: undefined/unknown
	Maximum pool size: undefined/unknown
2026-03-17 15:57:56.050 [main] INFO  o.h.e.t.j.p.i.JtaPlatformInitiator [] - HHH000489: No JTA platform available (set 'hibernate.transaction.jta.platform' to enable JTA platform integration)
2026-03-17 15:57:57.531 [main] INFO  o.s.o.j.LocalContainerEntityManagerFactoryBean [] - Initialized JPA EntityManagerFactory for persistence unit 'default'
2026-03-17 15:57:58.070 [main] INFO  o.s.d.j.r.query.QueryEnhancerFactory [] - Hibernate is in classpath; If applicable, HQL parser will be used.
2026-03-17 15:58:00.224 [main] INFO  o.s.s.c.a.a.c.InitializeUserDetailsBeanManagerConfigurer$InitializeUserDetailsManagerConfigurer [] - Global AuthenticationManager configured with UserDetailsService bean with name userDetailsServiceImpl
2026-03-17 15:58:00.374 [main] WARN  o.s.b.a.o.j.JpaBaseConfiguration$JpaWebConfiguration [] - spring.jpa.open-in-view is enabled by default. Therefore, database queries may be performed during view rendering. Explicitly configure spring.jpa.open-in-view to disable this warning
2026-03-17 15:58:01.165 [main] INFO  o.s.b.a.e.web.EndpointLinksResolver [] - Exposing 3 endpoints beneath base path '/actuator'
2026-03-17 15:58:02.188 [main] INFO  o.a.coyote.http11.Http11NioProtocol [] - Starting ProtocolHandler ["http-nio-8082"]
2026-03-17 15:58:02.223 [main] INFO  o.s.b.w.e.tomcat.TomcatWebServer [] - Tomcat started on port 8082 (http) with context path '/'
2026-03-17 15:58:02.247 [main] INFO  com.rkt.dms.DmsApplication [] - Started DmsApplication in 15.349 seconds (process running for 16.826)
2026-03-17 16:40:03.923 [http-nio-8082-exec-7] INFO  o.a.c.c.C.[Tomcat].[localhost].[/] [] - Initializing Spring DispatcherServlet 'dispatcherServlet'
2026-03-17 16:40:03.928 [http-nio-8082-exec-7] INFO  o.s.web.servlet.DispatcherServlet [] - Initializing Servlet 'dispatcherServlet'
2026-03-17 16:40:03.976 [http-nio-8082-exec-7] INFO  o.s.web.servlet.DispatcherServlet [] - Completed initialization in 47 ms
2026-03-17 17:39:44.324 [main] INFO  o.s.t.c.s.AnnotationConfigContextLoaderUtils [] - Could not detect default configuration classes for test class [com.rkt.dms.DmsApplicationTests]: DmsApplicationTests does not declare any static, non-private, non-final, nested classes annotated with @Configuration.
2026-03-17 17:39:44.525 [main] INFO  o.s.b.t.c.SpringBootTestContextBootstrapper [] - Found @SpringBootConfiguration com.rkt.dms.DmsApplication for test class com.rkt.dms.DmsApplicationTests
2026-03-17 17:39:45.067 [background-preinit] INFO  o.h.validator.internal.util.Version [] - HV000001: Hibernate Validator 8.0.2.Final
2026-03-17 17:39:45.136 [main] INFO  com.rkt.dms.DmsApplicationTests [] - Starting DmsApplicationTests using Java 21.0.8 with PID 14060 (started by shashi.rai in C:\Users\shashi.rai\Desktop\Projects\DMS\DMS-Backend)
2026-03-17 17:39:45.137 [main] INFO  com.rkt.dms.DmsApplicationTests [] - The following 1 profile is active: "dev"
2026-03-17 17:39:47.128 [main] INFO  o.s.d.r.c.RepositoryConfigurationDelegate [] - Bootstrapping Spring Data JPA repositories in DEFAULT mode.
2026-03-17 17:39:47.367 [main] INFO  o.s.d.r.c.RepositoryConfigurationDelegate [] - Finished Spring Data repository scanning in 228 ms. Found 18 JPA repository interfaces.
2026-03-17 17:39:48.896 [main] INFO  o.h.jpa.internal.util.LogHelper [] - HHH000204: Processing PersistenceUnitInfo [name: default]
2026-03-17 17:39:49.069 [main] INFO  org.hibernate.Version [] - HHH000412: Hibernate ORM core version 6.6.4.Final
2026-03-17 17:39:49.145 [main] INFO  o.h.c.i.RegionFactoryInitiator [] - HHH000026: Second-level cache disabled
2026-03-17 17:39:49.564 [main] INFO  o.s.o.j.p.SpringPersistenceUnitInfo [] - No LoadTimeWeaver setup: ignoring JPA class transformer
2026-03-17 17:39:49.600 [main] INFO  com.zaxxer.hikari.HikariDataSource [] - HikariPool-1 - Starting...
2026-03-17 17:39:53.095 [main] INFO  com.zaxxer.hikari.pool.HikariPool [] - HikariPool-1 - Added connection com.mysql.cj.jdbc.ConnectionImpl@3909308c
2026-03-17 17:39:53.102 [main] INFO  com.zaxxer.hikari.HikariDataSource [] - HikariPool-1 - Start completed.
2026-03-17 17:39:53.420 [main] WARN  org.hibernate.orm.deprecation [] - HHH90000025: MySQLDialect does not need to be specified explicitly using 'hibernate.dialect' (remove the property setting and it will be selected by default)
2026-03-17 17:39:53.442 [main] INFO  o.hibernate.orm.connections.pooling [] - HHH10001005: Database info:
	Database JDBC URL [Connecting through datasource 'HikariDataSource (HikariPool-1)']
	Database driver: undefined/unknown
	Database version: 8.0.33
	Autocommit mode: undefined/unknown
	Isolation level: undefined/unknown
	Minimum pool size: undefined/unknown
	Maximum pool size: undefined/unknown
2026-03-17 17:39:55.235 [main] INFO  o.h.e.t.j.p.i.JtaPlatformInitiator [] - HHH000489: No JTA platform available (set 'hibernate.transaction.jta.platform' to enable JTA platform integration)
2026-03-17 17:40:00.534 [main] INFO  o.s.o.j.LocalContainerEntityManagerFactoryBean [] - Initialized JPA EntityManagerFactory for persistence unit 'default'
2026-03-17 17:40:02.440 [main] INFO  o.s.d.j.r.query.QueryEnhancerFactory [] - Hibernate is in classpath; If applicable, HQL parser will be used.
2026-03-17 17:40:04.171 [main] INFO  o.s.s.c.a.a.c.InitializeUserDetailsBeanManagerConfigurer$InitializeUserDetailsManagerConfigurer [] - Global AuthenticationManager configured with UserDetailsService bean with name userDetailsServiceImpl
2026-03-17 17:40:04.329 [main] WARN  o.s.b.a.o.j.JpaBaseConfiguration$JpaWebConfiguration [] - spring.jpa.open-in-view is enabled by default. Therefore, database queries may be performed during view rendering. Explicitly configure spring.jpa.open-in-view to disable this warning
2026-03-17 17:40:05.180 [main] INFO  o.s.b.a.e.web.EndpointLinksResolver [] - Exposing 3 endpoints beneath base path '/actuator'
2026-03-17 17:40:06.292 [main] INFO  com.rkt.dms.DmsApplicationTests [] - Started DmsApplicationTests in 21.569 seconds (process running for 23.152)
2026-03-17 17:40:07.108 [SpringApplicationShutdownHook] INFO  o.s.o.j.LocalContainerEntityManagerFactoryBean [] - Closing JPA EntityManagerFactory for persistence unit 'default'
2026-03-17 17:40:07.112 [SpringApplicationShutdownHook] INFO  com.zaxxer.hikari.HikariDataSource [] - HikariPool-1 - Shutdown initiated...
2026-03-17 17:40:09.954 [SpringApplicationShutdownHook] INFO  com.zaxxer.hikari.HikariDataSource [] - HikariPool-1 - Shutdown completed.
2026-03-17 20:35:30.432 [HikariPool-1 housekeeper] WARN  com.zaxxer.hikari.pool.HikariPool [] - HikariPool-1 - Thread starvation or clock leap detected (housekeeper delta=2h3m10s343ms463µs900ns).
2026-03-17 22:01:44.690 [HikariPool-1 housekeeper] WARN  com.zaxxer.hikari.pool.HikariPool [] - HikariPool-1 - Thread starvation or clock leap detected (housekeeper delta=52m20s490ms610µs900ns).
