2026-03-13 10:58:18.430 [HikariPool-1 housekeeper] WARN  com.zaxxer.hikari.pool.HikariPool [] - HikariPool-1 - Thread starvation or clock leap detected (housekeeper delta=6h29m26s842ms317µs900ns).
2026-03-13 10:59:02.148 [HikariPool-1 housekeeper] WARN  com.zaxxer.hikari.pool.HikariPool [] - HikariPool-1 - Thread starvation or clock leap detected (housekeeper delta=45s161ms973µs).
2026-03-13 10:59:33.064 [http-nio-8082-exec-3] WARN  o.s.web.servlet.PageNotFound [7a00f662-a105-4f12-b134-75a3cff72a44] - No mapping for GET /api/documents/viewer-users/104
2026-03-13 10:59:38.315 [http-nio-8082-exec-9] WARN  o.s.web.servlet.PageNotFound [654a8bed-d668-4ede-90d7-898f1119eea0] - No mapping for GET /api/documents/viewer-users/104
2026-03-13 10:59:50.331 [http-nio-8082-exec-10] WARN  o.s.web.servlet.PageNotFound [9be42f58-c5ec-450b-aa49-8d3014457e3d] - No mapping for GET /api/documents/viewer-users/104
2026-03-13 10:59:59.565 [http-nio-8082-exec-5] WARN  o.s.web.servlet.PageNotFound [735f81d9-c48e-4bf1-9762-3b36dd8ff497] - No mapping for GET /api/documents/viewer-users/104
2026-03-13 11:00:01.161 [http-nio-8082-exec-2] WARN  o.s.web.servlet.PageNotFound [c6718085-2919-464b-b04e-4d0ddefb95d2] - No mapping for GET /api/documents/viewer-users/104
2026-03-13 11:00:06.511 [background-preinit] INFO  o.h.validator.internal.util.Version [] - HV000001: Hibernate Validator 8.0.2.Final
2026-03-13 11:00:06.597 [main] INFO  com.rkt.dms.DmsApplication [] - Starting DmsApplication using Java 21.0.8 with PID 26668 (C:\Users\shashi.rai\Desktop\Projects\DMS\DMS-Backend\target\classes started by shashi.rai in C:\Users\shashi.rai\Desktop\Projects\DMS\DMS-Backend)
2026-03-13 11:00:06.599 [main] INFO  com.rkt.dms.DmsApplication [] - The following 1 profile is active: "dev"
2026-03-13 11:00:08.616 [main] INFO  o.s.d.r.c.RepositoryConfigurationDelegate [] - Bootstrapping Spring Data JPA repositories in DEFAULT mode.
2026-03-13 11:00:08.836 [main] INFO  o.s.d.r.c.RepositoryConfigurationDelegate [] - Finished Spring Data repository scanning in 205 ms. Found 16 JPA repository interfaces.
2026-03-13 11:00:10.548 [main] INFO  o.s.b.w.e.tomcat.TomcatWebServer [] - Tomcat initialized with port 8082 (http)
2026-03-13 11:00:10.579 [main] INFO  o.a.coyote.http11.Http11NioProtocol [] - Initializing ProtocolHandler ["http-nio-8082"]
2026-03-13 11:00:10.584 [main] INFO  o.a.catalina.core.StandardService [] - Starting service [Tomcat]
2026-03-13 11:00:10.585 [main] INFO  o.a.catalina.core.StandardEngine [] - Starting Servlet engine: [Apache Tomcat/10.1.34]
2026-03-13 11:00:10.731 [main] INFO  o.a.c.c.C.[Tomcat].[localhost].[/] [] - Initializing Spring embedded WebApplicationContext
2026-03-13 11:00:10.732 [main] INFO  o.s.b.w.s.c.ServletWebServerApplicationContext [] - Root WebApplicationContext: initialization completed in 4055 ms
2026-03-13 11:00:11.445 [main] INFO  o.h.jpa.internal.util.LogHelper [] - HHH000204: Processing PersistenceUnitInfo [name: default]
2026-03-13 11:00:11.581 [main] INFO  org.hibernate.Version [] - HHH000412: Hibernate ORM core version 6.6.4.Final
2026-03-13 11:00:11.649 [main] INFO  o.h.c.i.RegionFactoryInitiator [] - HHH000026: Second-level cache disabled
2026-03-13 11:00:12.170 [main] INFO  o.s.o.j.p.SpringPersistenceUnitInfo [] - No LoadTimeWeaver setup: ignoring JPA class transformer
2026-03-13 11:00:12.241 [main] INFO  com.zaxxer.hikari.HikariDataSource [] - HikariPool-1 - Starting...
2026-03-13 11:00:18.175 [main] INFO  com.zaxxer.hikari.pool.HikariPool [] - HikariPool-1 - Added connection com.mysql.cj.jdbc.ConnectionImpl@3a663a45
2026-03-13 11:00:18.179 [main] INFO  com.zaxxer.hikari.HikariDataSource [] - HikariPool-1 - Start completed.
2026-03-13 11:00:18.362 [main] WARN  org.hibernate.orm.deprecation [] - HHH90000025: MySQLDialect does not need to be specified explicitly using 'hibernate.dialect' (remove the property setting and it will be selected by default)
2026-03-13 11:00:18.395 [main] INFO  o.hibernate.orm.connections.pooling [] - HHH10001005: Database info:
	Database JDBC URL [Connecting through datasource 'HikariDataSource (HikariPool-1)']
	Database driver: undefined/unknown
	Database version: 8.0.33
	Autocommit mode: undefined/unknown
	Isolation level: undefined/unknown
	Minimum pool size: undefined/unknown
	Maximum pool size: undefined/unknown
2026-03-13 11:00:20.412 [main] INFO  o.h.e.t.j.p.i.JtaPlatformInitiator [] - HHH000489: No JTA platform available (set 'hibernate.transaction.jta.platform' to enable JTA platform integration)
2026-03-13 11:00:21.825 [main] INFO  o.s.o.j.LocalContainerEntityManagerFactoryBean [] - Initialized JPA EntityManagerFactory for persistence unit 'default'
2026-03-13 11:00:22.371 [main] INFO  o.s.d.j.r.query.QueryEnhancerFactory [] - Hibernate is in classpath; If applicable, HQL parser will be used.
2026-03-13 11:00:25.686 [main] INFO  o.s.s.c.a.a.c.InitializeUserDetailsBeanManagerConfigurer$InitializeUserDetailsManagerConfigurer [] - Global AuthenticationManager configured with UserDetailsService bean with name userDetailsServiceImpl
2026-03-13 11:00:25.875 [main] WARN  o.s.b.a.o.j.JpaBaseConfiguration$JpaWebConfiguration [] - spring.jpa.open-in-view is enabled by default. Therefore, database queries may be performed during view rendering. Explicitly configure spring.jpa.open-in-view to disable this warning
2026-03-13 11:00:26.863 [main] INFO  o.s.b.a.e.web.EndpointLinksResolver [] - Exposing 3 endpoints beneath base path '/actuator'
2026-03-13 11:00:27.890 [main] INFO  o.a.coyote.http11.Http11NioProtocol [] - Starting ProtocolHandler ["http-nio-8082"]
2026-03-13 11:00:27.931 [main] INFO  o.s.b.w.e.tomcat.TomcatWebServer [] - Tomcat started on port 8082 (http) with context path '/'
2026-03-13 11:00:27.954 [main] INFO  com.rkt.dms.DmsApplication [] - Started DmsApplication in 22.054 seconds (process running for 23.753)
2026-03-13 11:00:29.439 [http-nio-8082-exec-3] INFO  o.a.c.c.C.[Tomcat].[localhost].[/] [] - Initializing Spring DispatcherServlet 'dispatcherServlet'
2026-03-13 11:00:29.440 [http-nio-8082-exec-3] INFO  o.s.web.servlet.DispatcherServlet [] - Initializing Servlet 'dispatcherServlet'
2026-03-13 11:00:29.445 [http-nio-8082-exec-3] INFO  o.s.web.servlet.DispatcherServlet [] - Completed initialization in 4 ms
2026-03-13 11:00:50.295 [http-nio-8082-exec-2] WARN  o.s.web.servlet.PageNotFound [4ab85384-4b3e-4c8f-b974-702dd511deb2] - No mapping for GET /api/documents/viewer-users/104
2026-03-13 11:01:30.191 [http-nio-8082-exec-6] WARN  o.s.web.servlet.PageNotFound [03f84d6a-75b3-4011-af35-c6d812799997] - No mapping for GET /api/documents/viewer-users/104
2026-03-13 11:01:37.151 [http-nio-8082-exec-9] WARN  o.s.web.servlet.PageNotFound [32a4e685-5cb2-4bbe-83d0-41f82eea2975] - No mapping for GET /api/documents/viewer-users/104
2026-03-13 11:01:40.892 [http-nio-8082-exec-1] WARN  o.s.web.servlet.PageNotFound [cc0c19de-cef9-45bd-addf-76fecea6b7ff] - No mapping for GET /api/documents/viewer-users/104
2026-03-13 11:01:43.255 [http-nio-8082-exec-2] WARN  o.s.web.servlet.PageNotFound [d29a7893-23f9-4566-bb20-f2d4643cbb0e] - No mapping for GET /api/documents/viewer-users/104
2026-03-13 11:02:01.294 [http-nio-8082-exec-7] WARN  o.s.web.servlet.PageNotFound [c2085ccc-6700-4202-92b8-08cbd0c90339] - No mapping for GET /api/documents/viewer-users/104
2026-03-13 11:02:04.293 [http-nio-8082-exec-8] WARN  o.s.web.servlet.PageNotFound [fac6f1a0-a6f3-409f-97fb-ab82209e6042] - No mapping for GET /api/documents/viewer-users/104
2026-03-13 11:07:19.925 [http-nio-8082-exec-9] ERROR o.a.c.c.C.[.[.[.[dispatcherServlet] [] - Servlet.service() for servlet [dispatcherServlet] in context with path [] threw exception
org.springframework.security.authentication.AuthenticationServiceException: Invalid token
	at com.rkt.dms.jwt.filter.JwtFilter.doFilterInternal(JwtFilter.java:98)
	at org.springframework.web.filter.OncePerRequestFilter.doFilter(OncePerRequestFilter.java:116)
	at org.springframework.security.web.ObservationFilterChainDecorator$ObservationFilter.wrapFilter(ObservationFilterChainDecorator.java:240)
	at org.springframework.security.web.ObservationFilterChainDecorator$ObservationFilter.doFilter(ObservationFilterChainDecorator.java:227)
	at org.springframework.security.web.ObservationFilterChainDecorator$VirtualFilterChain.doFilter(ObservationFilterChainDecorator.java:137)
	at com.rkt.dms.audit.RequestAuditFilter.doFilterInternal(RequestAuditFilter.java:52)
	at org.springframework.web.filter.OncePerRequestFilter.doFilter(OncePerRequestFilter.java:116)
	at org.springframework.security.web.ObservationFilterChainDecorator$ObservationFilter.wrapFilter(ObservationFilterChainDecorator.java:240)
	at org.springframework.security.web.ObservationFilterChainDecorator$ObservationFilter.doFilter(ObservationFilterChainDecorator.java:227)
	at org.springframework.security.web.ObservationFilterChainDecorator$VirtualFilterChain.doFilter(ObservationFilterChainDecorator.java:137)
	at org.springframework.security.web.authentication.logout.LogoutFilter.doFilter(LogoutFilter.java:107)
	at org.springframework.security.web.authentication.logout.LogoutFilter.doFilter(LogoutFilter.java:93)
	at org.springframework.security.web.ObservationFilterChainDecorator$ObservationFilter.wrapFilter(ObservationFilterChainDecorator.java:240)
	at org.springframework.security.web.ObservationFilterChainDecorator$ObservationFilter.doFilter(ObservationFilterChainDecorator.java:227)
	at org.springframework.security.web.ObservationFilterChainDecorator$VirtualFilterChain.doFilter(ObservationFilterChainDecorator.java:137)
	at org.springframework.web.filter.CorsFilter.doFilterInternal(CorsFilter.java:91)
	at org.springframework.web.filter.OncePerRequestFilter.doFilter(OncePerRequestFilter.java:116)
	at org.springframework.security.web.ObservationFilterChainDecorator$ObservationFilter.wrapFilter(ObservationFilterChainDecorator.java:240)
	at org.springframework.security.web.ObservationFilterChainDecorator$ObservationFilter.doFilter(ObservationFilterChainDecorator.java:227)
	at org.springframework.security.web.ObservationFilterChainDecorator$VirtualFilterChain.doFilter(ObservationFilterChainDecorator.java:137)
	at org.springframework.security.web.header.HeaderWriterFilter.doHeadersAfter(HeaderWriterFilter.java:90)
	at org.springframework.security.web.header.HeaderWriterFilter.doFilterInternal(HeaderWriterFilter.java:75)
	at org.springframework.web.filter.OncePerRequestFilter.doFilter(OncePerRequestFilter.java:116)
	at org.springframework.security.web.ObservationFilterChainDecorator$ObservationFilter.wrapFilter(ObservationFilterChainDecorator.java:240)
	at org.springframework.security.web.ObservationFilterChainDecorator$ObservationFilter.doFilter(ObservationFilterChainDecorator.java:227)
	at org.springframework.security.web.ObservationFilterChainDecorator$VirtualFilterChain.doFilter(ObservationFilterChainDecorator.java:137)
	at org.springframework.security.web.context.SecurityContextHolderFilter.doFilter(SecurityContextHolderFilter.java:82)
	at org.springframework.security.web.context.SecurityContextHolderFilter.doFilter(SecurityContextHolderFilter.java:69)
	at org.springframework.security.web.ObservationFilterChainDecorator$ObservationFilter.wrapFilter(ObservationFilterChainDecorator.java:240)
	at org.springframework.security.web.ObservationFilterChainDecorator$ObservationFilter.doFilter(ObservationFilterChainDecorator.java:227)
	at org.springframework.security.web.ObservationFilterChainDecorator$VirtualFilterChain.doFilter(ObservationFilterChainDecorator.java:137)
	at org.springframework.security.web.context.request.async.WebAsyncManagerIntegrationFilter.doFilterInternal(WebAsyncManagerIntegrationFilter.java:62)
	at org.springframework.web.filter.OncePerRequestFilter.doFilter(OncePerRequestFilter.java:116)
	at org.springframework.security.web.ObservationFilterChainDecorator$ObservationFilter.wrapFilter(ObservationFilterChainDecorator.java:240)
	at org.springframework.security.web.ObservationFilterChainDecorator$ObservationFilter.doFilter(ObservationFilterChainDecorator.java:227)
	at org.springframework.security.web.ObservationFilterChainDecorator$VirtualFilterChain.doFilter(ObservationFilterChainDecorator.java:137)
	at org.springframework.security.web.session.DisableEncodeUrlFilter.doFilterInternal(DisableEncodeUrlFilter.java:42)
	at org.springframework.web.filter.OncePerRequestFilter.doFilter(OncePerRequestFilter.java:116)
	at org.springframework.security.web.ObservationFilterChainDecorator$ObservationFilter.wrapFilter(ObservationFilterChainDecorator.java:240)
	at org.springframework.security.web.ObservationFilterChainDecorator$AroundFilterObservation$SimpleAroundFilterObservation.lambda$wrap$0(ObservationFilterChainDecorator.java:323)
	at org.springframework.security.web.ObservationFilterChainDecorator$ObservationFilter.doFilter(ObservationFilterChainDecorator.java:224)
	at org.springframework.security.web.ObservationFilterChainDecorator$VirtualFilterChain.doFilter(ObservationFilterChainDecorator.java:137)
	at org.springframework.security.web.FilterChainProxy.doFilterInternal(FilterChainProxy.java:233)
	at org.springframework.security.web.FilterChainProxy.doFilter(FilterChainProxy.java:191)
	at org.springframework.web.filter.CompositeFilter$VirtualFilterChain.doFilter(CompositeFilter.java:113)
	at org.springframework.web.servlet.handler.HandlerMappingIntrospector.lambda$createCacheFilter$3(HandlerMappingIntrospector.java:243)
	at org.springframework.web.filter.CompositeFilter$VirtualFilterChain.doFilter(CompositeFilter.java:113)
	at org.springframework.web.filter.CompositeFilter.doFilter(CompositeFilter.java:74)
	at org.springframework.security.config.annotation.web.configuration.WebMvcSecurityConfiguration$CompositeFilterChainProxy.doFilter(WebMvcSecurityConfiguration.java:238)
	at org.springframework.web.filter.DelegatingFilterProxy.invokeDelegate(DelegatingFilterProxy.java:362)
	at org.springframework.web.filter.DelegatingFilterProxy.doFilter(DelegatingFilterProxy.java:278)
	at org.apache.catalina.core.ApplicationFilterChain.internalDoFilter(ApplicationFilterChain.java:164)
	at org.apache.catalina.core.ApplicationFilterChain.doFilter(ApplicationFilterChain.java:140)
	at org.springframework.web.filter.RequestContextFilter.doFilterInternal(RequestContextFilter.java:100)
	at org.springframework.web.filter.OncePerRequestFilter.doFilter(OncePerRequestFilter.java:116)
	at org.apache.catalina.core.ApplicationFilterChain.internalDoFilter(ApplicationFilterChain.java:164)
	at org.apache.catalina.core.ApplicationFilterChain.doFilter(ApplicationFilterChain.java:140)
	at org.springframework.web.filter.FormContentFilter.doFilterInternal(FormContentFilter.java:93)
	at org.springframework.web.filter.OncePerRequestFilter.doFilter(OncePerRequestFilter.java:116)
	at org.apache.catalina.core.ApplicationFilterChain.internalDoFilter(ApplicationFilterChain.java:164)
	at org.apache.catalina.core.ApplicationFilterChain.doFilter(ApplicationFilterChain.java:140)
	at org.springframework.web.filter.ServerHttpObservationFilter.doFilterInternal(ServerHttpObservationFilter.java:114)
	at org.springframework.web.filter.OncePerRequestFilter.doFilter(OncePerRequestFilter.java:116)
	at org.apache.catalina.core.ApplicationFilterChain.internalDoFilter(ApplicationFilterChain.java:164)
	at org.apache.catalina.core.ApplicationFilterChain.doFilter(ApplicationFilterChain.java:140)
	at org.springframework.web.filter.CharacterEncodingFilter.doFilterInternal(CharacterEncodingFilter.java:201)
	at org.springframework.web.filter.OncePerRequestFilter.doFilter(OncePerRequestFilter.java:116)
	at org.apache.catalina.core.ApplicationFilterChain.internalDoFilter(ApplicationFilterChain.java:164)
	at org.apache.catalina.core.ApplicationFilterChain.doFilter(ApplicationFilterChain.java:140)
	at org.apache.catalina.core.StandardWrapperValve.invoke(StandardWrapperValve.java:167)
	at org.apache.catalina.core.StandardContextValve.invoke(StandardContextValve.java:90)
	at org.apache.catalina.authenticator.AuthenticatorBase.invoke(AuthenticatorBase.java:483)
	at org.apache.catalina.core.StandardHostValve.invoke(StandardHostValve.java:115)
	at org.apache.catalina.valves.ErrorReportValve.invoke(ErrorReportValve.java:93)
	at org.apache.catalina.core.StandardEngineValve.invoke(StandardEngineValve.java:74)
	at org.apache.catalina.connector.CoyoteAdapter.service(CoyoteAdapter.java:344)
	at org.apache.coyote.http11.Http11Processor.service(Http11Processor.java:397)
	at org.apache.coyote.AbstractProcessorLight.process(AbstractProcessorLight.java:63)
	at org.apache.coyote.AbstractProtocol$ConnectionHandler.process(AbstractProtocol.java:905)
	at org.apache.tomcat.util.net.NioEndpoint$SocketProcessor.doRun(NioEndpoint.java:1741)
	at org.apache.tomcat.util.net.SocketProcessorBase.run(SocketProcessorBase.java:52)
	at org.apache.tomcat.util.threads.ThreadPoolExecutor.runWorker(ThreadPoolExecutor.java:1190)
	at org.apache.tomcat.util.threads.ThreadPoolExecutor$Worker.run(ThreadPoolExecutor.java:659)
	at org.apache.tomcat.util.threads.TaskThread$WrappingRunnable.run(TaskThread.java:63)
	at java.base/java.lang.Thread.run(Thread.java:1583)
Caused by: io.jsonwebtoken.MalformedJwtException: JWT strings must contain exactly 2 period characters. Found: 0
	at io.jsonwebtoken.impl.DefaultJwtParser.parse(DefaultJwtParser.java:275)
	at io.jsonwebtoken.impl.DefaultJwtParser.parse(DefaultJwtParser.java:529)
	at io.jsonwebtoken.impl.DefaultJwtParser.parseClaimsJws(DefaultJwtParser.java:589)
	at io.jsonwebtoken.impl.ImmutableJwtParser.parseClaimsJws(ImmutableJwtParser.java:173)
	at com.rkt.dms.jwt.utilis.JwtUtil.extractAllClaims(JwtUtil.java:98)
	at com.rkt.dms.jwt.utilis.JwtUtil.isTokenExpired(JwtUtil.java:110)
	at com.rkt.dms.jwt.utilis.JwtUtil.validateToken(JwtUtil.java:105)
	at com.rkt.dms.jwt.filter.JwtFilter.doFilterInternal(JwtFilter.java:50)
	... 84 common frames omitted
2026-03-13 11:22:15.161 [http-nio-8082-exec-2] WARN  o.s.web.servlet.PageNotFound [911b8552-e20f-4880-a721-eb4df0bfe0b8] - No mapping for POST /dms/menu-items/create-menu
2026-03-13 11:36:13.855 [background-preinit] INFO  o.h.validator.internal.util.Version [] - HV000001: Hibernate Validator 8.0.2.Final
2026-03-13 11:36:13.979 [main] INFO  com.rkt.dms.DmsApplication [] - Starting DmsApplication using Java 21.0.8 with PID 32156 (C:\Users\shashi.rai\Desktop\Projects\DMS\DMS-Backend\target\classes started by shashi.rai in C:\Users\shashi.rai\Desktop\Projects\DMS\DMS-Backend)
2026-03-13 11:36:13.982 [main] INFO  com.rkt.dms.DmsApplication [] - The following 1 profile is active: "dev"
2026-03-13 11:36:16.693 [main] INFO  o.s.d.r.c.RepositoryConfigurationDelegate [] - Bootstrapping Spring Data JPA repositories in DEFAULT mode.
2026-03-13 11:36:16.966 [main] INFO  o.s.d.r.c.RepositoryConfigurationDelegate [] - Finished Spring Data repository scanning in 253 ms. Found 16 JPA repository interfaces.
2026-03-13 11:36:19.272 [main] INFO  o.s.b.w.e.tomcat.TomcatWebServer [] - Tomcat initialized with port 8082 (http)
2026-03-13 11:36:19.311 [main] INFO  o.a.coyote.http11.Http11NioProtocol [] - Initializing ProtocolHandler ["http-nio-8082"]
2026-03-13 11:36:19.317 [main] INFO  o.a.catalina.core.StandardService [] - Starting service [Tomcat]
2026-03-13 11:36:19.318 [main] INFO  o.a.catalina.core.StandardEngine [] - Starting Servlet engine: [Apache Tomcat/10.1.34]
2026-03-13 11:36:19.475 [main] INFO  o.a.c.c.C.[Tomcat].[localhost].[/] [] - Initializing Spring embedded WebApplicationContext
2026-03-13 11:36:19.476 [main] INFO  o.s.b.w.s.c.ServletWebServerApplicationContext [] - Root WebApplicationContext: initialization completed in 5344 ms
2026-03-13 11:36:20.194 [main] INFO  o.h.jpa.internal.util.LogHelper [] - HHH000204: Processing PersistenceUnitInfo [name: default]
2026-03-13 11:36:20.377 [main] INFO  org.hibernate.Version [] - HHH000412: Hibernate ORM core version 6.6.4.Final
2026-03-13 11:36:20.469 [main] INFO  o.h.c.i.RegionFactoryInitiator [] - HHH000026: Second-level cache disabled
2026-03-13 11:36:21.099 [main] INFO  o.s.o.j.p.SpringPersistenceUnitInfo [] - No LoadTimeWeaver setup: ignoring JPA class transformer
2026-03-13 11:36:21.185 [main] INFO  com.zaxxer.hikari.HikariDataSource [] - HikariPool-1 - Starting...
2026-03-13 11:36:24.114 [main] INFO  com.zaxxer.hikari.pool.HikariPool [] - HikariPool-1 - Added connection com.mysql.cj.jdbc.ConnectionImpl@74a3160d
2026-03-13 11:36:24.117 [main] INFO  com.zaxxer.hikari.HikariDataSource [] - HikariPool-1 - Start completed.
2026-03-13 11:36:24.244 [main] WARN  org.hibernate.orm.deprecation [] - HHH90000025: MySQLDialect does not need to be specified explicitly using 'hibernate.dialect' (remove the property setting and it will be selected by default)
2026-03-13 11:36:24.280 [main] INFO  o.hibernate.orm.connections.pooling [] - HHH10001005: Database info:
	Database JDBC URL [Connecting through datasource 'HikariDataSource (HikariPool-1)']
	Database driver: undefined/unknown
	Database version: 8.0.33
	Autocommit mode: undefined/unknown
	Isolation level: undefined/unknown
	Minimum pool size: undefined/unknown
	Maximum pool size: undefined/unknown
2026-03-13 11:36:26.945 [main] INFO  o.h.e.t.j.p.i.JtaPlatformInitiator [] - HHH000489: No JTA platform available (set 'hibernate.transaction.jta.platform' to enable JTA platform integration)
2026-03-13 11:36:27.358 [main] INFO  o.s.o.j.LocalContainerEntityManagerFactoryBean [] - Initialized JPA EntityManagerFactory for persistence unit 'default'
2026-03-13 11:36:28.119 [main] INFO  o.s.d.j.r.query.QueryEnhancerFactory [] - Hibernate is in classpath; If applicable, HQL parser will be used.
2026-03-13 11:36:31.966 [main] INFO  o.s.s.c.a.a.c.InitializeUserDetailsBeanManagerConfigurer$InitializeUserDetailsManagerConfigurer [] - Global AuthenticationManager configured with UserDetailsService bean with name userDetailsServiceImpl
2026-03-13 11:36:32.189 [main] WARN  o.s.b.a.o.j.JpaBaseConfiguration$JpaWebConfiguration [] - spring.jpa.open-in-view is enabled by default. Therefore, database queries may be performed during view rendering. Explicitly configure spring.jpa.open-in-view to disable this warning
2026-03-13 11:36:33.090 [main] INFO  o.s.b.a.e.web.EndpointLinksResolver [] - Exposing 3 endpoints beneath base path '/actuator'
2026-03-13 11:36:34.169 [main] INFO  o.a.coyote.http11.Http11NioProtocol [] - Starting ProtocolHandler ["http-nio-8082"]
2026-03-13 11:36:34.216 [main] INFO  o.s.b.w.e.tomcat.TomcatWebServer [] - Tomcat started on port 8082 (http) with context path '/'
2026-03-13 11:36:34.247 [main] INFO  com.rkt.dms.DmsApplication [] - Started DmsApplication in 21.435 seconds (process running for 23.405)
2026-03-13 11:36:36.272 [http-nio-8082-exec-2] INFO  o.a.c.c.C.[Tomcat].[localhost].[/] [] - Initializing Spring DispatcherServlet 'dispatcherServlet'
2026-03-13 11:36:36.273 [http-nio-8082-exec-2] INFO  o.s.web.servlet.DispatcherServlet [] - Initializing Servlet 'dispatcherServlet'
2026-03-13 11:36:36.274 [http-nio-8082-exec-2] INFO  o.s.web.servlet.DispatcherServlet [] - Completed initialization in 1 ms
2026-03-13 11:44:06.400 [background-preinit] INFO  o.h.validator.internal.util.Version [] - HV000001: Hibernate Validator 8.0.2.Final
2026-03-13 11:44:06.487 [main] INFO  com.rkt.dms.DmsApplication [] - Starting DmsApplication using Java 21.0.8 with PID 34232 (C:\Users\shashi.rai\Desktop\Projects\DMS\DMS-Backend\target\classes started by shashi.rai in C:\Users\shashi.rai\Desktop\Projects\DMS\DMS-Backend)
2026-03-13 11:44:06.489 [main] INFO  com.rkt.dms.DmsApplication [] - The following 1 profile is active: "dev"
2026-03-13 11:44:08.799 [main] INFO  o.s.d.r.c.RepositoryConfigurationDelegate [] - Bootstrapping Spring Data JPA repositories in DEFAULT mode.
2026-03-13 11:44:09.052 [main] INFO  o.s.d.r.c.RepositoryConfigurationDelegate [] - Finished Spring Data repository scanning in 235 ms. Found 16 JPA repository interfaces.
2026-03-13 11:44:11.193 [main] INFO  o.s.b.w.e.tomcat.TomcatWebServer [] - Tomcat initialized with port 8082 (http)
2026-03-13 11:44:11.222 [main] INFO  o.a.coyote.http11.Http11NioProtocol [] - Initializing ProtocolHandler ["http-nio-8082"]
2026-03-13 11:44:11.228 [main] INFO  o.a.catalina.core.StandardService [] - Starting service [Tomcat]
2026-03-13 11:44:11.230 [main] INFO  o.a.catalina.core.StandardEngine [] - Starting Servlet engine: [Apache Tomcat/10.1.34]
2026-03-13 11:44:11.363 [main] INFO  o.a.c.c.C.[Tomcat].[localhost].[/] [] - Initializing Spring embedded WebApplicationContext
2026-03-13 11:44:11.365 [main] INFO  o.s.b.w.s.c.ServletWebServerApplicationContext [] - Root WebApplicationContext: initialization completed in 4784 ms
2026-03-13 11:44:12.068 [main] INFO  o.h.jpa.internal.util.LogHelper [] - HHH000204: Processing PersistenceUnitInfo [name: default]
2026-03-13 11:44:12.196 [main] INFO  org.hibernate.Version [] - HHH000412: Hibernate ORM core version 6.6.4.Final
2026-03-13 11:44:12.280 [main] INFO  o.h.c.i.RegionFactoryInitiator [] - HHH000026: Second-level cache disabled
2026-03-13 11:44:12.823 [main] INFO  o.s.o.j.p.SpringPersistenceUnitInfo [] - No LoadTimeWeaver setup: ignoring JPA class transformer
2026-03-13 11:44:12.875 [main] INFO  com.zaxxer.hikari.HikariDataSource [] - HikariPool-1 - Starting...
2026-03-13 11:44:18.376 [main] WARN  com.zaxxer.hikari.pool.PoolBase [] - HikariPool-1 - Default transaction isolation level detection failed (No operations allowed after connection closed.).
2026-03-13 11:44:18.377 [main] ERROR com.zaxxer.hikari.pool.HikariPool [] - HikariPool-1 - Error thrown while acquiring connection from data source
java.sql.SQLNonTransientConnectionException: No operations allowed after connection closed.
	at com.mysql.cj.jdbc.exceptions.SQLError.createSQLException(SQLError.java:102)
	at com.mysql.cj.jdbc.exceptions.SQLError.createSQLException(SQLError.java:89)
	at com.mysql.cj.jdbc.exceptions.SQLError.createSQLException(SQLError.java:81)
	at com.mysql.cj.jdbc.exceptions.SQLError.createSQLException(SQLError.java:55)
	at com.mysql.cj.jdbc.exceptions.SQLError.createSQLException(SQLError.java:65)
	at com.mysql.cj.jdbc.exceptions.SQLExceptionsMapping.translateException(SQLExceptionsMapping.java:64)
	at com.mysql.cj.jdbc.ConnectionImpl.setTransactionIsolation(ConnectionImpl.java:2480)
	at com.zaxxer.hikari.pool.PoolBase.setupConnection(PoolBase.java:415)
	at com.zaxxer.hikari.pool.PoolBase.newConnection(PoolBase.java:365)
	at com.zaxxer.hikari.pool.PoolBase.newPoolEntry(PoolBase.java:202)
	at com.zaxxer.hikari.pool.HikariPool.createPoolEntry(HikariPool.java:461)
	at com.zaxxer.hikari.pool.HikariPool.checkFailFast(HikariPool.java:550)
	at com.zaxxer.hikari.pool.HikariPool.<init>(HikariPool.java:98)
	at com.zaxxer.hikari.HikariDataSource.getConnection(HikariDataSource.java:111)
	at org.hibernate.engine.jdbc.connections.internal.DatasourceConnectionProviderImpl.getConnection(DatasourceConnectionProviderImpl.java:126)
	at org.hibernate.engine.jdbc.env.internal.JdbcEnvironmentInitiator$ConnectionProviderJdbcConnectionAccess.obtainConnection(JdbcEnvironmentInitiator.java:467)
	at org.hibernate.resource.transaction.backend.jdbc.internal.JdbcIsolationDelegate.delegateWork(JdbcIsolationDelegate.java:61)
	at org.hibernate.engine.jdbc.env.internal.JdbcEnvironmentInitiator.getJdbcEnvironmentUsingJdbcMetadata(JdbcEnvironmentInitiator.java:320)
	at org.hibernate.engine.jdbc.env.internal.JdbcEnvironmentInitiator.initiateService(JdbcEnvironmentInitiator.java:129)
	at org.hibernate.engine.jdbc.env.internal.JdbcEnvironmentInitiator.initiateService(JdbcEnvironmentInitiator.java:81)
	at org.hibernate.boot.registry.internal.StandardServiceRegistryImpl.initiateService(StandardServiceRegistryImpl.java:130)
	at org.hibernate.service.internal.AbstractServiceRegistryImpl.createService(AbstractServiceRegistryImpl.java:263)
	at org.hibernate.service.internal.AbstractServiceRegistryImpl.initializeService(AbstractServiceRegistryImpl.java:238)
	at org.hibernate.service.internal.AbstractServiceRegistryImpl.getService(AbstractServiceRegistryImpl.java:215)
	at org.hibernate.boot.model.relational.Database.<init>(Database.java:45)
	at org.hibernate.boot.internal.InFlightMetadataCollectorImpl.getDatabase(InFlightMetadataCollectorImpl.java:226)
	at org.hibernate.boot.internal.InFlightMetadataCollectorImpl.<init>(InFlightMetadataCollectorImpl.java:194)
	at org.hibernate.boot.model.process.spi.MetadataBuildingProcess.complete(MetadataBuildingProcess.java:171)
	at org.hibernate.jpa.boot.internal.EntityManagerFactoryBuilderImpl.metadata(EntityManagerFactoryBuilderImpl.java:1431)
	at org.hibernate.jpa.boot.internal.EntityManagerFactoryBuilderImpl.build(EntityManagerFactoryBuilderImpl.java:1502)
	at org.springframework.orm.jpa.vendor.SpringHibernateJpaPersistenceProvider.createContainerEntityManagerFactory(SpringHibernateJpaPersistenceProvider.java:66)
	at org.springframework.orm.jpa.LocalContainerEntityManagerFactoryBean.createNativeEntityManagerFactory(LocalContainerEntityManagerFactoryBean.java:390)
	at org.springframework.orm.jpa.AbstractEntityManagerFactoryBean.buildNativeEntityManagerFactory(AbstractEntityManagerFactoryBean.java:419)
	at org.springframework.orm.jpa.AbstractEntityManagerFactoryBean.afterPropertiesSet(AbstractEntityManagerFactoryBean.java:400)
	at org.springframework.orm.jpa.LocalContainerEntityManagerFactoryBean.afterPropertiesSet(LocalContainerEntityManagerFactoryBean.java:366)
	at org.springframework.beans.factory.support.AbstractAutowireCapableBeanFactory.invokeInitMethods(AbstractAutowireCapableBeanFactory.java:1855)
	at org.springframework.beans.factory.support.AbstractAutowireCapableBeanFactory.initializeBean(AbstractAutowireCapableBeanFactory.java:1804)
	at org.springframework.beans.factory.support.AbstractAutowireCapableBeanFactory.doCreateBean(AbstractAutowireCapableBeanFactory.java:601)
	at org.springframework.beans.factory.support.AbstractAutowireCapableBeanFactory.createBean(AbstractAutowireCapableBeanFactory.java:523)
	at org.springframework.beans.factory.support.AbstractBeanFactory.lambda$doGetBean$0(AbstractBeanFactory.java:336)
	at org.springframework.beans.factory.support.DefaultSingletonBeanRegistry.getSingleton(DefaultSingletonBeanRegistry.java:289)
	at org.springframework.beans.factory.support.AbstractBeanFactory.doGetBean(AbstractBeanFactory.java:334)
	at org.springframework.beans.factory.support.AbstractBeanFactory.getBean(AbstractBeanFactory.java:199)
	at org.springframework.beans.factory.support.BeanDefinitionValueResolver.resolveReference(BeanDefinitionValueResolver.java:365)
	at org.springframework.beans.factory.support.BeanDefinitionValueResolver.resolveValueIfNecessary(BeanDefinitionValueResolver.java:135)
	at org.springframework.beans.factory.support.ConstructorResolver.resolveConstructorArguments(ConstructorResolver.java:691)
	at org.springframework.beans.factory.support.ConstructorResolver.instantiateUsingFactoryMethod(ConstructorResolver.java:513)
	at org.springframework.beans.factory.support.AbstractAutowireCapableBeanFactory.instantiateUsingFactoryMethod(AbstractAutowireCapableBeanFactory.java:1357)
	at org.springframework.beans.factory.support.AbstractAutowireCapableBeanFactory.createBeanInstance(AbstractAutowireCapableBeanFactory.java:1187)
	at org.springframework.beans.factory.support.AbstractAutowireCapableBeanFactory.doCreateBean(AbstractAutowireCapableBeanFactory.java:563)
	at org.springframework.beans.factory.support.AbstractAutowireCapableBeanFactory.createBean(AbstractAutowireCapableBeanFactory.java:523)
	at org.springframework.beans.factory.support.AbstractBeanFactory.lambda$doGetBean$0(AbstractBeanFactory.java:336)
	at org.springframework.beans.factory.support.DefaultSingletonBeanRegistry.getSingleton(DefaultSingletonBeanRegistry.java:289)
	at org.springframework.beans.factory.support.AbstractBeanFactory.doGetBean(AbstractBeanFactory.java:334)
	at org.springframework.beans.factory.support.AbstractBeanFactory.getBean(AbstractBeanFactory.java:199)
	at org.springframework.beans.factory.support.BeanDefinitionValueResolver.resolveReference(BeanDefinitionValueResolver.java:365)
	at org.springframework.beans.factory.support.BeanDefinitionValueResolver.resolveValueIfNecessary(BeanDefinitionValueResolver.java:135)
	at org.springframework.beans.factory.support.AbstractAutowireCapableBeanFactory.applyPropertyValues(AbstractAutowireCapableBeanFactory.java:1707)
	at org.springframework.beans.factory.support.AbstractAutowireCapableBeanFactory.populateBean(AbstractAutowireCapableBeanFactory.java:1456)
	at org.springframework.beans.factory.support.AbstractAutowireCapableBeanFactory.doCreateBean(AbstractAutowireCapableBeanFactory.java:600)
	at org.springframework.beans.factory.support.AbstractAutowireCapableBeanFactory.createBean(AbstractAutowireCapableBeanFactory.java:523)
	at org.springframework.beans.factory.support.AbstractBeanFactory.lambda$doGetBean$0(AbstractBeanFactory.java:336)
	at org.springframework.beans.factory.support.DefaultSingletonBeanRegistry.getSingleton(DefaultSingletonBeanRegistry.java:289)
	at org.springframework.beans.factory.support.AbstractBeanFactory.doGetBean(AbstractBeanFactory.java:334)
	at org.springframework.beans.factory.support.AbstractBeanFactory.getBean(AbstractBeanFactory.java:199)
	at org.springframework.beans.factory.support.DefaultListableBeanFactory.doResolveDependency(DefaultListableBeanFactory.java:1573)
	at org.springframework.beans.factory.support.DefaultListableBeanFactory.resolveDependency(DefaultListableBeanFactory.java:1519)
	at org.springframework.beans.factory.support.ConstructorResolver.resolveAutowiredArgument(ConstructorResolver.java:913)
	at org.springframework.beans.factory.support.ConstructorResolver.createArgumentArray(ConstructorResolver.java:791)
	at org.springframework.beans.factory.support.ConstructorResolver.autowireConstructor(ConstructorResolver.java:240)
	at org.springframework.beans.factory.support.AbstractAutowireCapableBeanFactory.autowireConstructor(AbstractAutowireCapableBeanFactory.java:1377)
	at org.springframework.beans.factory.support.AbstractAutowireCapableBeanFactory.createBeanInstance(AbstractAutowireCapableBeanFactory.java:1214)
	at org.springframework.beans.factory.support.AbstractAutowireCapableBeanFactory.doCreateBean(AbstractAutowireCapableBeanFactory.java:563)
	at org.springframework.beans.factory.support.AbstractAutowireCapableBeanFactory.createBean(AbstractAutowireCapableBeanFactory.java:523)
	at org.springframework.beans.factory.support.AbstractBeanFactory.lambda$doGetBean$0(AbstractBeanFactory.java:336)
	at org.springframework.beans.factory.support.DefaultSingletonBeanRegistry.getSingleton(DefaultSingletonBeanRegistry.java:289)
	at org.springframework.beans.factory.support.AbstractBeanFactory.doGetBean(AbstractBeanFactory.java:334)
	at org.springframework.beans.factory.support.AbstractBeanFactory.getBean(AbstractBeanFactory.java:199)
	at org.springframework.beans.factory.config.DependencyDescriptor.resolveCandidate(DependencyDescriptor.java:254)
	at org.springframework.beans.factory.support.DefaultListableBeanFactory.doResolveDependency(DefaultListableBeanFactory.java:1631)
	at org.springframework.beans.factory.support.DefaultListableBeanFactory.resolveDependency(DefaultListableBeanFactory.java:1519)
	at org.springframework.beans.factory.support.ConstructorResolver.resolveAutowiredArgument(ConstructorResolver.java:913)
	at org.springframework.beans.factory.support.ConstructorResolver.createArgumentArray(ConstructorResolver.java:791)
	at org.springframework.beans.factory.support.ConstructorResolver.autowireConstructor(ConstructorResolver.java:240)
	at org.springframework.beans.factory.support.AbstractAutowireCapableBeanFactory.autowireConstructor(AbstractAutowireCapableBeanFactory.java:1377)
	at org.springframework.beans.factory.support.AbstractAutowireCapableBeanFactory.createBeanInstance(AbstractAutowireCapableBeanFactory.java:1214)
	at org.springframework.beans.factory.support.AbstractAutowireCapableBeanFactory.doCreateBean(AbstractAutowireCapableBeanFactory.java:563)
	at org.springframework.beans.factory.support.AbstractAutowireCapableBeanFactory.createBean(AbstractAutowireCapableBeanFactory.java:523)
	at org.springframework.beans.factory.support.AbstractBeanFactory.lambda$doGetBean$0(AbstractBeanFactory.java:336)
	at org.springframework.beans.factory.support.DefaultSingletonBeanRegistry.getSingleton(DefaultSingletonBeanRegistry.java:289)
	at org.springframework.beans.factory.support.AbstractBeanFactory.doGetBean(AbstractBeanFactory.java:334)
	at org.springframework.beans.factory.support.AbstractBeanFactory.getBean(AbstractBeanFactory.java:204)
	at org.springframework.boot.web.servlet.ServletContextInitializerBeans.getOrderedBeansOfType(ServletContextInitializerBeans.java:211)
	at org.springframework.boot.web.servlet.ServletContextInitializerBeans.addAsRegistrationBean(ServletContextInitializerBeans.java:174)
	at org.springframework.boot.web.servlet.ServletContextInitializerBeans.addAsRegistrationBean(ServletContextInitializerBeans.java:169)
	at org.springframework.boot.web.servlet.ServletContextInitializerBeans.addAdaptableBeans(ServletContextInitializerBeans.java:154)
	at org.springframework.boot.web.servlet.ServletContextInitializerBeans.<init>(ServletContextInitializerBeans.java:87)
	at org.springframework.boot.web.servlet.context.ServletWebServerApplicationContext.getServletContextInitializerBeans(ServletWebServerApplicationContext.java:266)
	at org.springframework.boot.web.servlet.context.ServletWebServerApplicationContext.selfInitialize(ServletWebServerApplicationContext.java:240)
	at org.springframework.boot.web.embedded.tomcat.TomcatStarter.onStartup(TomcatStarter.java:52)
	at org.apache.catalina.core.StandardContext.startInternal(StandardContext.java:4426)
	at org.apache.catalina.util.LifecycleBase.start(LifecycleBase.java:164)
	at org.apache.catalina.core.ContainerBase$StartChild.call(ContainerBase.java:1203)
	at org.apache.catalina.core.ContainerBase$StartChild.call(ContainerBase.java:1193)
	at java.base/java.util.concurrent.FutureTask.run(FutureTask.java:317)
	at org.apache.tomcat.util.threads.InlineExecutorService.execute(InlineExecutorService.java:75)
	at java.base/java.util.concurrent.AbstractExecutorService.submit(AbstractExecutorService.java:145)
	at org.apache.catalina.core.ContainerBase.startInternal(ContainerBase.java:749)
	at org.apache.catalina.core.StandardHost.startInternal(StandardHost.java:772)
	at org.apache.catalina.util.LifecycleBase.start(LifecycleBase.java:164)
	at org.apache.catalina.core.ContainerBase$StartChild.call(ContainerBase.java:1203)
	at org.apache.catalina.core.ContainerBase$StartChild.call(ContainerBase.java:1193)
	at java.base/java.util.concurrent.FutureTask.run(FutureTask.java:317)
	at org.apache.tomcat.util.threads.InlineExecutorService.execute(InlineExecutorService.java:75)
	at java.base/java.util.concurrent.AbstractExecutorService.submit(AbstractExecutorService.java:145)
	at org.apache.catalina.core.ContainerBase.startInternal(ContainerBase.java:749)
	at org.apache.catalina.core.StandardEngine.startInternal(StandardEngine.java:203)
	at org.apache.catalina.util.LifecycleBase.start(LifecycleBase.java:164)
	at org.apache.catalina.core.StandardService.startInternal(StandardService.java:415)
	at org.apache.catalina.util.LifecycleBase.start(LifecycleBase.java:164)
	at org.apache.catalina.core.StandardServer.startInternal(StandardServer.java:870)
	at org.apache.catalina.util.LifecycleBase.start(LifecycleBase.java:164)
	at org.apache.catalina.startup.Tomcat.start(Tomcat.java:437)
	at org.springframework.boot.web.embedded.tomcat.TomcatWebServer.initialize(TomcatWebServer.java:128)
	at org.springframework.boot.web.embedded.tomcat.TomcatWebServer.<init>(TomcatWebServer.java:107)
	at org.springframework.boot.web.embedded.tomcat.TomcatServletWebServerFactory.getTomcatWebServer(TomcatServletWebServerFactory.java:516)
	at org.springframework.boot.web.embedded.tomcat.TomcatServletWebServerFactory.getWebServer(TomcatServletWebServerFactory.java:222)
	at org.springframework.boot.web.servlet.context.ServletWebServerApplicationContext.createWebServer(ServletWebServerApplicationContext.java:188)
	at org.springframework.boot.web.servlet.context.ServletWebServerApplicationContext.onRefresh(ServletWebServerApplicationContext.java:162)
	at org.springframework.context.support.AbstractApplicationContext.refresh(AbstractApplicationContext.java:621)
	at org.springframework.boot.web.servlet.context.ServletWebServerApplicationContext.refresh(ServletWebServerApplicationContext.java:146)
	at org.springframework.boot.SpringApplication.refresh(SpringApplication.java:752)
	at org.springframework.boot.SpringApplication.refreshContext(SpringApplication.java:439)
	at org.springframework.boot.SpringApplication.run(SpringApplication.java:318)
	at org.springframework.boot.SpringApplication.run(SpringApplication.java:1361)
	at org.springframework.boot.SpringApplication.run(SpringApplication.java:1350)
	at com.rkt.dms.DmsApplication.main(DmsApplication.java:17)
Caused by: com.mysql.cj.exceptions.ConnectionIsClosedException: No operations allowed after connection closed.
	at java.base/jdk.internal.reflect.DirectConstructorHandleAccessor.newInstance(DirectConstructorHandleAccessor.java:62)
	at java.base/java.lang.reflect.Constructor.newInstanceWithCaller(Constructor.java:502)
	at java.base/java.lang.reflect.Constructor.newInstance(Constructor.java:486)
	at com.mysql.cj.exceptions.ExceptionFactory.createException(ExceptionFactory.java:52)
	at com.mysql.cj.exceptions.ExceptionFactory.createException(ExceptionFactory.java:95)
	at com.mysql.cj.exceptions.ExceptionFactory.createException(ExceptionFactory.java:140)
	at com.mysql.cj.NativeSession.checkClosed(NativeSession.java:929)
	at com.mysql.cj.jdbc.ConnectionImpl.checkClosed(ConnectionImpl.java:565)
	at com.mysql.cj.jdbc.ConnectionImpl.setTransactionIsolation(ConnectionImpl.java:2410)
	... 130 common frames omitted
2026-03-13 11:44:18.383 [main] WARN  o.h.e.jdbc.spi.SqlExceptionHelper [] - SQL Error: 0, SQLState: 08003
2026-03-13 11:44:18.384 [main] ERROR o.h.e.jdbc.spi.SqlExceptionHelper [] - No operations allowed after connection closed.
2026-03-13 11:44:18.384 [main] WARN  o.h.e.j.e.i.JdbcEnvironmentInitiator [] - HHH000342: Could not obtain connection to query metadata
org.hibernate.exception.JDBCConnectionException: unable to obtain isolated JDBC connection [No operations allowed after connection closed.] [n/a]
	at org.hibernate.exception.internal.SQLStateConversionDelegate.convert(SQLStateConversionDelegate.java:100)
	at org.hibernate.exception.internal.StandardSQLExceptionConverter.convert(StandardSQLExceptionConverter.java:58)
	at org.hibernate.engine.jdbc.spi.SqlExceptionHelper.convert(SqlExceptionHelper.java:108)
	at org.hibernate.engine.jdbc.spi.SqlExceptionHelper.convert(SqlExceptionHelper.java:94)
	at org.hibernate.resource.transaction.backend.jdbc.internal.JdbcIsolationDelegate.delegateWork(JdbcIsolationDelegate.java:116)
	at org.hibernate.engine.jdbc.env.internal.JdbcEnvironmentInitiator.getJdbcEnvironmentUsingJdbcMetadata(JdbcEnvironmentInitiator.java:320)
	at org.hibernate.engine.jdbc.env.internal.JdbcEnvironmentInitiator.initiateService(JdbcEnvironmentInitiator.java:129)
	at org.hibernate.engine.jdbc.env.internal.JdbcEnvironmentInitiator.initiateService(JdbcEnvironmentInitiator.java:81)
	at org.hibernate.boot.registry.internal.StandardServiceRegistryImpl.initiateService(StandardServiceRegistryImpl.java:130)
	at org.hibernate.service.internal.AbstractServiceRegistryImpl.createService(AbstractServiceRegistryImpl.java:263)
	at org.hibernate.service.internal.AbstractServiceRegistryImpl.initializeService(AbstractServiceRegistryImpl.java:238)
	at org.hibernate.service.internal.AbstractServiceRegistryImpl.getService(AbstractServiceRegistryImpl.java:215)
	at org.hibernate.boot.model.relational.Database.<init>(Database.java:45)
	at org.hibernate.boot.internal.InFlightMetadataCollectorImpl.getDatabase(InFlightMetadataCollectorImpl.java:226)
	at org.hibernate.boot.internal.InFlightMetadataCollectorImpl.<init>(InFlightMetadataCollectorImpl.java:194)
	at org.hibernate.boot.model.process.spi.MetadataBuildingProcess.complete(MetadataBuildingProcess.java:171)
	at org.hibernate.jpa.boot.internal.EntityManagerFactoryBuilderImpl.metadata(EntityManagerFactoryBuilderImpl.java:1431)
	at org.hibernate.jpa.boot.internal.EntityManagerFactoryBuilderImpl.build(EntityManagerFactoryBuilderImpl.java:1502)
	at org.springframework.orm.jpa.vendor.SpringHibernateJpaPersistenceProvider.createContainerEntityManagerFactory(SpringHibernateJpaPersistenceProvider.java:66)
	at org.springframework.orm.jpa.LocalContainerEntityManagerFactoryBean.createNativeEntityManagerFactory(LocalContainerEntityManagerFactoryBean.java:390)
	at org.springframework.orm.jpa.AbstractEntityManagerFactoryBean.buildNativeEntityManagerFactory(AbstractEntityManagerFactoryBean.java:419)
	at org.springframework.orm.jpa.AbstractEntityManagerFactoryBean.afterPropertiesSet(AbstractEntityManagerFactoryBean.java:400)
	at org.springframework.orm.jpa.LocalContainerEntityManagerFactoryBean.afterPropertiesSet(LocalContainerEntityManagerFactoryBean.java:366)
	at org.springframework.beans.factory.support.AbstractAutowireCapableBeanFactory.invokeInitMethods(AbstractAutowireCapableBeanFactory.java:1855)
	at org.springframework.beans.factory.support.AbstractAutowireCapableBeanFactory.initializeBean(AbstractAutowireCapableBeanFactory.java:1804)
	at org.springframework.beans.factory.support.AbstractAutowireCapableBeanFactory.doCreateBean(AbstractAutowireCapableBeanFactory.java:601)
	at org.springframework.beans.factory.support.AbstractAutowireCapableBeanFactory.createBean(AbstractAutowireCapableBeanFactory.java:523)
	at org.springframework.beans.factory.support.AbstractBeanFactory.lambda$doGetBean$0(AbstractBeanFactory.java:336)
	at org.springframework.beans.factory.support.DefaultSingletonBeanRegistry.getSingleton(DefaultSingletonBeanRegistry.java:289)
	at org.springframework.beans.factory.support.AbstractBeanFactory.doGetBean(AbstractBeanFactory.java:334)
	at org.springframework.beans.factory.support.AbstractBeanFactory.getBean(AbstractBeanFactory.java:199)
	at org.springframework.beans.factory.support.BeanDefinitionValueResolver.resolveReference(BeanDefinitionValueResolver.java:365)
	at org.springframework.beans.factory.support.BeanDefinitionValueResolver.resolveValueIfNecessary(BeanDefinitionValueResolver.java:135)
	at org.springframework.beans.factory.support.ConstructorResolver.resolveConstructorArguments(ConstructorResolver.java:691)
	at org.springframework.beans.factory.support.ConstructorResolver.instantiateUsingFactoryMethod(ConstructorResolver.java:513)
	at org.springframework.beans.factory.support.AbstractAutowireCapableBeanFactory.instantiateUsingFactoryMethod(AbstractAutowireCapableBeanFactory.java:1357)
	at org.springframework.beans.factory.support.AbstractAutowireCapableBeanFactory.createBeanInstance(AbstractAutowireCapableBeanFactory.java:1187)
	at org.springframework.beans.factory.support.AbstractAutowireCapableBeanFactory.doCreateBean(AbstractAutowireCapableBeanFactory.java:563)
	at org.springframework.beans.factory.support.AbstractAutowireCapableBeanFactory.createBean(AbstractAutowireCapableBeanFactory.java:523)
	at org.springframework.beans.factory.support.AbstractBeanFactory.lambda$doGetBean$0(AbstractBeanFactory.java:336)
	at org.springframework.beans.factory.support.DefaultSingletonBeanRegistry.getSingleton(DefaultSingletonBeanRegistry.java:289)
	at org.springframework.beans.factory.support.AbstractBeanFactory.doGetBean(AbstractBeanFactory.java:334)
	at org.springframework.beans.factory.support.AbstractBeanFactory.getBean(AbstractBeanFactory.java:199)
	at org.springframework.beans.factory.support.BeanDefinitionValueResolver.resolveReference(BeanDefinitionValueResolver.java:365)
	at org.springframework.beans.factory.support.BeanDefinitionValueResolver.resolveValueIfNecessary(BeanDefinitionValueResolver.java:135)
	at org.springframework.beans.factory.support.AbstractAutowireCapableBeanFactory.applyPropertyValues(AbstractAutowireCapableBeanFactory.java:1707)
	at org.springframework.beans.factory.support.AbstractAutowireCapableBeanFactory.populateBean(AbstractAutowireCapableBeanFactory.java:1456)
	at org.springframework.beans.factory.support.AbstractAutowireCapableBeanFactory.doCreateBean(AbstractAutowireCapableBeanFactory.java:600)
	at org.springframework.beans.factory.support.AbstractAutowireCapableBeanFactory.createBean(AbstractAutowireCapableBeanFactory.java:523)
	at org.springframework.beans.factory.support.AbstractBeanFactory.lambda$doGetBean$0(AbstractBeanFactory.java:336)
	at org.springframework.beans.factory.support.DefaultSingletonBeanRegistry.getSingleton(DefaultSingletonBeanRegistry.java:289)
	at org.springframework.beans.factory.support.AbstractBeanFactory.doGetBean(AbstractBeanFactory.java:334)
	at org.springframework.beans.factory.support.AbstractBeanFactory.getBean(AbstractBeanFactory.java:199)
	at org.springframework.beans.factory.support.DefaultListableBeanFactory.doResolveDependency(DefaultListableBeanFactory.java:1573)
	at org.springframework.beans.factory.support.DefaultListableBeanFactory.resolveDependency(DefaultListableBeanFactory.java:1519)
	at org.springframework.beans.factory.support.ConstructorResolver.resolveAutowiredArgument(ConstructorResolver.java:913)
	at org.springframework.beans.factory.support.ConstructorResolver.createArgumentArray(ConstructorResolver.java:791)
	at org.springframework.beans.factory.support.ConstructorResolver.autowireConstructor(ConstructorResolver.java:240)
	at org.springframework.beans.factory.support.AbstractAutowireCapableBeanFactory.autowireConstructor(AbstractAutowireCapableBeanFactory.java:1377)
	at org.springframework.beans.factory.support.AbstractAutowireCapableBeanFactory.createBeanInstance(AbstractAutowireCapableBeanFactory.java:1214)
	at org.springframework.beans.factory.support.AbstractAutowireCapableBeanFactory.doCreateBean(AbstractAutowireCapableBeanFactory.java:563)
	at org.springframework.beans.factory.support.AbstractAutowireCapableBeanFactory.createBean(AbstractAutowireCapableBeanFactory.java:523)
	at org.springframework.beans.factory.support.AbstractBeanFactory.lambda$doGetBean$0(AbstractBeanFactory.java:336)
	at org.springframework.beans.factory.support.DefaultSingletonBeanRegistry.getSingleton(DefaultSingletonBeanRegistry.java:289)
	at org.springframework.beans.factory.support.AbstractBeanFactory.doGetBean(AbstractBeanFactory.java:334)
	at org.springframework.beans.factory.support.AbstractBeanFactory.getBean(AbstractBeanFactory.java:199)
	at org.springframework.beans.factory.config.DependencyDescriptor.resolveCandidate(DependencyDescriptor.java:254)
	at org.springframework.beans.factory.support.DefaultListableBeanFactory.doResolveDependency(DefaultListableBeanFactory.java:1631)
	at org.springframework.beans.factory.support.DefaultListableBeanFactory.resolveDependency(DefaultListableBeanFactory.java:1519)
	at org.springframework.beans.factory.support.ConstructorResolver.resolveAutowiredArgument(ConstructorResolver.java:913)
	at org.springframework.beans.factory.support.ConstructorResolver.createArgumentArray(ConstructorResolver.java:791)
	at org.springframework.beans.factory.support.ConstructorResolver.autowireConstructor(ConstructorResolver.java:240)
	at org.springframework.beans.factory.support.AbstractAutowireCapableBeanFactory.autowireConstructor(AbstractAutowireCapableBeanFactory.java:1377)
	at org.springframework.beans.factory.support.AbstractAutowireCapableBeanFactory.createBeanInstance(AbstractAutowireCapableBeanFactory.java:1214)
	at org.springframework.beans.factory.support.AbstractAutowireCapableBeanFactory.doCreateBean(AbstractAutowireCapableBeanFactory.java:563)
	at org.springframework.beans.factory.support.AbstractAutowireCapableBeanFactory.createBean(AbstractAutowireCapableBeanFactory.java:523)
	at org.springframework.beans.factory.support.AbstractBeanFactory.lambda$doGetBean$0(AbstractBeanFactory.java:336)
	at org.springframework.beans.factory.support.DefaultSingletonBeanRegistry.getSingleton(DefaultSingletonBeanRegistry.java:289)
	at org.springframework.beans.factory.support.AbstractBeanFactory.doGetBean(AbstractBeanFactory.java:334)
	at org.springframework.beans.factory.support.AbstractBeanFactory.getBean(AbstractBeanFactory.java:204)
	at org.springframework.boot.web.servlet.ServletContextInitializerBeans.getOrderedBeansOfType(ServletContextInitializerBeans.java:211)
	at org.springframework.boot.web.servlet.ServletContextInitializerBeans.addAsRegistrationBean(ServletContextInitializerBeans.java:174)
	at org.springframework.boot.web.servlet.ServletContextInitializerBeans.addAsRegistrationBean(ServletContextInitializerBeans.java:169)
	at org.springframework.boot.web.servlet.ServletContextInitializerBeans.addAdaptableBeans(ServletContextInitializerBeans.java:154)
	at org.springframework.boot.web.servlet.ServletContextInitializerBeans.<init>(ServletContextInitializerBeans.java:87)
	at org.springframework.boot.web.servlet.context.ServletWebServerApplicationContext.getServletContextInitializerBeans(ServletWebServerApplicationContext.java:266)
	at org.springframework.boot.web.servlet.context.ServletWebServerApplicationContext.selfInitialize(ServletWebServerApplicationContext.java:240)
	at org.springframework.boot.web.embedded.tomcat.TomcatStarter.onStartup(TomcatStarter.java:52)
	at org.apache.catalina.core.StandardContext.startInternal(StandardContext.java:4426)
	at org.apache.catalina.util.LifecycleBase.start(LifecycleBase.java:164)
	at org.apache.catalina.core.ContainerBase$StartChild.call(ContainerBase.java:1203)
	at org.apache.catalina.core.ContainerBase$StartChild.call(ContainerBase.java:1193)
	at java.base/java.util.concurrent.FutureTask.run(FutureTask.java:317)
	at org.apache.tomcat.util.threads.InlineExecutorService.execute(InlineExecutorService.java:75)
	at java.base/java.util.concurrent.AbstractExecutorService.submit(AbstractExecutorService.java:145)
	at org.apache.catalina.core.ContainerBase.startInternal(ContainerBase.java:749)
	at org.apache.catalina.core.StandardHost.startInternal(StandardHost.java:772)
	at org.apache.catalina.util.LifecycleBase.start(LifecycleBase.java:164)
	at org.apache.catalina.core.ContainerBase$StartChild.call(ContainerBase.java:1203)
	at org.apache.catalina.core.ContainerBase$StartChild.call(ContainerBase.java:1193)
	at java.base/java.util.concurrent.FutureTask.run(FutureTask.java:317)
	at org.apache.tomcat.util.threads.InlineExecutorService.execute(InlineExecutorService.java:75)
	at java.base/java.util.concurrent.AbstractExecutorService.submit(AbstractExecutorService.java:145)
	at org.apache.catalina.core.ContainerBase.startInternal(ContainerBase.java:749)
	at org.apache.catalina.core.StandardEngine.startInternal(StandardEngine.java:203)
	at org.apache.catalina.util.LifecycleBase.start(LifecycleBase.java:164)
	at org.apache.catalina.core.StandardService.startInternal(StandardService.java:415)
	at org.apache.catalina.util.LifecycleBase.start(LifecycleBase.java:164)
	at org.apache.catalina.core.StandardServer.startInternal(StandardServer.java:870)
	at org.apache.catalina.util.LifecycleBase.start(LifecycleBase.java:164)
	at org.apache.catalina.startup.Tomcat.start(Tomcat.java:437)
	at org.springframework.boot.web.embedded.tomcat.TomcatWebServer.initialize(TomcatWebServer.java:128)
	at org.springframework.boot.web.embedded.tomcat.TomcatWebServer.<init>(TomcatWebServer.java:107)
	at org.springframework.boot.web.embedded.tomcat.TomcatServletWebServerFactory.getTomcatWebServer(TomcatServletWebServerFactory.java:516)
	at org.springframework.boot.web.embedded.tomcat.TomcatServletWebServerFactory.getWebServer(TomcatServletWebServerFactory.java:222)
	at org.springframework.boot.web.servlet.context.ServletWebServerApplicationContext.createWebServer(ServletWebServerApplicationContext.java:188)
	at org.springframework.boot.web.servlet.context.ServletWebServerApplicationContext.onRefresh(ServletWebServerApplicationContext.java:162)
	at org.springframework.context.support.AbstractApplicationContext.refresh(AbstractApplicationContext.java:621)
	at org.springframework.boot.web.servlet.context.ServletWebServerApplicationContext.refresh(ServletWebServerApplicationContext.java:146)
	at org.springframework.boot.SpringApplication.refresh(SpringApplication.java:752)
	at org.springframework.boot.SpringApplication.refreshContext(SpringApplication.java:439)
	at org.springframework.boot.SpringApplication.run(SpringApplication.java:318)
	at org.springframework.boot.SpringApplication.run(SpringApplication.java:1361)
	at org.springframework.boot.SpringApplication.run(SpringApplication.java:1350)
	at com.rkt.dms.DmsApplication.main(DmsApplication.java:17)
Caused by: java.sql.SQLNonTransientConnectionException: No operations allowed after connection closed.
	at com.mysql.cj.jdbc.exceptions.SQLError.createSQLException(SQLError.java:102)
	at com.mysql.cj.jdbc.exceptions.SQLError.createSQLException(SQLError.java:89)
	at com.mysql.cj.jdbc.exceptions.SQLError.createSQLException(SQLError.java:81)
	at com.mysql.cj.jdbc.exceptions.SQLError.createSQLException(SQLError.java:55)
	at com.mysql.cj.jdbc.exceptions.SQLError.createSQLException(SQLError.java:65)
	at com.mysql.cj.jdbc.exceptions.SQLExceptionsMapping.translateException(SQLExceptionsMapping.java:64)
	at com.mysql.cj.jdbc.ConnectionImpl.setTransactionIsolation(ConnectionImpl.java:2480)
	at com.zaxxer.hikari.pool.PoolBase.setupConnection(PoolBase.java:415)
	at com.zaxxer.hikari.pool.PoolBase.newConnection(PoolBase.java:365)
	at com.zaxxer.hikari.pool.PoolBase.newPoolEntry(PoolBase.java:202)
	at com.zaxxer.hikari.pool.HikariPool.createPoolEntry(HikariPool.java:461)
	at com.zaxxer.hikari.pool.HikariPool.checkFailFast(HikariPool.java:550)
	at com.zaxxer.hikari.pool.HikariPool.<init>(HikariPool.java:98)
	at com.zaxxer.hikari.HikariDataSource.getConnection(HikariDataSource.java:111)
	at org.hibernate.engine.jdbc.connections.internal.DatasourceConnectionProviderImpl.getConnection(DatasourceConnectionProviderImpl.java:126)
	at org.hibernate.engine.jdbc.env.internal.JdbcEnvironmentInitiator$ConnectionProviderJdbcConnectionAccess.obtainConnection(JdbcEnvironmentInitiator.java:467)
	at org.hibernate.resource.transaction.backend.jdbc.internal.JdbcIsolationDelegate.delegateWork(JdbcIsolationDelegate.java:61)
	... 120 common frames omitted
Caused by: com.mysql.cj.exceptions.ConnectionIsClosedException: No operations allowed after connection closed.
	at java.base/jdk.internal.reflect.DirectConstructorHandleAccessor.newInstance(DirectConstructorHandleAccessor.java:62)
	at java.base/java.lang.reflect.Constructor.newInstanceWithCaller(Constructor.java:502)
	at java.base/java.lang.reflect.Constructor.newInstance(Constructor.java:486)
	at com.mysql.cj.exceptions.ExceptionFactory.createException(ExceptionFactory.java:52)
	at com.mysql.cj.exceptions.ExceptionFactory.createException(ExceptionFactory.java:95)
	at com.mysql.cj.exceptions.ExceptionFactory.createException(ExceptionFactory.java:140)
	at com.mysql.cj.NativeSession.checkClosed(NativeSession.java:929)
	at com.mysql.cj.jdbc.ConnectionImpl.checkClosed(ConnectionImpl.java:565)
	at com.mysql.cj.jdbc.ConnectionImpl.setTransactionIsolation(ConnectionImpl.java:2410)
	... 130 common frames omitted
2026-03-13 11:44:18.403 [main] WARN  org.hibernate.orm.deprecation [] - HHH90000025: MySQLDialect does not need to be specified explicitly using 'hibernate.dialect' (remove the property setting and it will be selected by default)
2026-03-13 11:44:18.416 [main] INFO  o.hibernate.orm.connections.pooling [] - HHH10001005: Database info:
	Database JDBC URL [Connecting through datasource 'HikariDataSource (null)']
	Database driver: undefined/unknown
	Database version: 8.0
	Autocommit mode: undefined/unknown
	Isolation level: undefined/unknown
	Minimum pool size: undefined/unknown
	Maximum pool size: undefined/unknown
2026-03-13 11:44:20.298 [main] INFO  o.h.e.t.j.p.i.JtaPlatformInitiator [] - HHH000489: No JTA platform available (set 'hibernate.transaction.jta.platform' to enable JTA platform integration)
2026-03-13 11:44:20.331 [main] INFO  com.zaxxer.hikari.HikariDataSource [] - HikariPool-1 - Starting...
2026-03-13 11:44:23.057 [main] INFO  com.zaxxer.hikari.pool.HikariPool [] - HikariPool-1 - Added connection com.mysql.cj.jdbc.ConnectionImpl@19305a7c
2026-03-13 11:44:23.059 [main] INFO  com.zaxxer.hikari.HikariDataSource [] - HikariPool-1 - Start completed.
2026-03-13 11:44:24.860 [main] WARN  o.h.t.s.i.ExceptionHandlerLoggedImpl [] - GenerationTarget encountered exception accepting command : Error executing DDL "create index idx_roles_department on roles (department_id)" via JDBC [Duplicate key name 'idx_roles_department']
org.hibernate.tool.schema.spi.CommandAcceptanceException: Error executing DDL "create index idx_roles_department on roles (department_id)" via JDBC [Duplicate key name 'idx_roles_department']
	at org.hibernate.tool.schema.internal.exec.GenerationTargetToDatabase.accept(GenerationTargetToDatabase.java:94)
	at org.hibernate.tool.schema.internal.AbstractSchemaMigrator.applySqlString(AbstractSchemaMigrator.java:576)
	at org.hibernate.tool.schema.internal.AbstractSchemaMigrator.applySqlStrings(AbstractSchemaMigrator.java:516)
	at org.hibernate.tool.schema.internal.AbstractSchemaMigrator.applyIndexes(AbstractSchemaMigrator.java:361)
	at org.hibernate.tool.schema.internal.GroupedSchemaMigratorImpl.performTablesMigration(GroupedSchemaMigratorImpl.java:96)
	at org.hibernate.tool.schema.internal.AbstractSchemaMigrator.performMigration(AbstractSchemaMigrator.java:233)
	at org.hibernate.tool.schema.internal.AbstractSchemaMigrator.doMigration(AbstractSchemaMigrator.java:112)
	at org.hibernate.tool.schema.spi.SchemaManagementToolCoordinator.performDatabaseAction(SchemaManagementToolCoordinator.java:280)
	at org.hibernate.tool.schema.spi.SchemaManagementToolCoordinator.lambda$process$5(SchemaManagementToolCoordinator.java:144)
	at java.base/java.util.HashMap.forEach(HashMap.java:1429)
	at org.hibernate.tool.schema.spi.SchemaManagementToolCoordinator.process(SchemaManagementToolCoordinator.java:141)
	at org.hibernate.boot.internal.SessionFactoryObserverForSchemaExport.sessionFactoryCreated(SessionFactoryObserverForSchemaExport.java:37)
	at org.hibernate.internal.SessionFactoryObserverChain.sessionFactoryCreated(SessionFactoryObserverChain.java:35)
	at org.hibernate.internal.SessionFactoryImpl.<init>(SessionFactoryImpl.java:324)
	at org.hibernate.boot.internal.SessionFactoryBuilderImpl.build(SessionFactoryBuilderImpl.java:463)
	at org.hibernate.jpa.boot.internal.EntityManagerFactoryBuilderImpl.build(EntityManagerFactoryBuilderImpl.java:1506)
	at org.springframework.orm.jpa.vendor.SpringHibernateJpaPersistenceProvider.createContainerEntityManagerFactory(SpringHibernateJpaPersistenceProvider.java:66)
	at org.springframework.orm.jpa.LocalContainerEntityManagerFactoryBean.createNativeEntityManagerFactory(LocalContainerEntityManagerFactoryBean.java:390)
	at org.springframework.orm.jpa.AbstractEntityManagerFactoryBean.buildNativeEntityManagerFactory(AbstractEntityManagerFactoryBean.java:419)
	at org.springframework.orm.jpa.AbstractEntityManagerFactoryBean.afterPropertiesSet(AbstractEntityManagerFactoryBean.java:400)
	at org.springframework.orm.jpa.LocalContainerEntityManagerFactoryBean.afterPropertiesSet(LocalContainerEntityManagerFactoryBean.java:366)
	at org.springframework.beans.factory.support.AbstractAutowireCapableBeanFactory.invokeInitMethods(AbstractAutowireCapableBeanFactory.java:1855)
	at org.springframework.beans.factory.support.AbstractAutowireCapableBeanFactory.initializeBean(AbstractAutowireCapableBeanFactory.java:1804)
	at org.springframework.beans.factory.support.AbstractAutowireCapableBeanFactory.doCreateBean(AbstractAutowireCapableBeanFactory.java:601)
	at org.springframework.beans.factory.support.AbstractAutowireCapableBeanFactory.createBean(AbstractAutowireCapableBeanFactory.java:523)
	at org.springframework.beans.factory.support.AbstractBeanFactory.lambda$doGetBean$0(AbstractBeanFactory.java:336)
	at org.springframework.beans.factory.support.DefaultSingletonBeanRegistry.getSingleton(DefaultSingletonBeanRegistry.java:289)
	at org.springframework.beans.factory.support.AbstractBeanFactory.doGetBean(AbstractBeanFactory.java:334)
	at org.springframework.beans.factory.support.AbstractBeanFactory.getBean(AbstractBeanFactory.java:199)
	at org.springframework.beans.factory.support.BeanDefinitionValueResolver.resolveReference(BeanDefinitionValueResolver.java:365)
	at org.springframework.beans.factory.support.BeanDefinitionValueResolver.resolveValueIfNecessary(BeanDefinitionValueResolver.java:135)
	at org.springframework.beans.factory.support.ConstructorResolver.resolveConstructorArguments(ConstructorResolver.java:691)
	at org.springframework.beans.factory.support.ConstructorResolver.instantiateUsingFactoryMethod(ConstructorResolver.java:513)
	at org.springframework.beans.factory.support.AbstractAutowireCapableBeanFactory.instantiateUsingFactoryMethod(AbstractAutowireCapableBeanFactory.java:1357)
	at org.springframework.beans.factory.support.AbstractAutowireCapableBeanFactory.createBeanInstance(AbstractAutowireCapableBeanFactory.java:1187)
	at org.springframework.beans.factory.support.AbstractAutowireCapableBeanFactory.doCreateBean(AbstractAutowireCapableBeanFactory.java:563)
	at org.springframework.beans.factory.support.AbstractAutowireCapableBeanFactory.createBean(AbstractAutowireCapableBeanFactory.java:523)
	at org.springframework.beans.factory.support.AbstractBeanFactory.lambda$doGetBean$0(AbstractBeanFactory.java:336)
	at org.springframework.beans.factory.support.DefaultSingletonBeanRegistry.getSingleton(DefaultSingletonBeanRegistry.java:289)
	at org.springframework.beans.factory.support.AbstractBeanFactory.doGetBean(AbstractBeanFactory.java:334)
	at org.springframework.beans.factory.support.AbstractBeanFactory.getBean(AbstractBeanFactory.java:199)
	at org.springframework.beans.factory.support.BeanDefinitionValueResolver.resolveReference(BeanDefinitionValueResolver.java:365)
	at org.springframework.beans.factory.support.BeanDefinitionValueResolver.resolveValueIfNecessary(BeanDefinitionValueResolver.java:135)
	at org.springframework.beans.factory.support.AbstractAutowireCapableBeanFactory.applyPropertyValues(AbstractAutowireCapableBeanFactory.java:1707)
	at org.springframework.beans.factory.support.AbstractAutowireCapableBeanFactory.populateBean(AbstractAutowireCapableBeanFactory.java:1456)
	at org.springframework.beans.factory.support.AbstractAutowireCapableBeanFactory.doCreateBean(AbstractAutowireCapableBeanFactory.java:600)
	at org.springframework.beans.factory.support.AbstractAutowireCapableBeanFactory.createBean(AbstractAutowireCapableBeanFactory.java:523)
	at org.springframework.beans.factory.support.AbstractBeanFactory.lambda$doGetBean$0(AbstractBeanFactory.java:336)
	at org.springframework.beans.factory.support.DefaultSingletonBeanRegistry.getSingleton(DefaultSingletonBeanRegistry.java:289)
	at org.springframework.beans.factory.support.AbstractBeanFactory.doGetBean(AbstractBeanFactory.java:334)
	at org.springframework.beans.factory.support.AbstractBeanFactory.getBean(AbstractBeanFactory.java:199)
	at org.springframework.beans.factory.support.DefaultListableBeanFactory.doResolveDependency(DefaultListableBeanFactory.java:1573)
	at org.springframework.beans.factory.support.DefaultListableBeanFactory.resolveDependency(DefaultListableBeanFactory.java:1519)
	at org.springframework.beans.factory.support.ConstructorResolver.resolveAutowiredArgument(ConstructorResolver.java:913)
	at org.springframework.beans.factory.support.ConstructorResolver.createArgumentArray(ConstructorResolver.java:791)
	at org.springframework.beans.factory.support.ConstructorResolver.autowireConstructor(ConstructorResolver.java:240)
	at org.springframework.beans.factory.support.AbstractAutowireCapableBeanFactory.autowireConstructor(AbstractAutowireCapableBeanFactory.java:1377)
	at org.springframework.beans.factory.support.AbstractAutowireCapableBeanFactory.createBeanInstance(AbstractAutowireCapableBeanFactory.java:1214)
	at org.springframework.beans.factory.support.AbstractAutowireCapableBeanFactory.doCreateBean(AbstractAutowireCapableBeanFactory.java:563)
	at org.springframework.beans.factory.support.AbstractAutowireCapableBeanFactory.createBean(AbstractAutowireCapableBeanFactory.java:523)
	at org.springframework.beans.factory.support.AbstractBeanFactory.lambda$doGetBean$0(AbstractBeanFactory.java:336)
	at org.springframework.beans.factory.support.DefaultSingletonBeanRegistry.getSingleton(DefaultSingletonBeanRegistry.java:289)
	at org.springframework.beans.factory.support.AbstractBeanFactory.doGetBean(AbstractBeanFactory.java:334)
	at org.springframework.beans.factory.support.AbstractBeanFactory.getBean(AbstractBeanFactory.java:199)
	at org.springframework.beans.factory.config.DependencyDescriptor.resolveCandidate(DependencyDescriptor.java:254)
	at org.springframework.beans.factory.support.DefaultListableBeanFactory.doResolveDependency(DefaultListableBeanFactory.java:1631)
	at org.springframework.beans.factory.support.DefaultListableBeanFactory.resolveDependency(DefaultListableBeanFactory.java:1519)
	at org.springframework.beans.factory.support.ConstructorResolver.resolveAutowiredArgument(ConstructorResolver.java:913)
	at org.springframework.beans.factory.support.ConstructorResolver.createArgumentArray(ConstructorResolver.java:791)
	at org.springframework.beans.factory.support.ConstructorResolver.autowireConstructor(ConstructorResolver.java:240)
	at org.springframework.beans.factory.support.AbstractAutowireCapableBeanFactory.autowireConstructor(AbstractAutowireCapableBeanFactory.java:1377)
	at org.springframework.beans.factory.support.AbstractAutowireCapableBeanFactory.createBeanInstance(AbstractAutowireCapableBeanFactory.java:1214)
	at org.springframework.beans.factory.support.AbstractAutowireCapableBeanFactory.doCreateBean(AbstractAutowireCapableBeanFactory.java:563)
	at org.springframework.beans.factory.support.AbstractAutowireCapableBeanFactory.createBean(AbstractAutowireCapableBeanFactory.java:523)
	at org.springframework.beans.factory.support.AbstractBeanFactory.lambda$doGetBean$0(AbstractBeanFactory.java:336)
	at org.springframework.beans.factory.support.DefaultSingletonBeanRegistry.getSingleton(DefaultSingletonBeanRegistry.java:289)
	at org.springframework.beans.factory.support.AbstractBeanFactory.doGetBean(AbstractBeanFactory.java:334)
	at org.springframework.beans.factory.support.AbstractBeanFactory.getBean(AbstractBeanFactory.java:204)
	at org.springframework.boot.web.servlet.ServletContextInitializerBeans.getOrderedBeansOfType(ServletContextInitializerBeans.java:211)
	at org.springframework.boot.web.servlet.ServletContextInitializerBeans.addAsRegistrationBean(ServletContextInitializerBeans.java:174)
	at org.springframework.boot.web.servlet.ServletContextInitializerBeans.addAsRegistrationBean(ServletContextInitializerBeans.java:169)
	at org.springframework.boot.web.servlet.ServletContextInitializerBeans.addAdaptableBeans(ServletContextInitializerBeans.java:154)
	at org.springframework.boot.web.servlet.ServletContextInitializerBeans.<init>(ServletContextInitializerBeans.java:87)
	at org.springframework.boot.web.servlet.context.ServletWebServerApplicationContext.getServletContextInitializerBeans(ServletWebServerApplicationContext.java:266)
	at org.springframework.boot.web.servlet.context.ServletWebServerApplicationContext.selfInitialize(ServletWebServerApplicationContext.java:240)
	at org.springframework.boot.web.embedded.tomcat.TomcatStarter.onStartup(TomcatStarter.java:52)
	at org.apache.catalina.core.StandardContext.startInternal(StandardContext.java:4426)
	at org.apache.catalina.util.LifecycleBase.start(LifecycleBase.java:164)
	at org.apache.catalina.core.ContainerBase$StartChild.call(ContainerBase.java:1203)
	at org.apache.catalina.core.ContainerBase$StartChild.call(ContainerBase.java:1193)
	at java.base/java.util.concurrent.FutureTask.run(FutureTask.java:317)
	at org.apache.tomcat.util.threads.InlineExecutorService.execute(InlineExecutorService.java:75)
	at java.base/java.util.concurrent.AbstractExecutorService.submit(AbstractExecutorService.java:145)
	at org.apache.catalina.core.ContainerBase.startInternal(ContainerBase.java:749)
	at org.apache.catalina.core.StandardHost.startInternal(StandardHost.java:772)
	at org.apache.catalina.util.LifecycleBase.start(LifecycleBase.java:164)
	at org.apache.catalina.core.ContainerBase$StartChild.call(ContainerBase.java:1203)
	at org.apache.catalina.core.ContainerBase$StartChild.call(ContainerBase.java:1193)
	at java.base/java.util.concurrent.FutureTask.run(FutureTask.java:317)
	at org.apache.tomcat.util.threads.InlineExecutorService.execute(InlineExecutorService.java:75)
	at java.base/java.util.concurrent.AbstractExecutorService.submit(AbstractExecutorService.java:145)
	at org.apache.catalina.core.ContainerBase.startInternal(ContainerBase.java:749)
	at org.apache.catalina.core.StandardEngine.startInternal(StandardEngine.java:203)
	at org.apache.catalina.util.LifecycleBase.start(LifecycleBase.java:164)
	at org.apache.catalina.core.StandardService.startInternal(StandardService.java:415)
	at org.apache.catalina.util.LifecycleBase.start(LifecycleBase.java:164)
	at org.apache.catalina.core.StandardServer.startInternal(StandardServer.java:870)
	at org.apache.catalina.util.LifecycleBase.start(LifecycleBase.java:164)
	at org.apache.catalina.startup.Tomcat.start(Tomcat.java:437)
	at org.springframework.boot.web.embedded.tomcat.TomcatWebServer.initialize(TomcatWebServer.java:128)
	at org.springframework.boot.web.embedded.tomcat.TomcatWebServer.<init>(TomcatWebServer.java:107)
	at org.springframework.boot.web.embedded.tomcat.TomcatServletWebServerFactory.getTomcatWebServer(TomcatServletWebServerFactory.java:516)
	at org.springframework.boot.web.embedded.tomcat.TomcatServletWebServerFactory.getWebServer(TomcatServletWebServerFactory.java:222)
	at org.springframework.boot.web.servlet.context.ServletWebServerApplicationContext.createWebServer(ServletWebServerApplicationContext.java:188)
	at org.springframework.boot.web.servlet.context.ServletWebServerApplicationContext.onRefresh(ServletWebServerApplicationContext.java:162)
	at org.springframework.context.support.AbstractApplicationContext.refresh(AbstractApplicationContext.java:621)
	at org.springframework.boot.web.servlet.context.ServletWebServerApplicationContext.refresh(ServletWebServerApplicationContext.java:146)
	at org.springframework.boot.SpringApplication.refresh(SpringApplication.java:752)
	at org.springframework.boot.SpringApplication.refreshContext(SpringApplication.java:439)
	at org.springframework.boot.SpringApplication.run(SpringApplication.java:318)
	at org.springframework.boot.SpringApplication.run(SpringApplication.java:1361)
	at org.springframework.boot.SpringApplication.run(SpringApplication.java:1350)
	at com.rkt.dms.DmsApplication.main(DmsApplication.java:17)
Caused by: java.sql.SQLSyntaxErrorException: Duplicate key name 'idx_roles_department'
	at com.mysql.cj.jdbc.exceptions.SQLError.createSQLException(SQLError.java:112)
	at com.mysql.cj.jdbc.exceptions.SQLExceptionsMapping.translateException(SQLExceptionsMapping.java:114)
	at com.mysql.cj.jdbc.StatementImpl.executeInternal(StatementImpl.java:837)
	at com.mysql.cj.jdbc.StatementImpl.execute(StatementImpl.java:685)
	at com.zaxxer.hikari.pool.ProxyStatement.execute(ProxyStatement.java:94)
	at com.zaxxer.hikari.pool.HikariProxyStatement.execute(HikariProxyStatement.java)
	at org.hibernate.tool.schema.internal.exec.GenerationTargetToDatabase.accept(GenerationTargetToDatabase.java:80)
	... 122 common frames omitted
2026-03-13 11:44:24.876 [main] WARN  o.h.t.s.i.ExceptionHandlerLoggedImpl [] - GenerationTarget encountered exception accepting command : Error executing DDL "create index idx_roles_name on roles (name)" via JDBC [Duplicate key name 'idx_roles_name']
org.hibernate.tool.schema.spi.CommandAcceptanceException: Error executing DDL "create index idx_roles_name on roles (name)" via JDBC [Duplicate key name 'idx_roles_name']
	at org.hibernate.tool.schema.internal.exec.GenerationTargetToDatabase.accept(GenerationTargetToDatabase.java:94)
	at org.hibernate.tool.schema.internal.AbstractSchemaMigrator.applySqlString(AbstractSchemaMigrator.java:576)
	at org.hibernate.tool.schema.internal.AbstractSchemaMigrator.applySqlStrings(AbstractSchemaMigrator.java:516)
	at org.hibernate.tool.schema.internal.AbstractSchemaMigrator.applyIndexes(AbstractSchemaMigrator.java:361)
	at org.hibernate.tool.schema.internal.GroupedSchemaMigratorImpl.performTablesMigration(GroupedSchemaMigratorImpl.java:96)
	at org.hibernate.tool.schema.internal.AbstractSchemaMigrator.performMigration(AbstractSchemaMigrator.java:233)
	at org.hibernate.tool.schema.internal.AbstractSchemaMigrator.doMigration(AbstractSchemaMigrator.java:112)
	at org.hibernate.tool.schema.spi.SchemaManagementToolCoordinator.performDatabaseAction(SchemaManagementToolCoordinator.java:280)
	at org.hibernate.tool.schema.spi.SchemaManagementToolCoordinator.lambda$process$5(SchemaManagementToolCoordinator.java:144)
	at java.base/java.util.HashMap.forEach(HashMap.java:1429)
	at org.hibernate.tool.schema.spi.SchemaManagementToolCoordinator.process(SchemaManagementToolCoordinator.java:141)
	at org.hibernate.boot.internal.SessionFactoryObserverForSchemaExport.sessionFactoryCreated(SessionFactoryObserverForSchemaExport.java:37)
	at org.hibernate.internal.SessionFactoryObserverChain.sessionFactoryCreated(SessionFactoryObserverChain.java:35)
	at org.hibernate.internal.SessionFactoryImpl.<init>(SessionFactoryImpl.java:324)
	at org.hibernate.boot.internal.SessionFactoryBuilderImpl.build(SessionFactoryBuilderImpl.java:463)
	at org.hibernate.jpa.boot.internal.EntityManagerFactoryBuilderImpl.build(EntityManagerFactoryBuilderImpl.java:1506)
	at org.springframework.orm.jpa.vendor.SpringHibernateJpaPersistenceProvider.createContainerEntityManagerFactory(SpringHibernateJpaPersistenceProvider.java:66)
	at org.springframework.orm.jpa.LocalContainerEntityManagerFactoryBean.createNativeEntityManagerFactory(LocalContainerEntityManagerFactoryBean.java:390)
	at org.springframework.orm.jpa.AbstractEntityManagerFactoryBean.buildNativeEntityManagerFactory(AbstractEntityManagerFactoryBean.java:419)
	at org.springframework.orm.jpa.AbstractEntityManagerFactoryBean.afterPropertiesSet(AbstractEntityManagerFactoryBean.java:400)
	at org.springframework.orm.jpa.LocalContainerEntityManagerFactoryBean.afterPropertiesSet(LocalContainerEntityManagerFactoryBean.java:366)
	at org.springframework.beans.factory.support.AbstractAutowireCapableBeanFactory.invokeInitMethods(AbstractAutowireCapableBeanFactory.java:1855)
	at org.springframework.beans.factory.support.AbstractAutowireCapableBeanFactory.initializeBean(AbstractAutowireCapableBeanFactory.java:1804)
	at org.springframework.beans.factory.support.AbstractAutowireCapableBeanFactory.doCreateBean(AbstractAutowireCapableBeanFactory.java:601)
	at org.springframework.beans.factory.support.AbstractAutowireCapableBeanFactory.createBean(AbstractAutowireCapableBeanFactory.java:523)
	at org.springframework.beans.factory.support.AbstractBeanFactory.lambda$doGetBean$0(AbstractBeanFactory.java:336)
	at org.springframework.beans.factory.support.DefaultSingletonBeanRegistry.getSingleton(DefaultSingletonBeanRegistry.java:289)
	at org.springframework.beans.factory.support.AbstractBeanFactory.doGetBean(AbstractBeanFactory.java:334)
	at org.springframework.beans.factory.support.AbstractBeanFactory.getBean(AbstractBeanFactory.java:199)
	at org.springframework.beans.factory.support.BeanDefinitionValueResolver.resolveReference(BeanDefinitionValueResolver.java:365)
	at org.springframework.beans.factory.support.BeanDefinitionValueResolver.resolveValueIfNecessary(BeanDefinitionValueResolver.java:135)
	at org.springframework.beans.factory.support.ConstructorResolver.resolveConstructorArguments(ConstructorResolver.java:691)
	at org.springframework.beans.factory.support.ConstructorResolver.instantiateUsingFactoryMethod(ConstructorResolver.java:513)
	at org.springframework.beans.factory.support.AbstractAutowireCapableBeanFactory.instantiateUsingFactoryMethod(AbstractAutowireCapableBeanFactory.java:1357)
	at org.springframework.beans.factory.support.AbstractAutowireCapableBeanFactory.createBeanInstance(AbstractAutowireCapableBeanFactory.java:1187)
	at org.springframework.beans.factory.support.AbstractAutowireCapableBeanFactory.doCreateBean(AbstractAutowireCapableBeanFactory.java:563)
	at org.springframework.beans.factory.support.AbstractAutowireCapableBeanFactory.createBean(AbstractAutowireCapableBeanFactory.java:523)
	at org.springframework.beans.factory.support.AbstractBeanFactory.lambda$doGetBean$0(AbstractBeanFactory.java:336)
	at org.springframework.beans.factory.support.DefaultSingletonBeanRegistry.getSingleton(DefaultSingletonBeanRegistry.java:289)
	at org.springframework.beans.factory.support.AbstractBeanFactory.doGetBean(AbstractBeanFactory.java:334)
	at org.springframework.beans.factory.support.AbstractBeanFactory.getBean(AbstractBeanFactory.java:199)
	at org.springframework.beans.factory.support.BeanDefinitionValueResolver.resolveReference(BeanDefinitionValueResolver.java:365)
	at org.springframework.beans.factory.support.BeanDefinitionValueResolver.resolveValueIfNecessary(BeanDefinitionValueResolver.java:135)
	at org.springframework.beans.factory.support.AbstractAutowireCapableBeanFactory.applyPropertyValues(AbstractAutowireCapableBeanFactory.java:1707)
	at org.springframework.beans.factory.support.AbstractAutowireCapableBeanFactory.populateBean(AbstractAutowireCapableBeanFactory.java:1456)
	at org.springframework.beans.factory.support.AbstractAutowireCapableBeanFactory.doCreateBean(AbstractAutowireCapableBeanFactory.java:600)
	at org.springframework.beans.factory.support.AbstractAutowireCapableBeanFactory.createBean(AbstractAutowireCapableBeanFactory.java:523)
	at org.springframework.beans.factory.support.AbstractBeanFactory.lambda$doGetBean$0(AbstractBeanFactory.java:336)
	at org.springframework.beans.factory.support.DefaultSingletonBeanRegistry.getSingleton(DefaultSingletonBeanRegistry.java:289)
	at org.springframework.beans.factory.support.AbstractBeanFactory.doGetBean(AbstractBeanFactory.java:334)
	at org.springframework.beans.factory.support.AbstractBeanFactory.getBean(AbstractBeanFactory.java:199)
	at org.springframework.beans.factory.support.DefaultListableBeanFactory.doResolveDependency(DefaultListableBeanFactory.java:1573)
	at org.springframework.beans.factory.support.DefaultListableBeanFactory.resolveDependency(DefaultListableBeanFactory.java:1519)
	at org.springframework.beans.factory.support.ConstructorResolver.resolveAutowiredArgument(ConstructorResolver.java:913)
	at org.springframework.beans.factory.support.ConstructorResolver.createArgumentArray(ConstructorResolver.java:791)
	at org.springframework.beans.factory.support.ConstructorResolver.autowireConstructor(ConstructorResolver.java:240)
	at org.springframework.beans.factory.support.AbstractAutowireCapableBeanFactory.autowireConstructor(AbstractAutowireCapableBeanFactory.java:1377)
	at org.springframework.beans.factory.support.AbstractAutowireCapableBeanFactory.createBeanInstance(AbstractAutowireCapableBeanFactory.java:1214)
	at org.springframework.beans.factory.support.AbstractAutowireCapableBeanFactory.doCreateBean(AbstractAutowireCapableBeanFactory.java:563)
	at org.springframework.beans.factory.support.AbstractAutowireCapableBeanFactory.createBean(AbstractAutowireCapableBeanFactory.java:523)
	at org.springframework.beans.factory.support.AbstractBeanFactory.lambda$doGetBean$0(AbstractBeanFactory.java:336)
	at org.springframework.beans.factory.support.DefaultSingletonBeanRegistry.getSingleton(DefaultSingletonBeanRegistry.java:289)
	at org.springframework.beans.factory.support.AbstractBeanFactory.doGetBean(AbstractBeanFactory.java:334)
	at org.springframework.beans.factory.support.AbstractBeanFactory.getBean(AbstractBeanFactory.java:199)
	at org.springframework.beans.factory.config.DependencyDescriptor.resolveCandidate(DependencyDescriptor.java:254)
	at org.springframework.beans.factory.support.DefaultListableBeanFactory.doResolveDependency(DefaultListableBeanFactory.java:1631)
	at org.springframework.beans.factory.support.DefaultListableBeanFactory.resolveDependency(DefaultListableBeanFactory.java:1519)
	at org.springframework.beans.factory.support.ConstructorResolver.resolveAutowiredArgument(ConstructorResolver.java:913)
	at org.springframework.beans.factory.support.ConstructorResolver.createArgumentArray(ConstructorResolver.java:791)
	at org.springframework.beans.factory.support.ConstructorResolver.autowireConstructor(ConstructorResolver.java:240)
	at org.springframework.beans.factory.support.AbstractAutowireCapableBeanFactory.autowireConstructor(AbstractAutowireCapableBeanFactory.java:1377)
	at org.springframework.beans.factory.support.AbstractAutowireCapableBeanFactory.createBeanInstance(AbstractAutowireCapableBeanFactory.java:1214)
	at org.springframework.beans.factory.support.AbstractAutowireCapableBeanFactory.doCreateBean(AbstractAutowireCapableBeanFactory.java:563)
	at org.springframework.beans.factory.support.AbstractAutowireCapableBeanFactory.createBean(AbstractAutowireCapableBeanFactory.java:523)
	at org.springframework.beans.factory.support.AbstractBeanFactory.lambda$doGetBean$0(AbstractBeanFactory.java:336)
	at org.springframework.beans.factory.support.DefaultSingletonBeanRegistry.getSingleton(DefaultSingletonBeanRegistry.java:289)
	at org.springframework.beans.factory.support.AbstractBeanFactory.doGetBean(AbstractBeanFactory.java:334)
	at org.springframework.beans.factory.support.AbstractBeanFactory.getBean(AbstractBeanFactory.java:204)
	at org.springframework.boot.web.servlet.ServletContextInitializerBeans.getOrderedBeansOfType(ServletContextInitializerBeans.java:211)
	at org.springframework.boot.web.servlet.ServletContextInitializerBeans.addAsRegistrationBean(ServletContextInitializerBeans.java:174)
	at org.springframework.boot.web.servlet.ServletContextInitializerBeans.addAsRegistrationBean(ServletContextInitializerBeans.java:169)
	at org.springframework.boot.web.servlet.ServletContextInitializerBeans.addAdaptableBeans(ServletContextInitializerBeans.java:154)
	at org.springframework.boot.web.servlet.ServletContextInitializerBeans.<init>(ServletContextInitializerBeans.java:87)
	at org.springframework.boot.web.servlet.context.ServletWebServerApplicationContext.getServletContextInitializerBeans(ServletWebServerApplicationContext.java:266)
	at org.springframework.boot.web.servlet.context.ServletWebServerApplicationContext.selfInitialize(ServletWebServerApplicationContext.java:240)
	at org.springframework.boot.web.embedded.tomcat.TomcatStarter.onStartup(TomcatStarter.java:52)
	at org.apache.catalina.core.StandardContext.startInternal(StandardContext.java:4426)
	at org.apache.catalina.util.LifecycleBase.start(LifecycleBase.java:164)
	at org.apache.catalina.core.ContainerBase$StartChild.call(ContainerBase.java:1203)
	at org.apache.catalina.core.ContainerBase$StartChild.call(ContainerBase.java:1193)
	at java.base/java.util.concurrent.FutureTask.run(FutureTask.java:317)
	at org.apache.tomcat.util.threads.InlineExecutorService.execute(InlineExecutorService.java:75)
	at java.base/java.util.concurrent.AbstractExecutorService.submit(AbstractExecutorService.java:145)
	at org.apache.catalina.core.ContainerBase.startInternal(ContainerBase.java:749)
	at org.apache.catalina.core.StandardHost.startInternal(StandardHost.java:772)
	at org.apache.catalina.util.LifecycleBase.start(LifecycleBase.java:164)
	at org.apache.catalina.core.ContainerBase$StartChild.call(ContainerBase.java:1203)
	at org.apache.catalina.core.ContainerBase$StartChild.call(ContainerBase.java:1193)
	at java.base/java.util.concurrent.FutureTask.run(FutureTask.java:317)
	at org.apache.tomcat.util.threads.InlineExecutorService.execute(InlineExecutorService.java:75)
	at java.base/java.util.concurrent.AbstractExecutorService.submit(AbstractExecutorService.java:145)
	at org.apache.catalina.core.ContainerBase.startInternal(ContainerBase.java:749)
	at org.apache.catalina.core.StandardEngine.startInternal(StandardEngine.java:203)
	at org.apache.catalina.util.LifecycleBase.start(LifecycleBase.java:164)
	at org.apache.catalina.core.StandardService.startInternal(StandardService.java:415)
	at org.apache.catalina.util.LifecycleBase.start(LifecycleBase.java:164)
	at org.apache.catalina.core.StandardServer.startInternal(StandardServer.java:870)
	at org.apache.catalina.util.LifecycleBase.start(LifecycleBase.java:164)
	at org.apache.catalina.startup.Tomcat.start(Tomcat.java:437)
	at org.springframework.boot.web.embedded.tomcat.TomcatWebServer.initialize(TomcatWebServer.java:128)
	at org.springframework.boot.web.embedded.tomcat.TomcatWebServer.<init>(TomcatWebServer.java:107)
	at org.springframework.boot.web.embedded.tomcat.TomcatServletWebServerFactory.getTomcatWebServer(TomcatServletWebServerFactory.java:516)
	at org.springframework.boot.web.embedded.tomcat.TomcatServletWebServerFactory.getWebServer(TomcatServletWebServerFactory.java:222)
	at org.springframework.boot.web.servlet.context.ServletWebServerApplicationContext.createWebServer(ServletWebServerApplicationContext.java:188)
	at org.springframework.boot.web.servlet.context.ServletWebServerApplicationContext.onRefresh(ServletWebServerApplicationContext.java:162)
	at org.springframework.context.support.AbstractApplicationContext.refresh(AbstractApplicationContext.java:621)
	at org.springframework.boot.web.servlet.context.ServletWebServerApplicationContext.refresh(ServletWebServerApplicationContext.java:146)
	at org.springframework.boot.SpringApplication.refresh(SpringApplication.java:752)
	at org.springframework.boot.SpringApplication.refreshContext(SpringApplication.java:439)
	at org.springframework.boot.SpringApplication.run(SpringApplication.java:318)
	at org.springframework.boot.SpringApplication.run(SpringApplication.java:1361)
	at org.springframework.boot.SpringApplication.run(SpringApplication.java:1350)
	at com.rkt.dms.DmsApplication.main(DmsApplication.java:17)
Caused by: java.sql.SQLSyntaxErrorException: Duplicate key name 'idx_roles_name'
	at com.mysql.cj.jdbc.exceptions.SQLError.createSQLException(SQLError.java:112)
	at com.mysql.cj.jdbc.exceptions.SQLExceptionsMapping.translateException(SQLExceptionsMapping.java:114)
	at com.mysql.cj.jdbc.StatementImpl.executeInternal(StatementImpl.java:837)
	at com.mysql.cj.jdbc.StatementImpl.execute(StatementImpl.java:685)
	at com.zaxxer.hikari.pool.ProxyStatement.execute(ProxyStatement.java:94)
	at com.zaxxer.hikari.pool.HikariProxyStatement.execute(HikariProxyStatement.java)
	at org.hibernate.tool.schema.internal.exec.GenerationTargetToDatabase.accept(GenerationTargetToDatabase.java:80)
	... 122 common frames omitted
2026-03-13 11:44:25.306 [main] WARN  o.h.t.s.i.ExceptionHandlerLoggedImpl [] - GenerationTarget encountered exception accepting command : Error executing DDL "alter table roles add constraint fk_role_department foreign key (department_id) references departments (id)" via JDBC [Duplicate foreign key constraint name 'fk_role_department']
org.hibernate.tool.schema.spi.CommandAcceptanceException: Error executing DDL "alter table roles add constraint fk_role_department foreign key (department_id) references departments (id)" via JDBC [Duplicate foreign key constraint name 'fk_role_department']
	at org.hibernate.tool.schema.internal.exec.GenerationTargetToDatabase.accept(GenerationTargetToDatabase.java:94)
	at org.hibernate.tool.schema.internal.AbstractSchemaMigrator.applySqlString(AbstractSchemaMigrator.java:576)
	at org.hibernate.tool.schema.internal.AbstractSchemaMigrator.applySqlStrings(AbstractSchemaMigrator.java:516)
	at org.hibernate.tool.schema.internal.AbstractSchemaMigrator.applyForeignKeys(AbstractSchemaMigrator.java:448)
	at org.hibernate.tool.schema.internal.AbstractSchemaMigrator.performMigration(AbstractSchemaMigrator.java:269)
	at org.hibernate.tool.schema.internal.AbstractSchemaMigrator.doMigration(AbstractSchemaMigrator.java:112)
	at org.hibernate.tool.schema.spi.SchemaManagementToolCoordinator.performDatabaseAction(SchemaManagementToolCoordinator.java:280)
	at org.hibernate.tool.schema.spi.SchemaManagementToolCoordinator.lambda$process$5(SchemaManagementToolCoordinator.java:144)
	at java.base/java.util.HashMap.forEach(HashMap.java:1429)
	at org.hibernate.tool.schema.spi.SchemaManagementToolCoordinator.process(SchemaManagementToolCoordinator.java:141)
	at org.hibernate.boot.internal.SessionFactoryObserverForSchemaExport.sessionFactoryCreated(SessionFactoryObserverForSchemaExport.java:37)
	at org.hibernate.internal.SessionFactoryObserverChain.sessionFactoryCreated(SessionFactoryObserverChain.java:35)
	at org.hibernate.internal.SessionFactoryImpl.<init>(SessionFactoryImpl.java:324)
	at org.hibernate.boot.internal.SessionFactoryBuilderImpl.build(SessionFactoryBuilderImpl.java:463)
	at org.hibernate.jpa.boot.internal.EntityManagerFactoryBuilderImpl.build(EntityManagerFactoryBuilderImpl.java:1506)
	at org.springframework.orm.jpa.vendor.SpringHibernateJpaPersistenceProvider.createContainerEntityManagerFactory(SpringHibernateJpaPersistenceProvider.java:66)
	at org.springframework.orm.jpa.LocalContainerEntityManagerFactoryBean.createNativeEntityManagerFactory(LocalContainerEntityManagerFactoryBean.java:390)
	at org.springframework.orm.jpa.AbstractEntityManagerFactoryBean.buildNativeEntityManagerFactory(AbstractEntityManagerFactoryBean.java:419)
	at org.springframework.orm.jpa.AbstractEntityManagerFactoryBean.afterPropertiesSet(AbstractEntityManagerFactoryBean.java:400)
	at org.springframework.orm.jpa.LocalContainerEntityManagerFactoryBean.afterPropertiesSet(LocalContainerEntityManagerFactoryBean.java:366)
	at org.springframework.beans.factory.support.AbstractAutowireCapableBeanFactory.invokeInitMethods(AbstractAutowireCapableBeanFactory.java:1855)
	at org.springframework.beans.factory.support.AbstractAutowireCapableBeanFactory.initializeBean(AbstractAutowireCapableBeanFactory.java:1804)
	at org.springframework.beans.factory.support.AbstractAutowireCapableBeanFactory.doCreateBean(AbstractAutowireCapableBeanFactory.java:601)
	at org.springframework.beans.factory.support.AbstractAutowireCapableBeanFactory.createBean(AbstractAutowireCapableBeanFactory.java:523)
	at org.springframework.beans.factory.support.AbstractBeanFactory.lambda$doGetBean$0(AbstractBeanFactory.java:336)
	at org.springframework.beans.factory.support.DefaultSingletonBeanRegistry.getSingleton(DefaultSingletonBeanRegistry.java:289)
	at org.springframework.beans.factory.support.AbstractBeanFactory.doGetBean(AbstractBeanFactory.java:334)
	at org.springframework.beans.factory.support.AbstractBeanFactory.getBean(AbstractBeanFactory.java:199)
	at org.springframework.beans.factory.support.BeanDefinitionValueResolver.resolveReference(BeanDefinitionValueResolver.java:365)
	at org.springframework.beans.factory.support.BeanDefinitionValueResolver.resolveValueIfNecessary(BeanDefinitionValueResolver.java:135)
	at org.springframework.beans.factory.support.ConstructorResolver.resolveConstructorArguments(ConstructorResolver.java:691)
	at org.springframework.beans.factory.support.ConstructorResolver.instantiateUsingFactoryMethod(ConstructorResolver.java:513)
	at org.springframework.beans.factory.support.AbstractAutowireCapableBeanFactory.instantiateUsingFactoryMethod(AbstractAutowireCapableBeanFactory.java:1357)
	at org.springframework.beans.factory.support.AbstractAutowireCapableBeanFactory.createBeanInstance(AbstractAutowireCapableBeanFactory.java:1187)
	at org.springframework.beans.factory.support.AbstractAutowireCapableBeanFactory.doCreateBean(AbstractAutowireCapableBeanFactory.java:563)
	at org.springframework.beans.factory.support.AbstractAutowireCapableBeanFactory.createBean(AbstractAutowireCapableBeanFactory.java:523)
	at org.springframework.beans.factory.support.AbstractBeanFactory.lambda$doGetBean$0(AbstractBeanFactory.java:336)
	at org.springframework.beans.factory.support.DefaultSingletonBeanRegistry.getSingleton(DefaultSingletonBeanRegistry.java:289)
	at org.springframework.beans.factory.support.AbstractBeanFactory.doGetBean(AbstractBeanFactory.java:334)
	at org.springframework.beans.factory.support.AbstractBeanFactory.getBean(AbstractBeanFactory.java:199)
	at org.springframework.beans.factory.support.BeanDefinitionValueResolver.resolveReference(BeanDefinitionValueResolver.java:365)
	at org.springframework.beans.factory.support.BeanDefinitionValueResolver.resolveValueIfNecessary(BeanDefinitionValueResolver.java:135)
	at org.springframework.beans.factory.support.AbstractAutowireCapableBeanFactory.applyPropertyValues(AbstractAutowireCapableBeanFactory.java:1707)
	at org.springframework.beans.factory.support.AbstractAutowireCapableBeanFactory.populateBean(AbstractAutowireCapableBeanFactory.java:1456)
	at org.springframework.beans.factory.support.AbstractAutowireCapableBeanFactory.doCreateBean(AbstractAutowireCapableBeanFactory.java:600)
	at org.springframework.beans.factory.support.AbstractAutowireCapableBeanFactory.createBean(AbstractAutowireCapableBeanFactory.java:523)
	at org.springframework.beans.factory.support.AbstractBeanFactory.lambda$doGetBean$0(AbstractBeanFactory.java:336)
	at org.springframework.beans.factory.support.DefaultSingletonBeanRegistry.getSingleton(DefaultSingletonBeanRegistry.java:289)
	at org.springframework.beans.factory.support.AbstractBeanFactory.doGetBean(AbstractBeanFactory.java:334)
	at org.springframework.beans.factory.support.AbstractBeanFactory.getBean(AbstractBeanFactory.java:199)
	at org.springframework.beans.factory.support.DefaultListableBeanFactory.doResolveDependency(DefaultListableBeanFactory.java:1573)
	at org.springframework.beans.factory.support.DefaultListableBeanFactory.resolveDependency(DefaultListableBeanFactory.java:1519)
	at org.springframework.beans.factory.support.ConstructorResolver.resolveAutowiredArgument(ConstructorResolver.java:913)
	at org.springframework.beans.factory.support.ConstructorResolver.createArgumentArray(ConstructorResolver.java:791)
	at org.springframework.beans.factory.support.ConstructorResolver.autowireConstructor(ConstructorResolver.java:240)
	at org.springframework.beans.factory.support.AbstractAutowireCapableBeanFactory.autowireConstructor(AbstractAutowireCapableBeanFactory.java:1377)
	at org.springframework.beans.factory.support.AbstractAutowireCapableBeanFactory.createBeanInstance(AbstractAutowireCapableBeanFactory.java:1214)
	at org.springframework.beans.factory.support.AbstractAutowireCapableBeanFactory.doCreateBean(AbstractAutowireCapableBeanFactory.java:563)
	at org.springframework.beans.factory.support.AbstractAutowireCapableBeanFactory.createBean(AbstractAutowireCapableBeanFactory.java:523)
	at org.springframework.beans.factory.support.AbstractBeanFactory.lambda$doGetBean$0(AbstractBeanFactory.java:336)
	at org.springframework.beans.factory.support.DefaultSingletonBeanRegistry.getSingleton(DefaultSingletonBeanRegistry.java:289)
	at org.springframework.beans.factory.support.AbstractBeanFactory.doGetBean(AbstractBeanFactory.java:334)
	at org.springframework.beans.factory.support.AbstractBeanFactory.getBean(AbstractBeanFactory.java:199)
	at org.springframework.beans.factory.config.DependencyDescriptor.resolveCandidate(DependencyDescriptor.java:254)
	at org.springframework.beans.factory.support.DefaultListableBeanFactory.doResolveDependency(DefaultListableBeanFactory.java:1631)
	at org.springframework.beans.factory.support.DefaultListableBeanFactory.resolveDependency(DefaultListableBeanFactory.java:1519)
	at org.springframework.beans.factory.support.ConstructorResolver.resolveAutowiredArgument(ConstructorResolver.java:913)
	at org.springframework.beans.factory.support.ConstructorResolver.createArgumentArray(ConstructorResolver.java:791)
	at org.springframework.beans.factory.support.ConstructorResolver.autowireConstructor(ConstructorResolver.java:240)
	at org.springframework.beans.factory.support.AbstractAutowireCapableBeanFactory.autowireConstructor(AbstractAutowireCapableBeanFactory.java:1377)
	at org.springframework.beans.factory.support.AbstractAutowireCapableBeanFactory.createBeanInstance(AbstractAutowireCapableBeanFactory.java:1214)
	at org.springframework.beans.factory.support.AbstractAutowireCapableBeanFactory.doCreateBean(AbstractAutowireCapableBeanFactory.java:563)
	at org.springframework.beans.factory.support.AbstractAutowireCapableBeanFactory.createBean(AbstractAutowireCapableBeanFactory.java:523)
	at org.springframework.beans.factory.support.AbstractBeanFactory.lambda$doGetBean$0(AbstractBeanFactory.java:336)
	at org.springframework.beans.factory.support.DefaultSingletonBeanRegistry.getSingleton(DefaultSingletonBeanRegistry.java:289)
	at org.springframework.beans.factory.support.AbstractBeanFactory.doGetBean(AbstractBeanFactory.java:334)
	at org.springframework.beans.factory.support.AbstractBeanFactory.getBean(AbstractBeanFactory.java:204)
	at org.springframework.boot.web.servlet.ServletContextInitializerBeans.getOrderedBeansOfType(ServletContextInitializerBeans.java:211)
	at org.springframework.boot.web.servlet.ServletContextInitializerBeans.addAsRegistrationBean(ServletContextInitializerBeans.java:174)
	at org.springframework.boot.web.servlet.ServletContextInitializerBeans.addAsRegistrationBean(ServletContextInitializerBeans.java:169)
	at org.springframework.boot.web.servlet.ServletContextInitializerBeans.addAdaptableBeans(ServletContextInitializerBeans.java:154)
	at org.springframework.boot.web.servlet.ServletContextInitializerBeans.<init>(ServletContextInitializerBeans.java:87)
	at org.springframework.boot.web.servlet.context.ServletWebServerApplicationContext.getServletContextInitializerBeans(ServletWebServerApplicationContext.java:266)
	at org.springframework.boot.web.servlet.context.ServletWebServerApplicationContext.selfInitialize(ServletWebServerApplicationContext.java:240)
	at org.springframework.boot.web.embedded.tomcat.TomcatStarter.onStartup(TomcatStarter.java:52)
	at org.apache.catalina.core.StandardContext.startInternal(StandardContext.java:4426)
	at org.apache.catalina.util.LifecycleBase.start(LifecycleBase.java:164)
	at org.apache.catalina.core.ContainerBase$StartChild.call(ContainerBase.java:1203)
	at org.apache.catalina.core.ContainerBase$StartChild.call(ContainerBase.java:1193)
	at java.base/java.util.concurrent.FutureTask.run(FutureTask.java:317)
	at org.apache.tomcat.util.threads.InlineExecutorService.execute(InlineExecutorService.java:75)
	at java.base/java.util.concurrent.AbstractExecutorService.submit(AbstractExecutorService.java:145)
	at org.apache.catalina.core.ContainerBase.startInternal(ContainerBase.java:749)
	at org.apache.catalina.core.StandardHost.startInternal(StandardHost.java:772)
	at org.apache.catalina.util.LifecycleBase.start(LifecycleBase.java:164)
	at org.apache.catalina.core.ContainerBase$StartChild.call(ContainerBase.java:1203)
	at org.apache.catalina.core.ContainerBase$StartChild.call(ContainerBase.java:1193)
	at java.base/java.util.concurrent.FutureTask.run(FutureTask.java:317)
	at org.apache.tomcat.util.threads.InlineExecutorService.execute(InlineExecutorService.java:75)
	at java.base/java.util.concurrent.AbstractExecutorService.submit(AbstractExecutorService.java:145)
	at org.apache.catalina.core.ContainerBase.startInternal(ContainerBase.java:749)
	at org.apache.catalina.core.StandardEngine.startInternal(StandardEngine.java:203)
	at org.apache.catalina.util.LifecycleBase.start(LifecycleBase.java:164)
	at org.apache.catalina.core.StandardService.startInternal(StandardService.java:415)
	at org.apache.catalina.util.LifecycleBase.start(LifecycleBase.java:164)
	at org.apache.catalina.core.StandardServer.startInternal(StandardServer.java:870)
	at org.apache.catalina.util.LifecycleBase.start(LifecycleBase.java:164)
	at org.apache.catalina.startup.Tomcat.start(Tomcat.java:437)
	at org.springframework.boot.web.embedded.tomcat.TomcatWebServer.initialize(TomcatWebServer.java:128)
	at org.springframework.boot.web.embedded.tomcat.TomcatWebServer.<init>(TomcatWebServer.java:107)
	at org.springframework.boot.web.embedded.tomcat.TomcatServletWebServerFactory.getTomcatWebServer(TomcatServletWebServerFactory.java:516)
	at org.springframework.boot.web.embedded.tomcat.TomcatServletWebServerFactory.getWebServer(TomcatServletWebServerFactory.java:222)
	at org.springframework.boot.web.servlet.context.ServletWebServerApplicationContext.createWebServer(ServletWebServerApplicationContext.java:188)
	at org.springframework.boot.web.servlet.context.ServletWebServerApplicationContext.onRefresh(ServletWebServerApplicationContext.java:162)
	at org.springframework.context.support.AbstractApplicationContext.refresh(AbstractApplicationContext.java:621)
	at org.springframework.boot.web.servlet.context.ServletWebServerApplicationContext.refresh(ServletWebServerApplicationContext.java:146)
	at org.springframework.boot.SpringApplication.refresh(SpringApplication.java:752)
	at org.springframework.boot.SpringApplication.refreshContext(SpringApplication.java:439)
	at org.springframework.boot.SpringApplication.run(SpringApplication.java:318)
	at org.springframework.boot.SpringApplication.run(SpringApplication.java:1361)
	at org.springframework.boot.SpringApplication.run(SpringApplication.java:1350)
	at com.rkt.dms.DmsApplication.main(DmsApplication.java:17)
Caused by: java.sql.SQLException: Duplicate foreign key constraint name 'fk_role_department'
	at com.mysql.cj.jdbc.exceptions.SQLError.createSQLException(SQLError.java:121)
	at com.mysql.cj.jdbc.exceptions.SQLExceptionsMapping.translateException(SQLExceptionsMapping.java:114)
	at com.mysql.cj.jdbc.StatementImpl.executeInternal(StatementImpl.java:837)
	at com.mysql.cj.jdbc.StatementImpl.execute(StatementImpl.java:685)
	at com.zaxxer.hikari.pool.ProxyStatement.execute(ProxyStatement.java:94)
	at com.zaxxer.hikari.pool.HikariProxyStatement.execute(HikariProxyStatement.java)
	at org.hibernate.tool.schema.internal.exec.GenerationTargetToDatabase.accept(GenerationTargetToDatabase.java:80)
	... 121 common frames omitted
2026-03-13 11:44:25.388 [main] INFO  o.s.o.j.LocalContainerEntityManagerFactoryBean [] - Initialized JPA EntityManagerFactory for persistence unit 'default'
2026-03-13 11:44:25.949 [main] INFO  o.s.d.j.r.query.QueryEnhancerFactory [] - Hibernate is in classpath; If applicable, HQL parser will be used.
2026-03-13 11:44:29.815 [main] INFO  o.s.s.c.a.a.c.InitializeUserDetailsBeanManagerConfigurer$InitializeUserDetailsManagerConfigurer [] - Global AuthenticationManager configured with UserDetailsService bean with name userDetailsServiceImpl
2026-03-13 11:44:30.002 [main] WARN  o.s.b.a.o.j.JpaBaseConfiguration$JpaWebConfiguration [] - spring.jpa.open-in-view is enabled by default. Therefore, database queries may be performed during view rendering. Explicitly configure spring.jpa.open-in-view to disable this warning
2026-03-13 11:44:30.925 [main] INFO  o.s.b.a.e.web.EndpointLinksResolver [] - Exposing 3 endpoints beneath base path '/actuator'
2026-03-13 11:44:32.152 [main] INFO  o.a.coyote.http11.Http11NioProtocol [] - Starting ProtocolHandler ["http-nio-8082"]
2026-03-13 11:44:32.183 [main] INFO  o.s.b.w.e.tomcat.TomcatWebServer [] - Tomcat started on port 8082 (http) with context path '/'
2026-03-13 11:44:32.209 [main] INFO  com.rkt.dms.DmsApplication [] - Started DmsApplication in 26.374 seconds (process running for 27.445)
2026-03-13 11:44:53.909 [background-preinit] INFO  o.h.validator.internal.util.Version [] - HV000001: Hibernate Validator 8.0.2.Final
2026-03-13 11:44:54.000 [main] INFO  com.rkt.dms.DmsApplication [] - Starting DmsApplication using Java 21.0.8 with PID 10860 (C:\Users\shashi.rai\Desktop\Projects\DMS\DMS-Backend\target\classes started by shashi.rai in C:\Users\shashi.rai\Desktop\Projects\DMS\DMS-Backend)
2026-03-13 11:44:54.002 [main] INFO  com.rkt.dms.DmsApplication [] - The following 1 profile is active: "dev"
2026-03-13 11:44:56.372 [main] INFO  o.s.d.r.c.RepositoryConfigurationDelegate [] - Bootstrapping Spring Data JPA repositories in DEFAULT mode.
2026-03-13 11:44:56.595 [main] INFO  o.s.d.r.c.RepositoryConfigurationDelegate [] - Finished Spring Data repository scanning in 204 ms. Found 16 JPA repository interfaces.
2026-03-13 11:44:58.488 [main] INFO  o.s.b.w.e.tomcat.TomcatWebServer [] - Tomcat initialized with port 8082 (http)
2026-03-13 11:44:58.513 [main] INFO  o.a.coyote.http11.Http11NioProtocol [] - Initializing ProtocolHandler ["http-nio-8082"]
2026-03-13 11:44:58.518 [main] INFO  o.a.catalina.core.StandardService [] - Starting service [Tomcat]
2026-03-13 11:44:58.519 [main] INFO  o.a.catalina.core.StandardEngine [] - Starting Servlet engine: [Apache Tomcat/10.1.34]
2026-03-13 11:44:58.665 [main] INFO  o.a.c.c.C.[Tomcat].[localhost].[/] [] - Initializing Spring embedded WebApplicationContext
2026-03-13 11:44:58.667 [main] INFO  o.s.b.w.s.c.ServletWebServerApplicationContext [] - Root WebApplicationContext: initialization completed in 4573 ms
2026-03-13 11:44:59.468 [main] INFO  o.h.jpa.internal.util.LogHelper [] - HHH000204: Processing PersistenceUnitInfo [name: default]
2026-03-13 11:44:59.630 [main] INFO  org.hibernate.Version [] - HHH000412: Hibernate ORM core version 6.6.4.Final
2026-03-13 11:44:59.706 [main] INFO  o.h.c.i.RegionFactoryInitiator [] - HHH000026: Second-level cache disabled
2026-03-13 11:45:00.233 [main] INFO  o.s.o.j.p.SpringPersistenceUnitInfo [] - No LoadTimeWeaver setup: ignoring JPA class transformer
2026-03-13 11:45:00.311 [main] INFO  com.zaxxer.hikari.HikariDataSource [] - HikariPool-1 - Starting...
2026-03-13 11:45:03.199 [main] INFO  com.zaxxer.hikari.pool.HikariPool [] - HikariPool-1 - Added connection com.mysql.cj.jdbc.ConnectionImpl@31b67d61
2026-03-13 11:45:03.203 [main] INFO  com.zaxxer.hikari.HikariDataSource [] - HikariPool-1 - Start completed.
2026-03-13 11:45:03.284 [main] WARN  org.hibernate.orm.deprecation [] - HHH90000025: MySQLDialect does not need to be specified explicitly using 'hibernate.dialect' (remove the property setting and it will be selected by default)
2026-03-13 11:45:03.302 [main] INFO  o.hibernate.orm.connections.pooling [] - HHH10001005: Database info:
	Database JDBC URL [Connecting through datasource 'HikariDataSource (HikariPool-1)']
	Database driver: undefined/unknown
	Database version: 8.0.33
	Autocommit mode: undefined/unknown
	Isolation level: undefined/unknown
	Minimum pool size: undefined/unknown
	Maximum pool size: undefined/unknown
2026-03-13 11:45:06.169 [main] INFO  o.h.e.t.j.p.i.JtaPlatformInitiator [] - HHH000489: No JTA platform available (set 'hibernate.transaction.jta.platform' to enable JTA platform integration)
2026-03-13 11:45:06.695 [main] INFO  o.s.o.j.LocalContainerEntityManagerFactoryBean [] - Initialized JPA EntityManagerFactory for persistence unit 'default'
2026-03-13 11:45:07.586 [main] INFO  o.s.d.j.r.query.QueryEnhancerFactory [] - Hibernate is in classpath; If applicable, HQL parser will be used.
2026-03-13 11:45:11.509 [main] INFO  o.s.s.c.a.a.c.InitializeUserDetailsBeanManagerConfigurer$InitializeUserDetailsManagerConfigurer [] - Global AuthenticationManager configured with UserDetailsService bean with name userDetailsServiceImpl
2026-03-13 11:45:11.695 [main] WARN  o.s.b.a.o.j.JpaBaseConfiguration$JpaWebConfiguration [] - spring.jpa.open-in-view is enabled by default. Therefore, database queries may be performed during view rendering. Explicitly configure spring.jpa.open-in-view to disable this warning
2026-03-13 11:45:12.683 [main] INFO  o.s.b.a.e.web.EndpointLinksResolver [] - Exposing 3 endpoints beneath base path '/actuator'
2026-03-13 11:45:13.781 [main] INFO  o.a.coyote.http11.Http11NioProtocol [] - Starting ProtocolHandler ["http-nio-8082"]
2026-03-13 11:45:13.827 [main] INFO  o.s.b.w.e.tomcat.TomcatWebServer [] - Tomcat started on port 8082 (http) with context path '/'
2026-03-13 11:45:13.855 [main] INFO  com.rkt.dms.DmsApplication [] - Started DmsApplication in 20.565 seconds (process running for 21.875)
2026-03-13 11:45:28.609 [http-nio-8082-exec-1] INFO  o.a.c.c.C.[Tomcat].[localhost].[/] [] - Initializing Spring DispatcherServlet 'dispatcherServlet'
2026-03-13 11:45:28.609 [http-nio-8082-exec-1] INFO  o.s.web.servlet.DispatcherServlet [] - Initializing Servlet 'dispatcherServlet'
2026-03-13 11:45:28.612 [http-nio-8082-exec-1] INFO  o.s.web.servlet.DispatcherServlet [] - Completed initialization in 2 ms
2026-03-13 12:03:20.589 [background-preinit] INFO  o.h.validator.internal.util.Version [] - HV000001: Hibernate Validator 8.0.2.Final
2026-03-13 12:03:20.742 [main] INFO  com.rkt.dms.DmsApplication [] - Starting DmsApplication using Java 21.0.8 with PID 30904 (C:\Users\shashi.rai\Desktop\Projects\DMS\DMS-Backend\target\classes started by shashi.rai in C:\Users\shashi.rai\Desktop\Projects\DMS\DMS-Backend)
2026-03-13 12:03:20.746 [main] INFO  com.rkt.dms.DmsApplication [] - The following 1 profile is active: "dev"
2026-03-13 12:03:23.289 [main] INFO  o.s.d.r.c.RepositoryConfigurationDelegate [] - Bootstrapping Spring Data JPA repositories in DEFAULT mode.
2026-03-13 12:03:23.509 [main] INFO  o.s.d.r.c.RepositoryConfigurationDelegate [] - Finished Spring Data repository scanning in 199 ms. Found 16 JPA repository interfaces.
2026-03-13 12:03:25.499 [main] INFO  o.s.b.w.e.tomcat.TomcatWebServer [] - Tomcat initialized with port 8082 (http)
2026-03-13 12:03:25.534 [main] INFO  o.a.coyote.http11.Http11NioProtocol [] - Initializing ProtocolHandler ["http-nio-8082"]
2026-03-13 12:03:25.541 [main] INFO  o.a.catalina.core.StandardService [] - Starting service [Tomcat]
2026-03-13 12:03:25.542 [main] INFO  o.a.catalina.core.StandardEngine [] - Starting Servlet engine: [Apache Tomcat/10.1.34]
2026-03-13 12:03:25.695 [main] INFO  o.a.c.c.C.[Tomcat].[localhost].[/] [] - Initializing Spring embedded WebApplicationContext
2026-03-13 12:03:25.696 [main] INFO  o.s.b.w.s.c.ServletWebServerApplicationContext [] - Root WebApplicationContext: initialization completed in 4830 ms
2026-03-13 12:03:26.628 [main] INFO  o.h.jpa.internal.util.LogHelper [] - HHH000204: Processing PersistenceUnitInfo [name: default]
2026-03-13 12:03:26.826 [main] INFO  org.hibernate.Version [] - HHH000412: Hibernate ORM core version 6.6.4.Final
2026-03-13 12:03:26.930 [main] INFO  o.h.c.i.RegionFactoryInitiator [] - HHH000026: Second-level cache disabled
2026-03-13 12:03:27.708 [main] INFO  o.s.o.j.p.SpringPersistenceUnitInfo [] - No LoadTimeWeaver setup: ignoring JPA class transformer
2026-03-13 12:03:27.801 [main] INFO  com.zaxxer.hikari.HikariDataSource [] - HikariPool-1 - Starting...
2026-03-13 12:03:33.778 [main] INFO  com.zaxxer.hikari.pool.HikariPool [] - HikariPool-1 - Added connection com.mysql.cj.jdbc.ConnectionImpl@4a68cbc5
2026-03-13 12:03:33.781 [main] INFO  com.zaxxer.hikari.HikariDataSource [] - HikariPool-1 - Start completed.
2026-03-13 12:03:33.851 [main] WARN  org.hibernate.orm.deprecation [] - HHH90000025: MySQLDialect does not need to be specified explicitly using 'hibernate.dialect' (remove the property setting and it will be selected by default)
2026-03-13 12:03:33.874 [main] INFO  o.hibernate.orm.connections.pooling [] - HHH10001005: Database info:
	Database JDBC URL [Connecting through datasource 'HikariDataSource (HikariPool-1)']
	Database driver: undefined/unknown
	Database version: 8.0.33
	Autocommit mode: undefined/unknown
	Isolation level: undefined/unknown
	Minimum pool size: undefined/unknown
	Maximum pool size: undefined/unknown
2026-03-13 12:03:36.063 [main] INFO  o.h.e.t.j.p.i.JtaPlatformInitiator [] - HHH000489: No JTA platform available (set 'hibernate.transaction.jta.platform' to enable JTA platform integration)
2026-03-13 12:03:36.529 [main] INFO  o.s.o.j.LocalContainerEntityManagerFactoryBean [] - Initialized JPA EntityManagerFactory for persistence unit 'default'
2026-03-13 12:03:37.183 [main] INFO  o.s.d.j.r.query.QueryEnhancerFactory [] - Hibernate is in classpath; If applicable, HQL parser will be used.
2026-03-13 12:03:41.213 [main] INFO  o.s.s.c.a.a.c.InitializeUserDetailsBeanManagerConfigurer$InitializeUserDetailsManagerConfigurer [] - Global AuthenticationManager configured with UserDetailsService bean with name userDetailsServiceImpl
2026-03-13 12:03:41.393 [main] WARN  o.s.b.a.o.j.JpaBaseConfiguration$JpaWebConfiguration [] - spring.jpa.open-in-view is enabled by default. Therefore, database queries may be performed during view rendering. Explicitly configure spring.jpa.open-in-view to disable this warning
2026-03-13 12:03:42.277 [main] INFO  o.s.b.a.e.web.EndpointLinksResolver [] - Exposing 3 endpoints beneath base path '/actuator'
2026-03-13 12:03:43.396 [main] INFO  o.a.coyote.http11.Http11NioProtocol [] - Starting ProtocolHandler ["http-nio-8082"]
2026-03-13 12:03:43.454 [main] INFO  o.s.b.w.e.tomcat.TomcatWebServer [] - Tomcat started on port 8082 (http) with context path '/'
2026-03-13 12:03:43.492 [main] INFO  com.rkt.dms.DmsApplication [] - Started DmsApplication in 23.565 seconds (process running for 24.907)
2026-03-13 12:03:44.870 [http-nio-8082-exec-1] INFO  o.a.c.c.C.[Tomcat].[localhost].[/] [] - Initializing Spring DispatcherServlet 'dispatcherServlet'
2026-03-13 12:03:44.871 [http-nio-8082-exec-1] INFO  o.s.web.servlet.DispatcherServlet [] - Initializing Servlet 'dispatcherServlet'
2026-03-13 12:03:44.873 [http-nio-8082-exec-1] INFO  o.s.web.servlet.DispatcherServlet [] - Completed initialization in 2 ms
2026-03-13 12:04:35.102 [background-preinit] INFO  o.h.validator.internal.util.Version [] - HV000001: Hibernate Validator 8.0.2.Final
2026-03-13 12:04:35.180 [main] INFO  com.rkt.dms.DmsApplication [] - Starting DmsApplication using Java 21.0.8 with PID 33188 (C:\Users\shashi.rai\Desktop\Projects\DMS\DMS-Backend\target\classes started by shashi.rai in C:\Users\shashi.rai\Desktop\Projects\DMS\DMS-Backend)
2026-03-13 12:04:35.181 [main] INFO  com.rkt.dms.DmsApplication [] - The following 1 profile is active: "dev"
2026-03-13 12:04:37.490 [main] INFO  o.s.d.r.c.RepositoryConfigurationDelegate [] - Bootstrapping Spring Data JPA repositories in DEFAULT mode.
2026-03-13 12:04:37.743 [main] INFO  o.s.d.r.c.RepositoryConfigurationDelegate [] - Finished Spring Data repository scanning in 237 ms. Found 16 JPA repository interfaces.
2026-03-13 12:04:39.892 [main] INFO  o.s.b.w.e.tomcat.TomcatWebServer [] - Tomcat initialized with port 8082 (http)
2026-03-13 12:04:39.917 [main] INFO  o.a.coyote.http11.Http11NioProtocol [] - Initializing ProtocolHandler ["http-nio-8082"]
2026-03-13 12:04:39.924 [main] INFO  o.a.catalina.core.StandardService [] - Starting service [Tomcat]
2026-03-13 12:04:39.925 [main] INFO  o.a.catalina.core.StandardEngine [] - Starting Servlet engine: [Apache Tomcat/10.1.34]
2026-03-13 12:04:40.063 [main] INFO  o.a.c.c.C.[Tomcat].[localhost].[/] [] - Initializing Spring embedded WebApplicationContext
2026-03-13 12:04:40.063 [main] INFO  o.s.b.w.s.c.ServletWebServerApplicationContext [] - Root WebApplicationContext: initialization completed in 4793 ms
2026-03-13 12:04:40.767 [main] INFO  o.h.jpa.internal.util.LogHelper [] - HHH000204: Processing PersistenceUnitInfo [name: default]
2026-03-13 12:04:40.879 [main] INFO  org.hibernate.Version [] - HHH000412: Hibernate ORM core version 6.6.4.Final
2026-03-13 12:04:40.954 [main] INFO  o.h.c.i.RegionFactoryInitiator [] - HHH000026: Second-level cache disabled
2026-03-13 12:04:41.518 [main] INFO  o.s.o.j.p.SpringPersistenceUnitInfo [] - No LoadTimeWeaver setup: ignoring JPA class transformer
2026-03-13 12:04:41.594 [main] INFO  com.zaxxer.hikari.HikariDataSource [] - HikariPool-1 - Starting...
2026-03-13 12:04:47.496 [main] INFO  com.zaxxer.hikari.pool.HikariPool [] - HikariPool-1 - Added connection com.mysql.cj.jdbc.ConnectionImpl@6f651ac
2026-03-13 12:04:47.500 [main] INFO  com.zaxxer.hikari.HikariDataSource [] - HikariPool-1 - Start completed.
2026-03-13 12:04:47.633 [main] WARN  org.hibernate.orm.deprecation [] - HHH90000025: MySQLDialect does not need to be specified explicitly using 'hibernate.dialect' (remove the property setting and it will be selected by default)
2026-03-13 12:04:47.686 [main] INFO  o.hibernate.orm.connections.pooling [] - HHH10001005: Database info:
	Database JDBC URL [Connecting through datasource 'HikariDataSource (HikariPool-1)']
	Database driver: undefined/unknown
	Database version: 8.0.33
	Autocommit mode: undefined/unknown
	Isolation level: undefined/unknown
	Minimum pool size: undefined/unknown
	Maximum pool size: undefined/unknown
2026-03-13 12:04:51.069 [main] INFO  o.h.e.t.j.p.i.JtaPlatformInitiator [] - HHH000489: No JTA platform available (set 'hibernate.transaction.jta.platform' to enable JTA platform integration)
2026-03-13 12:04:51.630 [main] INFO  o.s.o.j.LocalContainerEntityManagerFactoryBean [] - Initialized JPA EntityManagerFactory for persistence unit 'default'
2026-03-13 12:04:52.581 [main] INFO  o.s.d.j.r.query.QueryEnhancerFactory [] - Hibernate is in classpath; If applicable, HQL parser will be used.
2026-03-13 12:04:57.688 [main] INFO  o.s.s.c.a.a.c.InitializeUserDetailsBeanManagerConfigurer$InitializeUserDetailsManagerConfigurer [] - Global AuthenticationManager configured with UserDetailsService bean with name userDetailsServiceImpl
2026-03-13 12:04:57.925 [main] WARN  o.s.b.a.o.j.JpaBaseConfiguration$JpaWebConfiguration [] - spring.jpa.open-in-view is enabled by default. Therefore, database queries may be performed during view rendering. Explicitly configure spring.jpa.open-in-view to disable this warning
2026-03-13 12:04:59.106 [main] INFO  o.s.b.a.e.web.EndpointLinksResolver [] - Exposing 3 endpoints beneath base path '/actuator'
2026-03-13 12:05:00.536 [main] INFO  o.a.coyote.http11.Http11NioProtocol [] - Starting ProtocolHandler ["http-nio-8082"]
2026-03-13 12:05:00.592 [main] INFO  o.s.b.w.e.tomcat.TomcatWebServer [] - Tomcat started on port 8082 (http) with context path '/'
2026-03-13 12:05:00.622 [main] INFO  com.rkt.dms.DmsApplication [] - Started DmsApplication in 26.033 seconds (process running for 27.17)
2026-03-13 12:05:49.183 [http-nio-8082-exec-2] INFO  o.a.c.c.C.[Tomcat].[localhost].[/] [] - Initializing Spring DispatcherServlet 'dispatcherServlet'
2026-03-13 12:05:49.184 [http-nio-8082-exec-2] INFO  o.s.web.servlet.DispatcherServlet [] - Initializing Servlet 'dispatcherServlet'
2026-03-13 12:05:49.188 [http-nio-8082-exec-2] INFO  o.s.web.servlet.DispatcherServlet [] - Completed initialization in 3 ms
2026-03-13 12:12:00.293 [background-preinit] INFO  o.h.validator.internal.util.Version [] - HV000001: Hibernate Validator 8.0.2.Final
2026-03-13 12:12:00.375 [main] INFO  com.rkt.dms.DmsApplication [] - Starting DmsApplication using Java 21.0.8 with PID 32876 (C:\Users\shashi.rai\Desktop\Projects\DMS\DMS-Backend\target\classes started by shashi.rai in C:\Users\shashi.rai\Desktop\Projects\DMS\DMS-Backend)
2026-03-13 12:12:00.377 [main] INFO  com.rkt.dms.DmsApplication [] - The following 1 profile is active: "dev"
2026-03-13 12:12:03.237 [main] INFO  o.s.d.r.c.RepositoryConfigurationDelegate [] - Bootstrapping Spring Data JPA repositories in DEFAULT mode.
2026-03-13 12:12:03.491 [main] INFO  o.s.d.r.c.RepositoryConfigurationDelegate [] - Finished Spring Data repository scanning in 233 ms. Found 16 JPA repository interfaces.
2026-03-13 12:12:05.862 [main] INFO  o.s.b.w.e.tomcat.TomcatWebServer [] - Tomcat initialized with port 8082 (http)
2026-03-13 12:12:05.890 [main] INFO  o.a.coyote.http11.Http11NioProtocol [] - Initializing ProtocolHandler ["http-nio-8082"]
2026-03-13 12:12:05.897 [main] INFO  o.a.catalina.core.StandardService [] - Starting service [Tomcat]
2026-03-13 12:12:05.898 [main] INFO  o.a.catalina.core.StandardEngine [] - Starting Servlet engine: [Apache Tomcat/10.1.34]
2026-03-13 12:12:06.087 [main] INFO  o.a.c.c.C.[Tomcat].[localhost].[/] [] - Initializing Spring embedded WebApplicationContext
2026-03-13 12:12:06.089 [main] INFO  o.s.b.w.s.c.ServletWebServerApplicationContext [] - Root WebApplicationContext: initialization completed in 5625 ms
2026-03-13 12:12:07.107 [main] INFO  o.h.jpa.internal.util.LogHelper [] - HHH000204: Processing PersistenceUnitInfo [name: default]
2026-03-13 12:12:07.240 [main] INFO  org.hibernate.Version [] - HHH000412: Hibernate ORM core version 6.6.4.Final
2026-03-13 12:12:07.313 [main] INFO  o.h.c.i.RegionFactoryInitiator [] - HHH000026: Second-level cache disabled
2026-03-13 12:12:08.035 [main] INFO  o.s.o.j.p.SpringPersistenceUnitInfo [] - No LoadTimeWeaver setup: ignoring JPA class transformer
2026-03-13 12:12:08.124 [main] INFO  com.zaxxer.hikari.HikariDataSource [] - HikariPool-1 - Starting...
2026-03-13 12:12:14.683 [main] INFO  com.zaxxer.hikari.pool.HikariPool [] - HikariPool-1 - Added connection com.mysql.cj.jdbc.ConnectionImpl@57ac2910
2026-03-13 12:12:14.687 [main] INFO  com.zaxxer.hikari.HikariDataSource [] - HikariPool-1 - Start completed.
2026-03-13 12:12:14.765 [main] WARN  org.hibernate.orm.deprecation [] - HHH90000025: MySQLDialect does not need to be specified explicitly using 'hibernate.dialect' (remove the property setting and it will be selected by default)
2026-03-13 12:12:14.787 [main] INFO  o.hibernate.orm.connections.pooling [] - HHH10001005: Database info:
	Database JDBC URL [Connecting through datasource 'HikariDataSource (HikariPool-1)']
	Database driver: undefined/unknown
	Database version: 8.0.33
	Autocommit mode: undefined/unknown
	Isolation level: undefined/unknown
	Minimum pool size: undefined/unknown
	Maximum pool size: undefined/unknown
2026-03-13 12:12:17.939 [main] INFO  o.h.e.t.j.p.i.JtaPlatformInitiator [] - HHH000489: No JTA platform available (set 'hibernate.transaction.jta.platform' to enable JTA platform integration)
2026-03-13 12:12:18.330 [main] INFO  o.s.o.j.LocalContainerEntityManagerFactoryBean [] - Initialized JPA EntityManagerFactory for persistence unit 'default'
2026-03-13 12:12:19.307 [main] INFO  o.s.d.j.r.query.QueryEnhancerFactory [] - Hibernate is in classpath; If applicable, HQL parser will be used.
2026-03-13 12:12:24.982 [background-preinit] INFO  o.h.validator.internal.util.Version [] - HV000001: Hibernate Validator 8.0.2.Final
2026-03-13 12:12:25.068 [main] INFO  com.rkt.dms.DmsApplication [] - Starting DmsApplication using Java 21.0.8 with PID 26120 (C:\Users\shashi.rai\Desktop\Projects\DMS\DMS-Backend\target\classes started by shashi.rai in C:\Users\shashi.rai\Desktop\Projects\DMS\DMS-Backend)
2026-03-13 12:12:25.069 [main] INFO  com.rkt.dms.DmsApplication [] - The following 1 profile is active: "dev"
2026-03-13 12:12:27.370 [main] INFO  o.s.d.r.c.RepositoryConfigurationDelegate [] - Bootstrapping Spring Data JPA repositories in DEFAULT mode.
2026-03-13 12:12:27.599 [main] INFO  o.s.d.r.c.RepositoryConfigurationDelegate [] - Finished Spring Data repository scanning in 209 ms. Found 16 JPA repository interfaces.
2026-03-13 12:12:29.666 [main] INFO  o.s.b.w.e.tomcat.TomcatWebServer [] - Tomcat initialized with port 8082 (http)
2026-03-13 12:12:29.693 [main] INFO  o.a.coyote.http11.Http11NioProtocol [] - Initializing ProtocolHandler ["http-nio-8082"]
2026-03-13 12:12:29.699 [main] INFO  o.a.catalina.core.StandardService [] - Starting service [Tomcat]
2026-03-13 12:12:29.699 [main] INFO  o.a.catalina.core.StandardEngine [] - Starting Servlet engine: [Apache Tomcat/10.1.34]
2026-03-13 12:12:29.831 [main] INFO  o.a.c.c.C.[Tomcat].[localhost].[/] [] - Initializing Spring embedded WebApplicationContext
2026-03-13 12:12:29.832 [main] INFO  o.s.b.w.s.c.ServletWebServerApplicationContext [] - Root WebApplicationContext: initialization completed in 4672 ms
2026-03-13 12:12:30.543 [main] INFO  o.h.jpa.internal.util.LogHelper [] - HHH000204: Processing PersistenceUnitInfo [name: default]
2026-03-13 12:12:30.663 [main] INFO  org.hibernate.Version [] - HHH000412: Hibernate ORM core version 6.6.4.Final
2026-03-13 12:12:30.735 [main] INFO  o.h.c.i.RegionFactoryInitiator [] - HHH000026: Second-level cache disabled
2026-03-13 12:12:31.210 [main] INFO  o.s.o.j.p.SpringPersistenceUnitInfo [] - No LoadTimeWeaver setup: ignoring JPA class transformer
2026-03-13 12:12:31.264 [main] INFO  com.zaxxer.hikari.HikariDataSource [] - HikariPool-1 - Starting...
2026-03-13 12:12:32.810 [main] INFO  com.zaxxer.hikari.pool.HikariPool [] - HikariPool-1 - Added connection com.mysql.cj.jdbc.ConnectionImpl@3a663a45
2026-03-13 12:12:32.813 [main] INFO  com.zaxxer.hikari.HikariDataSource [] - HikariPool-1 - Start completed.
2026-03-13 12:12:32.894 [main] WARN  org.hibernate.orm.deprecation [] - HHH90000025: MySQLDialect does not need to be specified explicitly using 'hibernate.dialect' (remove the property setting and it will be selected by default)
2026-03-13 12:12:32.916 [main] INFO  o.hibernate.orm.connections.pooling [] - HHH10001005: Database info:
	Database JDBC URL [Connecting through datasource 'HikariDataSource (HikariPool-1)']
	Database driver: undefined/unknown
	Database version: 8.0.33
	Autocommit mode: undefined/unknown
	Isolation level: undefined/unknown
	Minimum pool size: undefined/unknown
	Maximum pool size: undefined/unknown
2026-03-13 12:12:35.137 [main] INFO  o.h.e.t.j.p.i.JtaPlatformInitiator [] - HHH000489: No JTA platform available (set 'hibernate.transaction.jta.platform' to enable JTA platform integration)
2026-03-13 12:12:35.517 [main] INFO  o.s.o.j.LocalContainerEntityManagerFactoryBean [] - Initialized JPA EntityManagerFactory for persistence unit 'default'
2026-03-13 12:12:36.245 [main] INFO  o.s.d.j.r.query.QueryEnhancerFactory [] - Hibernate is in classpath; If applicable, HQL parser will be used.
2026-03-13 12:12:39.732 [main] INFO  o.s.s.c.a.a.c.InitializeUserDetailsBeanManagerConfigurer$InitializeUserDetailsManagerConfigurer [] - Global AuthenticationManager configured with UserDetailsService bean with name userDetailsServiceImpl
2026-03-13 12:12:39.896 [main] WARN  o.s.b.a.o.j.JpaBaseConfiguration$JpaWebConfiguration [] - spring.jpa.open-in-view is enabled by default. Therefore, database queries may be performed during view rendering. Explicitly configure spring.jpa.open-in-view to disable this warning
2026-03-13 12:12:40.790 [main] INFO  o.s.b.a.e.web.EndpointLinksResolver [] - Exposing 3 endpoints beneath base path '/actuator'
2026-03-13 12:12:41.927 [main] INFO  o.a.coyote.http11.Http11NioProtocol [] - Starting ProtocolHandler ["http-nio-8082"]
2026-03-13 12:12:41.990 [main] INFO  o.s.b.w.e.tomcat.TomcatWebServer [] - Tomcat started on port 8082 (http) with context path '/'
2026-03-13 12:12:42.046 [main] INFO  com.rkt.dms.DmsApplication [] - Started DmsApplication in 17.59 seconds (process running for 18.631)
2026-03-13 12:13:03.498 [http-nio-8082-exec-1] INFO  o.a.c.c.C.[Tomcat].[localhost].[/] [] - Initializing Spring DispatcherServlet 'dispatcherServlet'
2026-03-13 12:13:03.499 [http-nio-8082-exec-1] INFO  o.s.web.servlet.DispatcherServlet [] - Initializing Servlet 'dispatcherServlet'
2026-03-13 12:13:03.502 [http-nio-8082-exec-1] INFO  o.s.web.servlet.DispatcherServlet [] - Completed initialization in 2 ms
2026-03-13 12:13:14.388 [http-nio-8082-exec-3] WARN  o.h.e.jdbc.spi.SqlExceptionHelper [a4990f1e-af64-4545-95b6-3c5c38191af4] - SQL Error: 1064, SQLState: 42000
2026-03-13 12:13:14.389 [http-nio-8082-exec-3] ERROR o.h.e.jdbc.spi.SqlExceptionHelper [a4990f1e-af64-4545-95b6-3c5c38191af4] - You have an error in your SQL syntax; check the manual that corresponds to your MySQL server version for the right syntax to use near 'p.is_viewed,
    p.expiry_date,
FROM permissions p
JOIN documents d ON p.documen' at line 8
2026-03-13 12:13:19.979 [http-nio-8082-exec-9] WARN  o.h.e.jdbc.spi.SqlExceptionHelper [4adca878-f2bd-4e8c-81c3-da1394f60d8c] - SQL Error: 1064, SQLState: 42000
2026-03-13 12:13:19.981 [http-nio-8082-exec-9] ERROR o.h.e.jdbc.spi.SqlExceptionHelper [4adca878-f2bd-4e8c-81c3-da1394f60d8c] - You have an error in your SQL syntax; check the manual that corresponds to your MySQL server version for the right syntax to use near 'p.is_viewed,
    p.expiry_date,
FROM permissions p
JOIN documents d ON p.documen' at line 8
2026-03-13 12:13:25.094 [http-nio-8082-exec-7] WARN  o.h.e.jdbc.spi.SqlExceptionHelper [1a0065dd-c98f-4534-8303-406b303f1ceb] - SQL Error: 1064, SQLState: 42000
2026-03-13 12:13:25.094 [http-nio-8082-exec-7] ERROR o.h.e.jdbc.spi.SqlExceptionHelper [1a0065dd-c98f-4534-8303-406b303f1ceb] - You have an error in your SQL syntax; check the manual that corresponds to your MySQL server version for the right syntax to use near 'p.is_viewed,
    p.expiry_date,
FROM permissions p
JOIN documents d ON p.documen' at line 8
2026-03-13 12:13:47.445 [http-nio-8082-exec-1] WARN  o.h.e.jdbc.spi.SqlExceptionHelper [0fe986eb-bede-49aa-8520-40374e58ea8c] - SQL Error: 1064, SQLState: 42000
2026-03-13 12:13:47.446 [http-nio-8082-exec-1] ERROR o.h.e.jdbc.spi.SqlExceptionHelper [0fe986eb-bede-49aa-8520-40374e58ea8c] - You have an error in your SQL syntax; check the manual that corresponds to your MySQL server version for the right syntax to use near 'p.is_viewed,
    p.expiry_date,
FROM permissions p
JOIN documents d ON p.documen' at line 8
2026-03-13 12:14:08.770 [background-preinit] INFO  o.h.validator.internal.util.Version [] - HV000001: Hibernate Validator 8.0.2.Final
2026-03-13 12:14:08.904 [main] INFO  com.rkt.dms.DmsApplication [] - Starting DmsApplication using Java 21.0.8 with PID 36456 (C:\Users\shashi.rai\Desktop\Projects\DMS\DMS-Backend\target\classes started by shashi.rai in C:\Users\shashi.rai\Desktop\Projects\DMS\DMS-Backend)
2026-03-13 12:14:08.907 [main] INFO  com.rkt.dms.DmsApplication [] - The following 1 profile is active: "dev"
2026-03-13 12:14:12.062 [main] INFO  o.s.d.r.c.RepositoryConfigurationDelegate [] - Bootstrapping Spring Data JPA repositories in DEFAULT mode.
2026-03-13 12:14:12.370 [main] INFO  o.s.d.r.c.RepositoryConfigurationDelegate [] - Finished Spring Data repository scanning in 283 ms. Found 16 JPA repository interfaces.
2026-03-13 12:14:14.193 [main] INFO  o.s.b.w.e.tomcat.TomcatWebServer [] - Tomcat initialized with port 8082 (http)
2026-03-13 12:14:14.223 [main] INFO  o.a.coyote.http11.Http11NioProtocol [] - Initializing ProtocolHandler ["http-nio-8082"]
2026-03-13 12:14:14.227 [main] INFO  o.a.catalina.core.StandardService [] - Starting service [Tomcat]
2026-03-13 12:14:14.227 [main] INFO  o.a.catalina.core.StandardEngine [] - Starting Servlet engine: [Apache Tomcat/10.1.34]
2026-03-13 12:14:14.376 [main] INFO  o.a.c.c.C.[Tomcat].[localhost].[/] [] - Initializing Spring embedded WebApplicationContext
2026-03-13 12:14:14.377 [main] INFO  o.s.b.w.s.c.ServletWebServerApplicationContext [] - Root WebApplicationContext: initialization completed in 5344 ms
2026-03-13 12:14:15.156 [main] INFO  o.h.jpa.internal.util.LogHelper [] - HHH000204: Processing PersistenceUnitInfo [name: default]
2026-03-13 12:14:15.289 [main] INFO  org.hibernate.Version [] - HHH000412: Hibernate ORM core version 6.6.4.Final
2026-03-13 12:14:15.381 [main] INFO  o.h.c.i.RegionFactoryInitiator [] - HHH000026: Second-level cache disabled
2026-03-13 12:14:15.975 [main] INFO  o.s.o.j.p.SpringPersistenceUnitInfo [] - No LoadTimeWeaver setup: ignoring JPA class transformer
2026-03-13 12:14:16.063 [main] INFO  com.zaxxer.hikari.HikariDataSource [] - HikariPool-1 - Starting...
2026-03-13 12:14:21.868 [main] INFO  com.zaxxer.hikari.pool.HikariPool [] - HikariPool-1 - Added connection com.mysql.cj.jdbc.ConnectionImpl@7c5c2b17
2026-03-13 12:14:21.871 [main] INFO  com.zaxxer.hikari.HikariDataSource [] - HikariPool-1 - Start completed.
2026-03-13 12:14:21.955 [main] WARN  org.hibernate.orm.deprecation [] - HHH90000025: MySQLDialect does not need to be specified explicitly using 'hibernate.dialect' (remove the property setting and it will be selected by default)
2026-03-13 12:14:21.983 [main] INFO  o.hibernate.orm.connections.pooling [] - HHH10001005: Database info:
	Database JDBC URL [Connecting through datasource 'HikariDataSource (HikariPool-1)']
	Database driver: undefined/unknown
	Database version: 8.0.33
	Autocommit mode: undefined/unknown
	Isolation level: undefined/unknown
	Minimum pool size: undefined/unknown
	Maximum pool size: undefined/unknown
2026-03-13 12:14:24.251 [main] INFO  o.h.e.t.j.p.i.JtaPlatformInitiator [] - HHH000489: No JTA platform available (set 'hibernate.transaction.jta.platform' to enable JTA platform integration)
2026-03-13 12:14:25.591 [main] INFO  o.s.o.j.LocalContainerEntityManagerFactoryBean [] - Initialized JPA EntityManagerFactory for persistence unit 'default'
2026-03-13 12:14:26.175 [main] INFO  o.s.d.j.r.query.QueryEnhancerFactory [] - Hibernate is in classpath; If applicable, HQL parser will be used.
2026-03-13 12:14:29.693 [main] INFO  o.s.s.c.a.a.c.InitializeUserDetailsBeanManagerConfigurer$InitializeUserDetailsManagerConfigurer [] - Global AuthenticationManager configured with UserDetailsService bean with name userDetailsServiceImpl
2026-03-13 12:14:29.855 [main] WARN  o.s.b.a.o.j.JpaBaseConfiguration$JpaWebConfiguration [] - spring.jpa.open-in-view is enabled by default. Therefore, database queries may be performed during view rendering. Explicitly configure spring.jpa.open-in-view to disable this warning
2026-03-13 12:14:30.797 [main] INFO  o.s.b.a.e.web.EndpointLinksResolver [] - Exposing 3 endpoints beneath base path '/actuator'
2026-03-13 12:14:31.823 [main] INFO  o.a.coyote.http11.Http11NioProtocol [] - Starting ProtocolHandler ["http-nio-8082"]
2026-03-13 12:14:31.854 [main] INFO  o.s.b.w.e.tomcat.TomcatWebServer [] - Tomcat started on port 8082 (http) with context path '/'
2026-03-13 12:14:31.877 [main] INFO  com.rkt.dms.DmsApplication [] - Started DmsApplication in 23.771 seconds (process running for 25.177)
2026-03-13 12:14:35.249 [http-nio-8082-exec-1] INFO  o.a.c.c.C.[Tomcat].[localhost].[/] [] - Initializing Spring DispatcherServlet 'dispatcherServlet'
2026-03-13 12:14:35.250 [http-nio-8082-exec-1] INFO  o.s.web.servlet.DispatcherServlet [] - Initializing Servlet 'dispatcherServlet'
2026-03-13 12:14:35.254 [http-nio-8082-exec-1] INFO  o.s.web.servlet.DispatcherServlet [] - Completed initialization in 3 ms
2026-03-13 12:14:37.128 [http-nio-8082-exec-1] WARN  o.h.e.jdbc.spi.SqlExceptionHelper [7c4c9222-d4de-4ed6-a204-24c1725e759b] - SQL Error: 1064, SQLState: 42000
2026-03-13 12:14:37.129 [http-nio-8082-exec-1] ERROR o.h.e.jdbc.spi.SqlExceptionHelper [7c4c9222-d4de-4ed6-a204-24c1725e759b] - You have an error in your SQL syntax; check the manual that corresponds to your MySQL server version for the right syntax to use near 'p.is_viewed As isViewed,
    p.expiry_date As expiryDate,
FROM permissions p
JOI' at line 8
2026-03-13 12:14:40.488 [http-nio-8082-exec-3] WARN  o.h.e.jdbc.spi.SqlExceptionHelper [310b0203-9271-4d35-ac61-d7bb4abadc8a] - SQL Error: 1064, SQLState: 42000
2026-03-13 12:14:40.489 [http-nio-8082-exec-3] ERROR o.h.e.jdbc.spi.SqlExceptionHelper [310b0203-9271-4d35-ac61-d7bb4abadc8a] - You have an error in your SQL syntax; check the manual that corresponds to your MySQL server version for the right syntax to use near 'p.is_viewed As isViewed,
    p.expiry_date As expiryDate,
FROM permissions p
JOI' at line 8
2026-03-13 12:15:59.299 [background-preinit] INFO  o.h.validator.internal.util.Version [] - HV000001: Hibernate Validator 8.0.2.Final
2026-03-13 12:15:59.386 [main] INFO  com.rkt.dms.DmsApplication [] - Starting DmsApplication using Java 21.0.8 with PID 33776 (C:\Users\shashi.rai\Desktop\Projects\DMS\DMS-Backend\target\classes started by shashi.rai in C:\Users\shashi.rai\Desktop\Projects\DMS\DMS-Backend)
2026-03-13 12:15:59.387 [main] INFO  com.rkt.dms.DmsApplication [] - The following 1 profile is active: "dev"
2026-03-13 12:16:02.149 [main] INFO  o.s.d.r.c.RepositoryConfigurationDelegate [] - Bootstrapping Spring Data JPA repositories in DEFAULT mode.
2026-03-13 12:16:02.507 [main] INFO  o.s.d.r.c.RepositoryConfigurationDelegate [] - Finished Spring Data repository scanning in 327 ms. Found 16 JPA repository interfaces.
2026-03-13 12:16:04.592 [main] INFO  o.s.b.w.e.tomcat.TomcatWebServer [] - Tomcat initialized with port 8082 (http)
2026-03-13 12:16:04.616 [main] INFO  o.a.coyote.http11.Http11NioProtocol [] - Initializing ProtocolHandler ["http-nio-8082"]
2026-03-13 12:16:04.622 [main] INFO  o.a.catalina.core.StandardService [] - Starting service [Tomcat]
2026-03-13 12:16:04.623 [main] INFO  o.a.catalina.core.StandardEngine [] - Starting Servlet engine: [Apache Tomcat/10.1.34]
2026-03-13 12:16:04.762 [main] INFO  o.a.c.c.C.[Tomcat].[localhost].[/] [] - Initializing Spring embedded WebApplicationContext
2026-03-13 12:16:04.763 [main] INFO  o.s.b.w.s.c.ServletWebServerApplicationContext [] - Root WebApplicationContext: initialization completed in 5284 ms
2026-03-13 12:16:05.544 [main] INFO  o.h.jpa.internal.util.LogHelper [] - HHH000204: Processing PersistenceUnitInfo [name: default]
2026-03-13 12:16:05.646 [main] INFO  org.hibernate.Version [] - HHH000412: Hibernate ORM core version 6.6.4.Final
2026-03-13 12:16:05.723 [main] INFO  o.h.c.i.RegionFactoryInitiator [] - HHH000026: Second-level cache disabled
2026-03-13 12:16:06.287 [main] INFO  o.s.o.j.p.SpringPersistenceUnitInfo [] - No LoadTimeWeaver setup: ignoring JPA class transformer
2026-03-13 12:16:06.375 [main] INFO  com.zaxxer.hikari.HikariDataSource [] - HikariPool-1 - Starting...
2026-03-13 12:16:07.856 [main] INFO  com.zaxxer.hikari.pool.HikariPool [] - HikariPool-1 - Added connection com.mysql.cj.jdbc.ConnectionImpl@22e95960
2026-03-13 12:16:07.861 [main] INFO  com.zaxxer.hikari.HikariDataSource [] - HikariPool-1 - Start completed.
2026-03-13 12:16:07.978 [main] WARN  org.hibernate.orm.deprecation [] - HHH90000025: MySQLDialect does not need to be specified explicitly using 'hibernate.dialect' (remove the property setting and it will be selected by default)
2026-03-13 12:16:08.031 [main] INFO  o.hibernate.orm.connections.pooling [] - HHH10001005: Database info:
	Database JDBC URL [Connecting through datasource 'HikariDataSource (HikariPool-1)']
	Database driver: undefined/unknown
	Database version: 8.0.33
	Autocommit mode: undefined/unknown
	Isolation level: undefined/unknown
	Minimum pool size: undefined/unknown
	Maximum pool size: undefined/unknown
2026-03-13 12:16:12.048 [main] INFO  o.h.e.t.j.p.i.JtaPlatformInitiator [] - HHH000489: No JTA platform available (set 'hibernate.transaction.jta.platform' to enable JTA platform integration)
2026-03-13 12:16:12.538 [main] INFO  o.s.o.j.LocalContainerEntityManagerFactoryBean [] - Initialized JPA EntityManagerFactory for persistence unit 'default'
2026-03-13 12:16:13.641 [main] INFO  o.s.d.j.r.query.QueryEnhancerFactory [] - Hibernate is in classpath; If applicable, HQL parser will be used.
2026-03-13 12:16:19.483 [main] INFO  o.s.s.c.a.a.c.InitializeUserDetailsBeanManagerConfigurer$InitializeUserDetailsManagerConfigurer [] - Global AuthenticationManager configured with UserDetailsService bean with name userDetailsServiceImpl
2026-03-13 12:16:19.752 [main] WARN  o.s.b.a.o.j.JpaBaseConfiguration$JpaWebConfiguration [] - spring.jpa.open-in-view is enabled by default. Therefore, database queries may be performed during view rendering. Explicitly configure spring.jpa.open-in-view to disable this warning
2026-03-13 12:16:21.002 [main] INFO  o.s.b.a.e.web.EndpointLinksResolver [] - Exposing 3 endpoints beneath base path '/actuator'
2026-03-13 12:16:22.278 [main] INFO  o.a.coyote.http11.Http11NioProtocol [] - Starting ProtocolHandler ["http-nio-8082"]
2026-03-13 12:16:22.330 [main] INFO  o.s.b.w.e.tomcat.TomcatWebServer [] - Tomcat started on port 8082 (http) with context path '/'
2026-03-13 12:16:22.370 [main] INFO  com.rkt.dms.DmsApplication [] - Started DmsApplication in 23.638 seconds (process running for 24.766)
2026-03-13 12:16:25.648 [http-nio-8082-exec-1] INFO  o.a.c.c.C.[Tomcat].[localhost].[/] [] - Initializing Spring DispatcherServlet 'dispatcherServlet'
2026-03-13 12:16:25.648 [http-nio-8082-exec-1] INFO  o.s.web.servlet.DispatcherServlet [] - Initializing Servlet 'dispatcherServlet'
2026-03-13 12:16:25.653 [http-nio-8082-exec-1] INFO  o.s.web.servlet.DispatcherServlet [] - Completed initialization in 3 ms
2026-03-13 12:25:29.962 [background-preinit] INFO  o.h.validator.internal.util.Version [] - HV000001: Hibernate Validator 8.0.2.Final
2026-03-13 12:25:30.089 [main] INFO  com.rkt.dms.DmsApplication [] - Starting DmsApplication using Java 21.0.8 with PID 30544 (C:\Users\shashi.rai\Desktop\Projects\DMS\DMS-Backend\target\classes started by shashi.rai in C:\Users\shashi.rai\Desktop\Projects\DMS\DMS-Backend)
2026-03-13 12:25:30.091 [main] INFO  com.rkt.dms.DmsApplication [] - The following 1 profile is active: "dev"
2026-03-13 12:25:33.648 [main] INFO  o.s.d.r.c.RepositoryConfigurationDelegate [] - Bootstrapping Spring Data JPA repositories in DEFAULT mode.
2026-03-13 12:25:33.876 [main] INFO  o.s.d.r.c.RepositoryConfigurationDelegate [] - Finished Spring Data repository scanning in 212 ms. Found 16 JPA repository interfaces.
2026-03-13 12:25:36.574 [main] INFO  o.s.b.w.e.tomcat.TomcatWebServer [] - Tomcat initialized with port 8082 (http)
2026-03-13 12:25:36.620 [main] INFO  o.a.coyote.http11.Http11NioProtocol [] - Initializing ProtocolHandler ["http-nio-8082"]
2026-03-13 12:25:36.629 [main] INFO  o.a.catalina.core.StandardService [] - Starting service [Tomcat]
2026-03-13 12:25:36.630 [main] INFO  o.a.catalina.core.StandardEngine [] - Starting Servlet engine: [Apache Tomcat/10.1.34]
2026-03-13 12:25:36.846 [main] INFO  o.a.c.c.C.[Tomcat].[localhost].[/] [] - Initializing Spring embedded WebApplicationContext
2026-03-13 12:25:36.848 [main] INFO  o.s.b.w.s.c.ServletWebServerApplicationContext [] - Root WebApplicationContext: initialization completed in 6636 ms
2026-03-13 12:25:37.925 [main] INFO  o.h.jpa.internal.util.LogHelper [] - HHH000204: Processing PersistenceUnitInfo [name: default]
2026-03-13 12:25:38.115 [main] INFO  org.hibernate.Version [] - HHH000412: Hibernate ORM core version 6.6.4.Final
2026-03-13 12:25:38.227 [main] INFO  o.h.c.i.RegionFactoryInitiator [] - HHH000026: Second-level cache disabled
2026-03-13 12:25:39.136 [main] INFO  o.s.o.j.p.SpringPersistenceUnitInfo [] - No LoadTimeWeaver setup: ignoring JPA class transformer
2026-03-13 12:25:39.257 [main] INFO  com.zaxxer.hikari.HikariDataSource [] - HikariPool-1 - Starting...
2026-03-13 12:25:45.711 [main] INFO  com.zaxxer.hikari.pool.HikariPool [] - HikariPool-1 - Added connection com.mysql.cj.jdbc.ConnectionImpl@63846fa4
2026-03-13 12:25:45.718 [main] INFO  com.zaxxer.hikari.HikariDataSource [] - HikariPool-1 - Start completed.
2026-03-13 12:25:45.884 [main] WARN  org.hibernate.orm.deprecation [] - HHH90000025: MySQLDialect does not need to be specified explicitly using 'hibernate.dialect' (remove the property setting and it will be selected by default)
2026-03-13 12:25:45.958 [main] INFO  o.hibernate.orm.connections.pooling [] - HHH10001005: Database info:
	Database JDBC URL [Connecting through datasource 'HikariDataSource (HikariPool-1)']
	Database driver: undefined/unknown
	Database version: 8.0.33
	Autocommit mode: undefined/unknown
	Isolation level: undefined/unknown
	Minimum pool size: undefined/unknown
	Maximum pool size: undefined/unknown
2026-03-13 12:25:50.169 [main] INFO  o.h.e.t.j.p.i.JtaPlatformInitiator [] - HHH000489: No JTA platform available (set 'hibernate.transaction.jta.platform' to enable JTA platform integration)
2026-03-13 12:25:50.637 [main] INFO  o.s.o.j.LocalContainerEntityManagerFactoryBean [] - Initialized JPA EntityManagerFactory for persistence unit 'default'
2026-03-13 12:25:51.509 [main] INFO  o.s.d.j.r.query.QueryEnhancerFactory [] - Hibernate is in classpath; If applicable, HQL parser will be used.
2026-03-13 12:25:56.831 [main] INFO  o.s.s.c.a.a.c.InitializeUserDetailsBeanManagerConfigurer$InitializeUserDetailsManagerConfigurer [] - Global AuthenticationManager configured with UserDetailsService bean with name userDetailsServiceImpl
2026-03-13 12:25:57.101 [main] WARN  o.s.b.a.o.j.JpaBaseConfiguration$JpaWebConfiguration [] - spring.jpa.open-in-view is enabled by default. Therefore, database queries may be performed during view rendering. Explicitly configure spring.jpa.open-in-view to disable this warning
2026-03-13 12:25:58.619 [main] INFO  o.s.b.a.e.web.EndpointLinksResolver [] - Exposing 3 endpoints beneath base path '/actuator'
2026-03-13 12:26:00.325 [main] INFO  o.a.coyote.http11.Http11NioProtocol [] - Starting ProtocolHandler ["http-nio-8082"]
2026-03-13 12:26:00.388 [main] INFO  o.s.b.w.e.tomcat.TomcatWebServer [] - Tomcat started on port 8082 (http) with context path '/'
2026-03-13 12:26:00.437 [main] INFO  com.rkt.dms.DmsApplication [] - Started DmsApplication in 31.258 seconds (process running for 32.557)
2026-03-13 12:26:00.594 [http-nio-8082-exec-2] INFO  o.a.c.c.C.[Tomcat].[localhost].[/] [] - Initializing Spring DispatcherServlet 'dispatcherServlet'
2026-03-13 12:26:00.607 [http-nio-8082-exec-2] INFO  o.s.web.servlet.DispatcherServlet [] - Initializing Servlet 'dispatcherServlet'
2026-03-13 12:26:00.620 [http-nio-8082-exec-2] INFO  o.s.web.servlet.DispatcherServlet [] - Completed initialization in 8 ms
2026-03-13 12:31:09.811 [http-nio-8082-exec-1] ERROR o.a.c.c.C.[.[.[.[dispatcherServlet] [] - Servlet.service() for servlet [dispatcherServlet] in context with path [] threw exception
org.springframework.security.authentication.AuthenticationServiceException: Token expired
	at com.rkt.dms.jwt.filter.JwtFilter.doFilterInternal(JwtFilter.java:88)
	at org.springframework.web.filter.OncePerRequestFilter.doFilter(OncePerRequestFilter.java:116)
	at org.springframework.security.web.ObservationFilterChainDecorator$ObservationFilter.wrapFilter(ObservationFilterChainDecorator.java:240)
	at org.springframework.security.web.ObservationFilterChainDecorator$ObservationFilter.doFilter(ObservationFilterChainDecorator.java:227)
	at org.springframework.security.web.ObservationFilterChainDecorator$VirtualFilterChain.doFilter(ObservationFilterChainDecorator.java:137)
	at com.rkt.dms.audit.RequestAuditFilter.doFilterInternal(RequestAuditFilter.java:52)
	at org.springframework.web.filter.OncePerRequestFilter.doFilter(OncePerRequestFilter.java:116)
	at org.springframework.security.web.ObservationFilterChainDecorator$ObservationFilter.wrapFilter(ObservationFilterChainDecorator.java:240)
	at org.springframework.security.web.ObservationFilterChainDecorator$ObservationFilter.doFilter(ObservationFilterChainDecorator.java:227)
	at org.springframework.security.web.ObservationFilterChainDecorator$VirtualFilterChain.doFilter(ObservationFilterChainDecorator.java:137)
	at org.springframework.security.web.authentication.logout.LogoutFilter.doFilter(LogoutFilter.java:107)
	at org.springframework.security.web.authentication.logout.LogoutFilter.doFilter(LogoutFilter.java:93)
	at org.springframework.security.web.ObservationFilterChainDecorator$ObservationFilter.wrapFilter(ObservationFilterChainDecorator.java:240)
	at org.springframework.security.web.ObservationFilterChainDecorator$ObservationFilter.doFilter(ObservationFilterChainDecorator.java:227)
	at org.springframework.security.web.ObservationFilterChainDecorator$VirtualFilterChain.doFilter(ObservationFilterChainDecorator.java:137)
	at org.springframework.web.filter.CorsFilter.doFilterInternal(CorsFilter.java:91)
	at org.springframework.web.filter.OncePerRequestFilter.doFilter(OncePerRequestFilter.java:116)
	at org.springframework.security.web.ObservationFilterChainDecorator$ObservationFilter.wrapFilter(ObservationFilterChainDecorator.java:240)
	at org.springframework.security.web.ObservationFilterChainDecorator$ObservationFilter.doFilter(ObservationFilterChainDecorator.java:227)
	at org.springframework.security.web.ObservationFilterChainDecorator$VirtualFilterChain.doFilter(ObservationFilterChainDecorator.java:137)
	at org.springframework.security.web.header.HeaderWriterFilter.doHeadersAfter(HeaderWriterFilter.java:90)
	at org.springframework.security.web.header.HeaderWriterFilter.doFilterInternal(HeaderWriterFilter.java:75)
	at org.springframework.web.filter.OncePerRequestFilter.doFilter(OncePerRequestFilter.java:116)
	at org.springframework.security.web.ObservationFilterChainDecorator$ObservationFilter.wrapFilter(ObservationFilterChainDecorator.java:240)
	at org.springframework.security.web.ObservationFilterChainDecorator$ObservationFilter.doFilter(ObservationFilterChainDecorator.java:227)
	at org.springframework.security.web.ObservationFilterChainDecorator$VirtualFilterChain.doFilter(ObservationFilterChainDecorator.java:137)
	at org.springframework.security.web.context.SecurityContextHolderFilter.doFilter(SecurityContextHolderFilter.java:82)
	at org.springframework.security.web.context.SecurityContextHolderFilter.doFilter(SecurityContextHolderFilter.java:69)
	at org.springframework.security.web.ObservationFilterChainDecorator$ObservationFilter.wrapFilter(ObservationFilterChainDecorator.java:240)
	at org.springframework.security.web.ObservationFilterChainDecorator$ObservationFilter.doFilter(ObservationFilterChainDecorator.java:227)
	at org.springframework.security.web.ObservationFilterChainDecorator$VirtualFilterChain.doFilter(ObservationFilterChainDecorator.java:137)
	at org.springframework.security.web.context.request.async.WebAsyncManagerIntegrationFilter.doFilterInternal(WebAsyncManagerIntegrationFilter.java:62)
	at org.springframework.web.filter.OncePerRequestFilter.doFilter(OncePerRequestFilter.java:116)
	at org.springframework.security.web.ObservationFilterChainDecorator$ObservationFilter.wrapFilter(ObservationFilterChainDecorator.java:240)
	at org.springframework.security.web.ObservationFilterChainDecorator$ObservationFilter.doFilter(ObservationFilterChainDecorator.java:227)
	at org.springframework.security.web.ObservationFilterChainDecorator$VirtualFilterChain.doFilter(ObservationFilterChainDecorator.java:137)
	at org.springframework.security.web.session.DisableEncodeUrlFilter.doFilterInternal(DisableEncodeUrlFilter.java:42)
	at org.springframework.web.filter.OncePerRequestFilter.doFilter(OncePerRequestFilter.java:116)
	at org.springframework.security.web.ObservationFilterChainDecorator$ObservationFilter.wrapFilter(ObservationFilterChainDecorator.java:240)
	at org.springframework.security.web.ObservationFilterChainDecorator$AroundFilterObservation$SimpleAroundFilterObservation.lambda$wrap$0(ObservationFilterChainDecorator.java:323)
	at org.springframework.security.web.ObservationFilterChainDecorator$ObservationFilter.doFilter(ObservationFilterChainDecorator.java:224)
	at org.springframework.security.web.ObservationFilterChainDecorator$VirtualFilterChain.doFilter(ObservationFilterChainDecorator.java:137)
	at org.springframework.security.web.FilterChainProxy.doFilterInternal(FilterChainProxy.java:233)
	at org.springframework.security.web.FilterChainProxy.doFilter(FilterChainProxy.java:191)
	at org.springframework.web.filter.CompositeFilter$VirtualFilterChain.doFilter(CompositeFilter.java:113)
	at org.springframework.web.servlet.handler.HandlerMappingIntrospector.lambda$createCacheFilter$3(HandlerMappingIntrospector.java:243)
	at org.springframework.web.filter.CompositeFilter$VirtualFilterChain.doFilter(CompositeFilter.java:113)
	at org.springframework.web.filter.CompositeFilter.doFilter(CompositeFilter.java:74)
	at org.springframework.security.config.annotation.web.configuration.WebMvcSecurityConfiguration$CompositeFilterChainProxy.doFilter(WebMvcSecurityConfiguration.java:238)
	at org.springframework.web.filter.DelegatingFilterProxy.invokeDelegate(DelegatingFilterProxy.java:362)
	at org.springframework.web.filter.DelegatingFilterProxy.doFilter(DelegatingFilterProxy.java:278)
	at org.apache.catalina.core.ApplicationFilterChain.internalDoFilter(ApplicationFilterChain.java:164)
	at org.apache.catalina.core.ApplicationFilterChain.doFilter(ApplicationFilterChain.java:140)
	at org.springframework.web.filter.RequestContextFilter.doFilterInternal(RequestContextFilter.java:100)
	at org.springframework.web.filter.OncePerRequestFilter.doFilter(OncePerRequestFilter.java:116)
	at org.apache.catalina.core.ApplicationFilterChain.internalDoFilter(ApplicationFilterChain.java:164)
	at org.apache.catalina.core.ApplicationFilterChain.doFilter(ApplicationFilterChain.java:140)
	at org.springframework.web.filter.FormContentFilter.doFilterInternal(FormContentFilter.java:93)
	at org.springframework.web.filter.OncePerRequestFilter.doFilter(OncePerRequestFilter.java:116)
	at org.apache.catalina.core.ApplicationFilterChain.internalDoFilter(ApplicationFilterChain.java:164)
	at org.apache.catalina.core.ApplicationFilterChain.doFilter(ApplicationFilterChain.java:140)
	at org.springframework.web.filter.ServerHttpObservationFilter.doFilterInternal(ServerHttpObservationFilter.java:114)
	at org.springframework.web.filter.OncePerRequestFilter.doFilter(OncePerRequestFilter.java:116)
	at org.apache.catalina.core.ApplicationFilterChain.internalDoFilter(ApplicationFilterChain.java:164)
	at org.apache.catalina.core.ApplicationFilterChain.doFilter(ApplicationFilterChain.java:140)
	at org.springframework.web.filter.CharacterEncodingFilter.doFilterInternal(CharacterEncodingFilter.java:201)
	at org.springframework.web.filter.OncePerRequestFilter.doFilter(OncePerRequestFilter.java:116)
	at org.apache.catalina.core.ApplicationFilterChain.internalDoFilter(ApplicationFilterChain.java:164)
	at org.apache.catalina.core.ApplicationFilterChain.doFilter(ApplicationFilterChain.java:140)
	at org.apache.catalina.core.StandardWrapperValve.invoke(StandardWrapperValve.java:167)
	at org.apache.catalina.core.StandardContextValve.invoke(StandardContextValve.java:90)
	at org.apache.catalina.authenticator.AuthenticatorBase.invoke(AuthenticatorBase.java:483)
	at org.apache.catalina.core.StandardHostValve.invoke(StandardHostValve.java:115)
	at org.apache.catalina.valves.ErrorReportValve.invoke(ErrorReportValve.java:93)
	at org.apache.catalina.core.StandardEngineValve.invoke(StandardEngineValve.java:74)
	at org.apache.catalina.connector.CoyoteAdapter.service(CoyoteAdapter.java:344)
	at org.apache.coyote.http11.Http11Processor.service(Http11Processor.java:397)
	at org.apache.coyote.AbstractProcessorLight.process(AbstractProcessorLight.java:63)
	at org.apache.coyote.AbstractProtocol$ConnectionHandler.process(AbstractProtocol.java:905)
	at org.apache.tomcat.util.net.NioEndpoint$SocketProcessor.doRun(NioEndpoint.java:1741)
	at org.apache.tomcat.util.net.SocketProcessorBase.run(SocketProcessorBase.java:52)
	at org.apache.tomcat.util.threads.ThreadPoolExecutor.runWorker(ThreadPoolExecutor.java:1190)
	at org.apache.tomcat.util.threads.ThreadPoolExecutor$Worker.run(ThreadPoolExecutor.java:659)
	at org.apache.tomcat.util.threads.TaskThread$WrappingRunnable.run(TaskThread.java:63)
	at java.base/java.lang.Thread.run(Thread.java:1583)
Caused by: io.jsonwebtoken.ExpiredJwtException: JWT expired at 2026-03-13T06:47:13Z. Current time: 2026-03-13T07:01:09Z, a difference of 836806 milliseconds.  Allowed clock skew: 0 milliseconds.
	at io.jsonwebtoken.impl.DefaultJwtParser.parse(DefaultJwtParser.java:427)
	at io.jsonwebtoken.impl.DefaultJwtParser.parse(DefaultJwtParser.java:529)
	at io.jsonwebtoken.impl.DefaultJwtParser.parseClaimsJws(DefaultJwtParser.java:589)
	at io.jsonwebtoken.impl.ImmutableJwtParser.parseClaimsJws(ImmutableJwtParser.java:173)
	at com.rkt.dms.jwt.utilis.JwtUtil.extractAllClaims(JwtUtil.java:98)
	at com.rkt.dms.jwt.utilis.JwtUtil.isTokenExpired(JwtUtil.java:110)
	at com.rkt.dms.jwt.utilis.JwtUtil.validateToken(JwtUtil.java:105)
	at com.rkt.dms.jwt.filter.JwtFilter.doFilterInternal(JwtFilter.java:50)
	... 84 common frames omitted
2026-03-13 12:46:17.660 [background-preinit] INFO  o.h.validator.internal.util.Version [] - HV000001: Hibernate Validator 8.0.2.Final
2026-03-13 12:46:17.777 [main] INFO  com.rkt.dms.DmsApplication [] - Starting DmsApplication using Java 21.0.8 with PID 18244 (C:\Users\shashi.rai\Desktop\Projects\DMS\DMS-Backend\target\classes started by shashi.rai in C:\Users\shashi.rai\Desktop\Projects\DMS\DMS-Backend)
2026-03-13 12:46:17.781 [main] INFO  com.rkt.dms.DmsApplication [] - The following 1 profile is active: "dev"
2026-03-13 12:46:20.243 [main] INFO  o.s.d.r.c.RepositoryConfigurationDelegate [] - Bootstrapping Spring Data JPA repositories in DEFAULT mode.
2026-03-13 12:46:20.534 [main] INFO  o.s.d.r.c.RepositoryConfigurationDelegate [] - Finished Spring Data repository scanning in 272 ms. Found 16 JPA repository interfaces.
2026-03-13 12:46:22.899 [main] INFO  o.s.b.w.e.tomcat.TomcatWebServer [] - Tomcat initialized with port 8082 (http)
2026-03-13 12:46:22.937 [main] INFO  o.a.coyote.http11.Http11NioProtocol [] - Initializing ProtocolHandler ["http-nio-8082"]
2026-03-13 12:46:22.942 [main] INFO  o.a.catalina.core.StandardService [] - Starting service [Tomcat]
2026-03-13 12:46:22.942 [main] INFO  o.a.catalina.core.StandardEngine [] - Starting Servlet engine: [Apache Tomcat/10.1.34]
2026-03-13 12:46:23.116 [main] INFO  o.a.c.c.C.[Tomcat].[localhost].[/] [] - Initializing Spring embedded WebApplicationContext
2026-03-13 12:46:23.116 [main] INFO  o.s.b.w.s.c.ServletWebServerApplicationContext [] - Root WebApplicationContext: initialization completed in 5232 ms
2026-03-13 12:46:24.012 [main] INFO  o.h.jpa.internal.util.LogHelper [] - HHH000204: Processing PersistenceUnitInfo [name: default]
2026-03-13 12:46:24.208 [main] INFO  org.hibernate.Version [] - HHH000412: Hibernate ORM core version 6.6.4.Final
2026-03-13 12:46:24.322 [main] INFO  o.h.c.i.RegionFactoryInitiator [] - HHH000026: Second-level cache disabled
2026-03-13 12:46:25.259 [main] INFO  o.s.o.j.p.SpringPersistenceUnitInfo [] - No LoadTimeWeaver setup: ignoring JPA class transformer
2026-03-13 12:46:25.375 [main] INFO  com.zaxxer.hikari.HikariDataSource [] - HikariPool-1 - Starting...
2026-03-13 12:46:32.016 [main] INFO  com.zaxxer.hikari.pool.HikariPool [] - HikariPool-1 - Added connection com.mysql.cj.jdbc.ConnectionImpl@716eae1
2026-03-13 12:46:32.022 [main] INFO  com.zaxxer.hikari.HikariDataSource [] - HikariPool-1 - Start completed.
2026-03-13 12:46:32.169 [main] WARN  org.hibernate.orm.deprecation [] - HHH90000025: MySQLDialect does not need to be specified explicitly using 'hibernate.dialect' (remove the property setting and it will be selected by default)
2026-03-13 12:46:32.218 [main] INFO  o.hibernate.orm.connections.pooling [] - HHH10001005: Database info:
	Database JDBC URL [Connecting through datasource 'HikariDataSource (HikariPool-1)']
	Database driver: undefined/unknown
	Database version: 8.0.33
	Autocommit mode: undefined/unknown
	Isolation level: undefined/unknown
	Minimum pool size: undefined/unknown
	Maximum pool size: undefined/unknown
2026-03-13 12:46:36.182 [main] INFO  o.h.e.t.j.p.i.JtaPlatformInitiator [] - HHH000489: No JTA platform available (set 'hibernate.transaction.jta.platform' to enable JTA platform integration)
2026-03-13 12:46:36.880 [main] INFO  o.s.o.j.LocalContainerEntityManagerFactoryBean [] - Initialized JPA EntityManagerFactory for persistence unit 'default'
2026-03-13 12:46:38.029 [main] INFO  o.s.d.j.r.query.QueryEnhancerFactory [] - Hibernate is in classpath; If applicable, HQL parser will be used.
2026-03-13 12:46:44.343 [main] INFO  o.s.s.c.a.a.c.InitializeUserDetailsBeanManagerConfigurer$InitializeUserDetailsManagerConfigurer [] - Global AuthenticationManager configured with UserDetailsService bean with name userDetailsServiceImpl
2026-03-13 12:46:44.581 [main] WARN  o.s.b.a.o.j.JpaBaseConfiguration$JpaWebConfiguration [] - spring.jpa.open-in-view is enabled by default. Therefore, database queries may be performed during view rendering. Explicitly configure spring.jpa.open-in-view to disable this warning
2026-03-13 12:46:45.720 [main] INFO  o.s.b.a.e.web.EndpointLinksResolver [] - Exposing 3 endpoints beneath base path '/actuator'
2026-03-13 12:46:47.352 [main] INFO  o.a.coyote.http11.Http11NioProtocol [] - Starting ProtocolHandler ["http-nio-8082"]
2026-03-13 12:46:47.414 [main] INFO  o.s.b.w.e.tomcat.TomcatWebServer [] - Tomcat started on port 8082 (http) with context path '/'
2026-03-13 12:46:47.459 [main] INFO  com.rkt.dms.DmsApplication [] - Started DmsApplication in 30.527 seconds (process running for 31.584)
2026-03-13 12:47:03.374 [http-nio-8082-exec-1] INFO  o.a.c.c.C.[Tomcat].[localhost].[/] [] - Initializing Spring DispatcherServlet 'dispatcherServlet'
2026-03-13 12:47:03.377 [http-nio-8082-exec-1] INFO  o.s.web.servlet.DispatcherServlet [] - Initializing Servlet 'dispatcherServlet'
2026-03-13 12:47:03.382 [http-nio-8082-exec-1] INFO  o.s.web.servlet.DispatcherServlet [] - Completed initialization in 5 ms
2026-03-13 12:47:44.655 [background-preinit] INFO  o.h.validator.internal.util.Version [] - HV000001: Hibernate Validator 8.0.2.Final
2026-03-13 12:47:44.751 [main] INFO  com.rkt.dms.DmsApplication [] - Starting DmsApplication using Java 21.0.8 with PID 31148 (C:\Users\shashi.rai\Desktop\Projects\DMS\DMS-Backend\target\classes started by shashi.rai in C:\Users\shashi.rai\Desktop\Projects\DMS\DMS-Backend)
2026-03-13 12:47:44.753 [main] INFO  com.rkt.dms.DmsApplication [] - The following 1 profile is active: "dev"
2026-03-13 12:47:47.035 [main] INFO  o.s.d.r.c.RepositoryConfigurationDelegate [] - Bootstrapping Spring Data JPA repositories in DEFAULT mode.
2026-03-13 12:47:47.281 [main] INFO  o.s.d.r.c.RepositoryConfigurationDelegate [] - Finished Spring Data repository scanning in 230 ms. Found 16 JPA repository interfaces.
2026-03-13 12:47:49.105 [main] INFO  o.s.b.w.e.tomcat.TomcatWebServer [] - Tomcat initialized with port 8082 (http)
2026-03-13 12:47:49.131 [main] INFO  o.a.coyote.http11.Http11NioProtocol [] - Initializing ProtocolHandler ["http-nio-8082"]
2026-03-13 12:47:49.137 [main] INFO  o.a.catalina.core.StandardService [] - Starting service [Tomcat]
2026-03-13 12:47:49.138 [main] INFO  o.a.catalina.core.StandardEngine [] - Starting Servlet engine: [Apache Tomcat/10.1.34]
2026-03-13 12:47:49.264 [main] INFO  o.a.c.c.C.[Tomcat].[localhost].[/] [] - Initializing Spring embedded WebApplicationContext
2026-03-13 12:47:49.265 [main] INFO  o.s.b.w.s.c.ServletWebServerApplicationContext [] - Root WebApplicationContext: initialization completed in 4427 ms
2026-03-13 12:47:49.911 [main] INFO  o.h.jpa.internal.util.LogHelper [] - HHH000204: Processing PersistenceUnitInfo [name: default]
2026-03-13 12:47:50.032 [main] INFO  org.hibernate.Version [] - HHH000412: Hibernate ORM core version 6.6.4.Final
2026-03-13 12:47:50.107 [main] INFO  o.h.c.i.RegionFactoryInitiator [] - HHH000026: Second-level cache disabled
2026-03-13 12:47:50.716 [main] INFO  o.s.o.j.p.SpringPersistenceUnitInfo [] - No LoadTimeWeaver setup: ignoring JPA class transformer
2026-03-13 12:47:50.800 [main] INFO  com.zaxxer.hikari.HikariDataSource [] - HikariPool-1 - Starting...
2026-03-13 12:47:56.901 [main] INFO  com.zaxxer.hikari.pool.HikariPool [] - HikariPool-1 - Added connection com.mysql.cj.jdbc.ConnectionImpl@2cc9a948
2026-03-13 12:47:56.903 [main] INFO  com.zaxxer.hikari.HikariDataSource [] - HikariPool-1 - Start completed.
2026-03-13 12:47:56.964 [main] WARN  org.hibernate.orm.deprecation [] - HHH90000025: MySQLDialect does not need to be specified explicitly using 'hibernate.dialect' (remove the property setting and it will be selected by default)
2026-03-13 12:47:56.985 [main] INFO  o.hibernate.orm.connections.pooling [] - HHH10001005: Database info:
	Database JDBC URL [Connecting through datasource 'HikariDataSource (HikariPool-1)']
	Database driver: undefined/unknown
	Database version: 8.0.33
	Autocommit mode: undefined/unknown
	Isolation level: undefined/unknown
	Minimum pool size: undefined/unknown
	Maximum pool size: undefined/unknown
2026-03-13 12:47:58.928 [main] INFO  o.h.e.t.j.p.i.JtaPlatformInitiator [] - HHH000489: No JTA platform available (set 'hibernate.transaction.jta.platform' to enable JTA platform integration)
2026-03-13 12:47:59.411 [main] INFO  o.s.o.j.LocalContainerEntityManagerFactoryBean [] - Initialized JPA EntityManagerFactory for persistence unit 'default'
2026-03-13 12:48:00.039 [main] INFO  o.s.d.j.r.query.QueryEnhancerFactory [] - Hibernate is in classpath; If applicable, HQL parser will be used.
2026-03-13 12:48:04.309 [main] INFO  o.s.s.c.a.a.c.InitializeUserDetailsBeanManagerConfigurer$InitializeUserDetailsManagerConfigurer [] - Global AuthenticationManager configured with UserDetailsService bean with name userDetailsServiceImpl
2026-03-13 12:48:04.467 [main] WARN  o.s.b.a.o.j.JpaBaseConfiguration$JpaWebConfiguration [] - spring.jpa.open-in-view is enabled by default. Therefore, database queries may be performed during view rendering. Explicitly configure spring.jpa.open-in-view to disable this warning
2026-03-13 12:48:05.405 [main] INFO  o.s.b.a.e.web.EndpointLinksResolver [] - Exposing 3 endpoints beneath base path '/actuator'
2026-03-13 12:48:06.822 [main] INFO  o.a.coyote.http11.Http11NioProtocol [] - Starting ProtocolHandler ["http-nio-8082"]
2026-03-13 12:48:06.871 [main] INFO  o.s.b.w.e.tomcat.TomcatWebServer [] - Tomcat started on port 8082 (http) with context path '/'
2026-03-13 12:48:06.905 [main] INFO  com.rkt.dms.DmsApplication [] - Started DmsApplication in 22.821 seconds (process running for 24.037)
2026-03-13 12:48:13.706 [http-nio-8082-exec-2] INFO  o.a.c.c.C.[Tomcat].[localhost].[/] [] - Initializing Spring DispatcherServlet 'dispatcherServlet'
2026-03-13 12:48:13.707 [http-nio-8082-exec-2] INFO  o.s.web.servlet.DispatcherServlet [] - Initializing Servlet 'dispatcherServlet'
2026-03-13 12:48:13.712 [http-nio-8082-exec-2] INFO  o.s.web.servlet.DispatcherServlet [] - Completed initialization in 4 ms
2026-03-13 12:53:09.866 [background-preinit] INFO  o.h.validator.internal.util.Version [] - HV000001: Hibernate Validator 8.0.2.Final
2026-03-13 12:53:09.949 [main] INFO  com.rkt.dms.DmsApplication [] - Starting DmsApplication using Java 21.0.8 with PID 35848 (C:\Users\shashi.rai\Desktop\Projects\DMS\DMS-Backend\target\classes started by shashi.rai in C:\Users\shashi.rai\Desktop\Projects\DMS\DMS-Backend)
2026-03-13 12:53:09.952 [main] INFO  com.rkt.dms.DmsApplication [] - The following 1 profile is active: "dev"
2026-03-13 12:53:12.272 [main] INFO  o.s.d.r.c.RepositoryConfigurationDelegate [] - Bootstrapping Spring Data JPA repositories in DEFAULT mode.
2026-03-13 12:53:12.485 [main] INFO  o.s.d.r.c.RepositoryConfigurationDelegate [] - Finished Spring Data repository scanning in 194 ms. Found 16 JPA repository interfaces.
2026-03-13 12:53:14.486 [main] INFO  o.s.b.w.e.tomcat.TomcatWebServer [] - Tomcat initialized with port 8082 (http)
2026-03-13 12:53:14.515 [main] INFO  o.a.coyote.http11.Http11NioProtocol [] - Initializing ProtocolHandler ["http-nio-8082"]
2026-03-13 12:53:14.519 [main] INFO  o.a.catalina.core.StandardService [] - Starting service [Tomcat]
2026-03-13 12:53:14.520 [main] INFO  o.a.catalina.core.StandardEngine [] - Starting Servlet engine: [Apache Tomcat/10.1.34]
2026-03-13 12:53:14.655 [main] INFO  o.a.c.c.C.[Tomcat].[localhost].[/] [] - Initializing Spring embedded WebApplicationContext
2026-03-13 12:53:14.655 [main] INFO  o.s.b.w.s.c.ServletWebServerApplicationContext [] - Root WebApplicationContext: initialization completed in 4608 ms
2026-03-13 12:53:15.370 [main] INFO  o.h.jpa.internal.util.LogHelper [] - HHH000204: Processing PersistenceUnitInfo [name: default]
2026-03-13 12:53:15.517 [main] INFO  org.hibernate.Version [] - HHH000412: Hibernate ORM core version 6.6.4.Final
2026-03-13 12:53:15.603 [main] INFO  o.h.c.i.RegionFactoryInitiator [] - HHH000026: Second-level cache disabled
2026-03-13 12:53:16.160 [main] INFO  o.s.o.j.p.SpringPersistenceUnitInfo [] - No LoadTimeWeaver setup: ignoring JPA class transformer
2026-03-13 12:53:16.222 [main] INFO  com.zaxxer.hikari.HikariDataSource [] - HikariPool-1 - Starting...
2026-03-13 12:53:22.231 [main] INFO  com.zaxxer.hikari.pool.HikariPool [] - HikariPool-1 - Added connection com.mysql.cj.jdbc.ConnectionImpl@3a663a45
2026-03-13 12:53:22.235 [main] INFO  com.zaxxer.hikari.HikariDataSource [] - HikariPool-1 - Start completed.
2026-03-13 12:53:22.340 [main] WARN  org.hibernate.orm.deprecation [] - HHH90000025: MySQLDialect does not need to be specified explicitly using 'hibernate.dialect' (remove the property setting and it will be selected by default)
2026-03-13 12:53:22.382 [main] INFO  o.hibernate.orm.connections.pooling [] - HHH10001005: Database info:
	Database JDBC URL [Connecting through datasource 'HikariDataSource (HikariPool-1)']
	Database driver: undefined/unknown
	Database version: 8.0.33
	Autocommit mode: undefined/unknown
	Isolation level: undefined/unknown
	Minimum pool size: undefined/unknown
	Maximum pool size: undefined/unknown
2026-03-13 12:53:24.728 [main] INFO  o.h.e.t.j.p.i.JtaPlatformInitiator [] - HHH000489: No JTA platform available (set 'hibernate.transaction.jta.platform' to enable JTA platform integration)
2026-03-13 12:53:25.056 [main] INFO  o.s.o.j.LocalContainerEntityManagerFactoryBean [] - Initialized JPA EntityManagerFactory for persistence unit 'default'
2026-03-13 12:53:25.594 [main] INFO  o.s.d.j.r.query.QueryEnhancerFactory [] - Hibernate is in classpath; If applicable, HQL parser will be used.
2026-03-13 12:53:29.428 [main] INFO  o.s.s.c.a.a.c.InitializeUserDetailsBeanManagerConfigurer$InitializeUserDetailsManagerConfigurer [] - Global AuthenticationManager configured with UserDetailsService bean with name userDetailsServiceImpl
2026-03-13 12:53:29.619 [main] WARN  o.s.b.a.o.j.JpaBaseConfiguration$JpaWebConfiguration [] - spring.jpa.open-in-view is enabled by default. Therefore, database queries may be performed during view rendering. Explicitly configure spring.jpa.open-in-view to disable this warning
2026-03-13 12:53:30.740 [main] INFO  o.s.b.a.e.web.EndpointLinksResolver [] - Exposing 3 endpoints beneath base path '/actuator'
2026-03-13 12:53:32.041 [main] INFO  o.a.coyote.http11.Http11NioProtocol [] - Starting ProtocolHandler ["http-nio-8082"]
2026-03-13 12:53:32.082 [main] INFO  o.s.b.w.e.tomcat.TomcatWebServer [] - Tomcat started on port 8082 (http) with context path '/'
2026-03-13 12:53:32.113 [main] INFO  com.rkt.dms.DmsApplication [] - Started DmsApplication in 22.8 seconds (process running for 23.968)
2026-03-13 12:53:55.781 [http-nio-8082-exec-2] INFO  o.a.c.c.C.[Tomcat].[localhost].[/] [] - Initializing Spring DispatcherServlet 'dispatcherServlet'
2026-03-13 12:53:55.782 [http-nio-8082-exec-2] INFO  o.s.web.servlet.DispatcherServlet [] - Initializing Servlet 'dispatcherServlet'
2026-03-13 12:53:55.785 [http-nio-8082-exec-2] INFO  o.s.web.servlet.DispatcherServlet [] - Completed initialization in 2 ms
2026-03-13 13:00:22.234 [background-preinit] INFO  o.h.validator.internal.util.Version [] - HV000001: Hibernate Validator 8.0.2.Final
2026-03-13 13:00:22.319 [main] INFO  com.rkt.dms.DmsApplication [] - Starting DmsApplication using Java 21.0.8 with PID 29700 (C:\Users\shashi.rai\Desktop\Projects\DMS\DMS-Backend\target\classes started by shashi.rai in C:\Users\shashi.rai\Desktop\Projects\DMS\DMS-Backend)
2026-03-13 13:00:22.320 [main] INFO  com.rkt.dms.DmsApplication [] - The following 1 profile is active: "dev"
2026-03-13 13:00:24.547 [main] INFO  o.s.d.r.c.RepositoryConfigurationDelegate [] - Bootstrapping Spring Data JPA repositories in DEFAULT mode.
2026-03-13 13:00:24.773 [main] INFO  o.s.d.r.c.RepositoryConfigurationDelegate [] - Finished Spring Data repository scanning in 208 ms. Found 16 JPA repository interfaces.
2026-03-13 13:00:26.772 [main] INFO  o.s.b.w.e.tomcat.TomcatWebServer [] - Tomcat initialized with port 8082 (http)
2026-03-13 13:00:26.799 [main] INFO  o.a.coyote.http11.Http11NioProtocol [] - Initializing ProtocolHandler ["http-nio-8082"]
2026-03-13 13:00:26.805 [main] INFO  o.a.catalina.core.StandardService [] - Starting service [Tomcat]
2026-03-13 13:00:26.809 [main] INFO  o.a.catalina.core.StandardEngine [] - Starting Servlet engine: [Apache Tomcat/10.1.34]
2026-03-13 13:00:26.948 [main] INFO  o.a.c.c.C.[Tomcat].[localhost].[/] [] - Initializing Spring embedded WebApplicationContext
2026-03-13 13:00:26.949 [main] INFO  o.s.b.w.s.c.ServletWebServerApplicationContext [] - Root WebApplicationContext: initialization completed in 4536 ms
2026-03-13 13:00:27.689 [main] INFO  o.h.jpa.internal.util.LogHelper [] - HHH000204: Processing PersistenceUnitInfo [name: default]
2026-03-13 13:00:27.850 [main] INFO  org.hibernate.Version [] - HHH000412: Hibernate ORM core version 6.6.4.Final
2026-03-13 13:00:27.923 [main] INFO  o.h.c.i.RegionFactoryInitiator [] - HHH000026: Second-level cache disabled
2026-03-13 13:00:28.428 [main] INFO  o.s.o.j.p.SpringPersistenceUnitInfo [] - No LoadTimeWeaver setup: ignoring JPA class transformer
2026-03-13 13:00:28.485 [main] INFO  com.zaxxer.hikari.HikariDataSource [] - HikariPool-1 - Starting...
2026-03-13 13:00:29.959 [main] INFO  com.zaxxer.hikari.pool.HikariPool [] - HikariPool-1 - Added connection com.mysql.cj.jdbc.ConnectionImpl@6f651ac
2026-03-13 13:00:29.962 [main] INFO  com.zaxxer.hikari.HikariDataSource [] - HikariPool-1 - Start completed.
2026-03-13 13:00:30.063 [main] WARN  org.hibernate.orm.deprecation [] - HHH90000025: MySQLDialect does not need to be specified explicitly using 'hibernate.dialect' (remove the property setting and it will be selected by default)
2026-03-13 13:00:30.084 [main] INFO  o.hibernate.orm.connections.pooling [] - HHH10001005: Database info:
	Database JDBC URL [Connecting through datasource 'HikariDataSource (HikariPool-1)']
	Database driver: undefined/unknown
	Database version: 8.0.33
	Autocommit mode: undefined/unknown
	Isolation level: undefined/unknown
	Minimum pool size: undefined/unknown
	Maximum pool size: undefined/unknown
2026-03-13 13:00:32.174 [main] INFO  o.h.e.t.j.p.i.JtaPlatformInitiator [] - HHH000489: No JTA platform available (set 'hibernate.transaction.jta.platform' to enable JTA platform integration)
2026-03-13 13:00:32.512 [main] INFO  o.s.o.j.LocalContainerEntityManagerFactoryBean [] - Initialized JPA EntityManagerFactory for persistence unit 'default'
2026-03-13 13:00:33.033 [main] INFO  o.s.d.j.r.query.QueryEnhancerFactory [] - Hibernate is in classpath; If applicable, HQL parser will be used.
2026-03-13 13:00:36.713 [main] INFO  o.s.s.c.a.a.c.InitializeUserDetailsBeanManagerConfigurer$InitializeUserDetailsManagerConfigurer [] - Global AuthenticationManager configured with UserDetailsService bean with name userDetailsServiceImpl
2026-03-13 13:00:36.914 [main] WARN  o.s.b.a.o.j.JpaBaseConfiguration$JpaWebConfiguration [] - spring.jpa.open-in-view is enabled by default. Therefore, database queries may be performed during view rendering. Explicitly configure spring.jpa.open-in-view to disable this warning
2026-03-13 13:00:37.757 [main] INFO  o.s.b.a.e.web.EndpointLinksResolver [] - Exposing 3 endpoints beneath base path '/actuator'
2026-03-13 13:00:38.843 [main] INFO  o.a.coyote.http11.Http11NioProtocol [] - Starting ProtocolHandler ["http-nio-8082"]
2026-03-13 13:00:38.876 [main] INFO  o.s.b.w.e.tomcat.TomcatWebServer [] - Tomcat started on port 8082 (http) with context path '/'
2026-03-13 13:00:38.909 [main] INFO  com.rkt.dms.DmsApplication [] - Started DmsApplication in 17.258 seconds (process running for 18.252)
2026-03-13 13:00:54.036 [http-nio-8082-exec-1] INFO  o.a.c.c.C.[Tomcat].[localhost].[/] [] - Initializing Spring DispatcherServlet 'dispatcherServlet'
2026-03-13 13:00:54.037 [http-nio-8082-exec-1] INFO  o.s.web.servlet.DispatcherServlet [] - Initializing Servlet 'dispatcherServlet'
2026-03-13 13:00:54.041 [http-nio-8082-exec-1] INFO  o.s.web.servlet.DispatcherServlet [] - Completed initialization in 3 ms
2026-03-13 13:00:55.822 [http-nio-8082-exec-1] WARN  o.h.e.jdbc.spi.SqlExceptionHelper [0fefdd87-feae-4cde-b92d-67b21d002300] - SQL Error: 1054, SQLState: 42S22
2026-03-13 13:00:55.823 [http-nio-8082-exec-1] ERROR o.h.e.jdbc.spi.SqlExceptionHelper [0fefdd87-feae-4cde-b92d-67b21d002300] - Unknown column 'd.type' in 'field list'
2026-03-13 13:06:54.273 [background-preinit] INFO  o.h.validator.internal.util.Version [] - HV000001: Hibernate Validator 8.0.2.Final
2026-03-13 13:06:54.367 [main] INFO  com.rkt.dms.DmsApplication [] - Starting DmsApplication using Java 21.0.8 with PID 36632 (C:\Users\shashi.rai\Desktop\Projects\DMS\DMS-Backend\target\classes started by shashi.rai in C:\Users\shashi.rai\Desktop\Projects\DMS\DMS-Backend)
2026-03-13 13:06:54.369 [main] INFO  com.rkt.dms.DmsApplication [] - The following 1 profile is active: "dev"
2026-03-13 13:06:56.742 [main] INFO  o.s.d.r.c.RepositoryConfigurationDelegate [] - Bootstrapping Spring Data JPA repositories in DEFAULT mode.
2026-03-13 13:06:56.978 [main] INFO  o.s.d.r.c.RepositoryConfigurationDelegate [] - Finished Spring Data repository scanning in 218 ms. Found 16 JPA repository interfaces.
2026-03-13 13:06:59.005 [main] INFO  o.s.b.w.e.tomcat.TomcatWebServer [] - Tomcat initialized with port 8082 (http)
2026-03-13 13:06:59.034 [main] INFO  o.a.coyote.http11.Http11NioProtocol [] - Initializing ProtocolHandler ["http-nio-8082"]
2026-03-13 13:06:59.038 [main] INFO  o.a.catalina.core.StandardService [] - Starting service [Tomcat]
2026-03-13 13:06:59.039 [main] INFO  o.a.catalina.core.StandardEngine [] - Starting Servlet engine: [Apache Tomcat/10.1.34]
2026-03-13 13:06:59.159 [main] INFO  o.a.c.c.C.[Tomcat].[localhost].[/] [] - Initializing Spring embedded WebApplicationContext
2026-03-13 13:06:59.159 [main] INFO  o.s.b.w.s.c.ServletWebServerApplicationContext [] - Root WebApplicationContext: initialization completed in 4701 ms
2026-03-13 13:06:59.815 [main] INFO  o.h.jpa.internal.util.LogHelper [] - HHH000204: Processing PersistenceUnitInfo [name: default]
2026-03-13 13:06:59.938 [main] INFO  org.hibernate.Version [] - HHH000412: Hibernate ORM core version 6.6.4.Final
2026-03-13 13:07:00.016 [main] INFO  o.h.c.i.RegionFactoryInitiator [] - HHH000026: Second-level cache disabled
2026-03-13 13:07:00.498 [main] INFO  o.s.o.j.p.SpringPersistenceUnitInfo [] - No LoadTimeWeaver setup: ignoring JPA class transformer
2026-03-13 13:07:00.564 [main] INFO  com.zaxxer.hikari.HikariDataSource [] - HikariPool-1 - Starting...
2026-03-13 13:07:06.422 [main] INFO  com.zaxxer.hikari.pool.HikariPool [] - HikariPool-1 - Added connection com.mysql.cj.jdbc.ConnectionImpl@63846fa4
2026-03-13 13:07:06.428 [main] INFO  com.zaxxer.hikari.HikariDataSource [] - HikariPool-1 - Start completed.
2026-03-13 13:07:06.493 [main] WARN  org.hibernate.orm.deprecation [] - HHH90000025: MySQLDialect does not need to be specified explicitly using 'hibernate.dialect' (remove the property setting and it will be selected by default)
2026-03-13 13:07:06.512 [main] INFO  o.hibernate.orm.connections.pooling [] - HHH10001005: Database info:
	Database JDBC URL [Connecting through datasource 'HikariDataSource (HikariPool-1)']
	Database driver: undefined/unknown
	Database version: 8.0.33
	Autocommit mode: undefined/unknown
	Isolation level: undefined/unknown
	Minimum pool size: undefined/unknown
	Maximum pool size: undefined/unknown
2026-03-13 13:07:08.870 [main] INFO  o.h.e.t.j.p.i.JtaPlatformInitiator [] - HHH000489: No JTA platform available (set 'hibernate.transaction.jta.platform' to enable JTA platform integration)
2026-03-13 13:07:09.219 [main] INFO  o.s.o.j.LocalContainerEntityManagerFactoryBean [] - Initialized JPA EntityManagerFactory for persistence unit 'default'
2026-03-13 13:07:09.843 [main] INFO  o.s.d.j.r.query.QueryEnhancerFactory [] - Hibernate is in classpath; If applicable, HQL parser will be used.
2026-03-13 13:07:13.664 [main] INFO  o.s.s.c.a.a.c.InitializeUserDetailsBeanManagerConfigurer$InitializeUserDetailsManagerConfigurer [] - Global AuthenticationManager configured with UserDetailsService bean with name userDetailsServiceImpl
2026-03-13 13:07:13.821 [main] WARN  o.s.b.a.o.j.JpaBaseConfiguration$JpaWebConfiguration [] - spring.jpa.open-in-view is enabled by default. Therefore, database queries may be performed during view rendering. Explicitly configure spring.jpa.open-in-view to disable this warning
2026-03-13 13:07:14.784 [main] INFO  o.s.b.a.e.web.EndpointLinksResolver [] - Exposing 3 endpoints beneath base path '/actuator'
2026-03-13 13:07:15.985 [main] INFO  o.a.coyote.http11.Http11NioProtocol [] - Starting ProtocolHandler ["http-nio-8082"]
2026-03-13 13:07:16.037 [main] INFO  o.s.b.w.e.tomcat.TomcatWebServer [] - Tomcat started on port 8082 (http) with context path '/'
2026-03-13 13:07:16.074 [main] INFO  com.rkt.dms.DmsApplication [] - Started DmsApplication in 22.343 seconds (process running for 23.371)
2026-03-13 13:07:20.922 [http-nio-8082-exec-3] INFO  o.a.c.c.C.[Tomcat].[localhost].[/] [] - Initializing Spring DispatcherServlet 'dispatcherServlet'
2026-03-13 13:07:20.923 [http-nio-8082-exec-3] INFO  o.s.web.servlet.DispatcherServlet [] - Initializing Servlet 'dispatcherServlet'
2026-03-13 13:07:20.925 [http-nio-8082-exec-3] INFO  o.s.web.servlet.DispatcherServlet [] - Completed initialization in 2 ms
2026-03-13 13:50:13.508 [background-preinit] INFO  o.h.validator.internal.util.Version [] - HV000001: Hibernate Validator 8.0.2.Final
2026-03-13 13:50:13.592 [main] INFO  com.rkt.dms.DmsApplication [] - Starting DmsApplication using Java 21.0.8 with PID 30332 (C:\Users\shashi.rai\Desktop\Projects\DMS\DMS-Backend\target\classes started by shashi.rai in C:\Users\shashi.rai\Desktop\Projects\DMS\DMS-Backend)
2026-03-13 13:50:13.594 [main] INFO  com.rkt.dms.DmsApplication [] - The following 1 profile is active: "dev"
2026-03-13 13:50:15.967 [main] INFO  o.s.d.r.c.RepositoryConfigurationDelegate [] - Bootstrapping Spring Data JPA repositories in DEFAULT mode.
2026-03-13 13:50:16.238 [main] INFO  o.s.d.r.c.RepositoryConfigurationDelegate [] - Finished Spring Data repository scanning in 249 ms. Found 16 JPA repository interfaces.
2026-03-13 13:50:18.623 [main] INFO  o.s.b.w.e.tomcat.TomcatWebServer [] - Tomcat initialized with port 8082 (http)
2026-03-13 13:50:18.657 [main] INFO  o.a.coyote.http11.Http11NioProtocol [] - Initializing ProtocolHandler ["http-nio-8082"]
2026-03-13 13:50:18.663 [main] INFO  o.a.catalina.core.StandardService [] - Starting service [Tomcat]
2026-03-13 13:50:18.664 [main] INFO  o.a.catalina.core.StandardEngine [] - Starting Servlet engine: [Apache Tomcat/10.1.34]
2026-03-13 13:50:18.823 [main] INFO  o.a.c.c.C.[Tomcat].[localhost].[/] [] - Initializing Spring embedded WebApplicationContext
2026-03-13 13:50:18.824 [main] INFO  o.s.b.w.s.c.ServletWebServerApplicationContext [] - Root WebApplicationContext: initialization completed in 5120 ms
2026-03-13 13:50:19.528 [main] INFO  o.h.jpa.internal.util.LogHelper [] - HHH000204: Processing PersistenceUnitInfo [name: default]
2026-03-13 13:50:19.680 [main] INFO  org.hibernate.Version [] - HHH000412: Hibernate ORM core version 6.6.4.Final
2026-03-13 13:50:19.776 [main] INFO  o.h.c.i.RegionFactoryInitiator [] - HHH000026: Second-level cache disabled
2026-03-13 13:50:20.411 [main] INFO  o.s.o.j.p.SpringPersistenceUnitInfo [] - No LoadTimeWeaver setup: ignoring JPA class transformer
2026-03-13 13:50:20.485 [main] INFO  com.zaxxer.hikari.HikariDataSource [] - HikariPool-1 - Starting...
2026-03-13 13:50:26.319 [main] INFO  com.zaxxer.hikari.pool.HikariPool [] - HikariPool-1 - Added connection com.mysql.cj.jdbc.ConnectionImpl@591ba330
2026-03-13 13:50:26.322 [main] INFO  com.zaxxer.hikari.HikariDataSource [] - HikariPool-1 - Start completed.
2026-03-13 13:50:26.406 [main] WARN  org.hibernate.orm.deprecation [] - HHH90000025: MySQLDialect does not need to be specified explicitly using 'hibernate.dialect' (remove the property setting and it will be selected by default)
2026-03-13 13:50:26.428 [main] INFO  o.hibernate.orm.connections.pooling [] - HHH10001005: Database info:
	Database JDBC URL [Connecting through datasource 'HikariDataSource (HikariPool-1)']
	Database driver: undefined/unknown
	Database version: 8.0.33
	Autocommit mode: undefined/unknown
	Isolation level: undefined/unknown
	Minimum pool size: undefined/unknown
	Maximum pool size: undefined/unknown
2026-03-13 13:50:29.702 [main] INFO  o.h.e.t.j.p.i.JtaPlatformInitiator [] - HHH000489: No JTA platform available (set 'hibernate.transaction.jta.platform' to enable JTA platform integration)
2026-03-13 13:50:30.129 [main] INFO  o.s.o.j.LocalContainerEntityManagerFactoryBean [] - Initialized JPA EntityManagerFactory for persistence unit 'default'
2026-03-13 13:50:31.114 [main] INFO  o.s.d.j.r.query.QueryEnhancerFactory [] - Hibernate is in classpath; If applicable, HQL parser will be used.
2026-03-13 13:50:36.632 [main] INFO  o.s.s.c.a.a.c.InitializeUserDetailsBeanManagerConfigurer$InitializeUserDetailsManagerConfigurer [] - Global AuthenticationManager configured with UserDetailsService bean with name userDetailsServiceImpl
2026-03-13 13:50:37.613 [main] WARN  o.s.b.a.o.j.JpaBaseConfiguration$JpaWebConfiguration [] - spring.jpa.open-in-view is enabled by default. Therefore, database queries may be performed during view rendering. Explicitly configure spring.jpa.open-in-view to disable this warning
2026-03-13 13:50:38.679 [main] INFO  o.s.b.a.e.web.EndpointLinksResolver [] - Exposing 3 endpoints beneath base path '/actuator'
2026-03-13 13:50:39.822 [main] INFO  o.a.coyote.http11.Http11NioProtocol [] - Starting ProtocolHandler ["http-nio-8082"]
2026-03-13 13:50:39.872 [main] INFO  o.s.b.w.e.tomcat.TomcatWebServer [] - Tomcat started on port 8082 (http) with context path '/'
2026-03-13 13:50:39.900 [main] INFO  com.rkt.dms.DmsApplication [] - Started DmsApplication in 26.989 seconds (process running for 28.052)
2026-03-13 13:50:42.867 [http-nio-8082-exec-1] INFO  o.a.c.c.C.[Tomcat].[localhost].[/] [] - Initializing Spring DispatcherServlet 'dispatcherServlet'
2026-03-13 13:50:42.868 [http-nio-8082-exec-1] INFO  o.s.web.servlet.DispatcherServlet [] - Initializing Servlet 'dispatcherServlet'
2026-03-13 13:50:42.873 [http-nio-8082-exec-1] INFO  o.s.web.servlet.DispatcherServlet [] - Completed initialization in 3 ms
2026-03-13 13:51:41.949 [background-preinit] INFO  o.h.validator.internal.util.Version [] - HV000001: Hibernate Validator 8.0.2.Final
2026-03-13 13:51:42.135 [main] INFO  com.rkt.dms.DmsApplication [] - Starting DmsApplication using Java 21.0.8 with PID 31568 (C:\Users\shashi.rai\Desktop\Projects\DMS\DMS-Backend\target\classes started by shashi.rai in C:\Users\shashi.rai\Desktop\Projects\DMS\DMS-Backend)
2026-03-13 13:51:42.138 [main] INFO  com.rkt.dms.DmsApplication [] - The following 1 profile is active: "dev"
2026-03-13 13:51:44.830 [main] INFO  o.s.d.r.c.RepositoryConfigurationDelegate [] - Bootstrapping Spring Data JPA repositories in DEFAULT mode.
2026-03-13 13:51:45.245 [main] INFO  o.s.d.r.c.RepositoryConfigurationDelegate [] - Finished Spring Data repository scanning in 399 ms. Found 16 JPA repository interfaces.
2026-03-13 13:51:47.454 [main] INFO  o.s.b.w.e.tomcat.TomcatWebServer [] - Tomcat initialized with port 8082 (http)
2026-03-13 13:51:47.483 [main] INFO  o.a.coyote.http11.Http11NioProtocol [] - Initializing ProtocolHandler ["http-nio-8082"]
2026-03-13 13:51:47.490 [main] INFO  o.a.catalina.core.StandardService [] - Starting service [Tomcat]
2026-03-13 13:51:47.492 [main] INFO  o.a.catalina.core.StandardEngine [] - Starting Servlet engine: [Apache Tomcat/10.1.34]
2026-03-13 13:51:47.654 [main] INFO  o.a.c.c.C.[Tomcat].[localhost].[/] [] - Initializing Spring embedded WebApplicationContext
2026-03-13 13:51:47.656 [main] INFO  o.s.b.w.s.c.ServletWebServerApplicationContext [] - Root WebApplicationContext: initialization completed in 5373 ms
2026-03-13 13:51:48.954 [main] INFO  o.h.jpa.internal.util.LogHelper [] - HHH000204: Processing PersistenceUnitInfo [name: default]
2026-03-13 13:51:49.119 [main] INFO  org.hibernate.Version [] - HHH000412: Hibernate ORM core version 6.6.4.Final
2026-03-13 13:51:49.222 [main] INFO  o.h.c.i.RegionFactoryInitiator [] - HHH000026: Second-level cache disabled
2026-03-13 13:51:50.039 [main] INFO  o.s.o.j.p.SpringPersistenceUnitInfo [] - No LoadTimeWeaver setup: ignoring JPA class transformer
2026-03-13 13:51:50.197 [main] INFO  com.zaxxer.hikari.HikariDataSource [] - HikariPool-1 - Starting...
2026-03-13 13:51:52.453 [main] INFO  com.zaxxer.hikari.pool.HikariPool [] - HikariPool-1 - Added connection com.mysql.cj.jdbc.ConnectionImpl@18bf1bad
2026-03-13 13:51:52.459 [main] INFO  com.zaxxer.hikari.HikariDataSource [] - HikariPool-1 - Start completed.
2026-03-13 13:51:52.746 [main] WARN  org.hibernate.orm.deprecation [] - HHH90000025: MySQLDialect does not need to be specified explicitly using 'hibernate.dialect' (remove the property setting and it will be selected by default)
2026-03-13 13:51:52.788 [main] INFO  o.hibernate.orm.connections.pooling [] - HHH10001005: Database info:
	Database JDBC URL [Connecting through datasource 'HikariDataSource (HikariPool-1)']
	Database driver: undefined/unknown
	Database version: 8.0.33
	Autocommit mode: undefined/unknown
	Isolation level: undefined/unknown
	Minimum pool size: undefined/unknown
	Maximum pool size: undefined/unknown
2026-03-13 13:51:55.754 [main] INFO  o.h.e.t.j.p.i.JtaPlatformInitiator [] - HHH000489: No JTA platform available (set 'hibernate.transaction.jta.platform' to enable JTA platform integration)
2026-03-13 13:51:56.680 [main] INFO  o.s.o.j.LocalContainerEntityManagerFactoryBean [] - Initialized JPA EntityManagerFactory for persistence unit 'default'
2026-03-13 13:51:57.916 [main] INFO  o.s.d.j.r.query.QueryEnhancerFactory [] - Hibernate is in classpath; If applicable, HQL parser will be used.
2026-03-13 13:52:03.688 [main] INFO  o.s.s.c.a.a.c.InitializeUserDetailsBeanManagerConfigurer$InitializeUserDetailsManagerConfigurer [] - Global AuthenticationManager configured with UserDetailsService bean with name userDetailsServiceImpl
2026-03-13 13:52:03.977 [main] WARN  o.s.b.a.o.j.JpaBaseConfiguration$JpaWebConfiguration [] - spring.jpa.open-in-view is enabled by default. Therefore, database queries may be performed during view rendering. Explicitly configure spring.jpa.open-in-view to disable this warning
2026-03-13 13:52:05.755 [main] INFO  o.s.b.a.e.web.EndpointLinksResolver [] - Exposing 3 endpoints beneath base path '/actuator'
2026-03-13 13:52:10.301 [background-preinit] INFO  o.h.validator.internal.util.Version [] - HV000001: Hibernate Validator 8.0.2.Final
2026-03-13 13:52:10.404 [main] INFO  com.rkt.dms.DmsApplication [] - Starting DmsApplication using Java 21.0.8 with PID 21688 (C:\Users\shashi.rai\Desktop\Projects\DMS\DMS-Backend\target\classes started by shashi.rai in C:\Users\shashi.rai\Desktop\Projects\DMS\DMS-Backend)
2026-03-13 13:52:10.407 [main] INFO  com.rkt.dms.DmsApplication [] - The following 1 profile is active: "dev"
2026-03-13 13:52:12.853 [main] INFO  o.s.d.r.c.RepositoryConfigurationDelegate [] - Bootstrapping Spring Data JPA repositories in DEFAULT mode.
2026-03-13 13:52:13.202 [main] INFO  o.s.d.r.c.RepositoryConfigurationDelegate [] - Finished Spring Data repository scanning in 315 ms. Found 16 JPA repository interfaces.
2026-03-13 13:52:15.078 [main] INFO  o.s.b.w.e.tomcat.TomcatWebServer [] - Tomcat initialized with port 8082 (http)
2026-03-13 13:52:15.108 [main] INFO  o.a.coyote.http11.Http11NioProtocol [] - Initializing ProtocolHandler ["http-nio-8082"]
2026-03-13 13:52:15.114 [main] INFO  o.a.catalina.core.StandardService [] - Starting service [Tomcat]
2026-03-13 13:52:15.115 [main] INFO  o.a.catalina.core.StandardEngine [] - Starting Servlet engine: [Apache Tomcat/10.1.34]
2026-03-13 13:52:15.285 [main] INFO  o.a.c.c.C.[Tomcat].[localhost].[/] [] - Initializing Spring embedded WebApplicationContext
2026-03-13 13:52:15.286 [main] INFO  o.s.b.w.s.c.ServletWebServerApplicationContext [] - Root WebApplicationContext: initialization completed in 4757 ms
2026-03-13 13:52:16.127 [main] INFO  o.h.jpa.internal.util.LogHelper [] - HHH000204: Processing PersistenceUnitInfo [name: default]
2026-03-13 13:52:16.271 [main] INFO  org.hibernate.Version [] - HHH000412: Hibernate ORM core version 6.6.4.Final
2026-03-13 13:52:16.338 [main] INFO  o.h.c.i.RegionFactoryInitiator [] - HHH000026: Second-level cache disabled
2026-03-13 13:52:16.953 [main] INFO  o.s.o.j.p.SpringPersistenceUnitInfo [] - No LoadTimeWeaver setup: ignoring JPA class transformer
2026-03-13 13:52:17.028 [main] INFO  com.zaxxer.hikari.HikariDataSource [] - HikariPool-1 - Starting...
2026-03-13 13:52:18.437 [main] INFO  com.zaxxer.hikari.pool.HikariPool [] - HikariPool-1 - Added connection com.mysql.cj.jdbc.ConnectionImpl@7ffe8a82
2026-03-13 13:52:18.440 [main] INFO  com.zaxxer.hikari.HikariDataSource [] - HikariPool-1 - Start completed.
2026-03-13 13:52:18.520 [main] WARN  org.hibernate.orm.deprecation [] - HHH90000025: MySQLDialect does not need to be specified explicitly using 'hibernate.dialect' (remove the property setting and it will be selected by default)
2026-03-13 13:52:18.543 [main] INFO  o.hibernate.orm.connections.pooling [] - HHH10001005: Database info:
	Database JDBC URL [Connecting through datasource 'HikariDataSource (HikariPool-1)']
	Database driver: undefined/unknown
	Database version: 8.0.33
	Autocommit mode: undefined/unknown
	Isolation level: undefined/unknown
	Minimum pool size: undefined/unknown
	Maximum pool size: undefined/unknown
2026-03-13 13:52:20.686 [main] INFO  o.h.e.t.j.p.i.JtaPlatformInitiator [] - HHH000489: No JTA platform available (set 'hibernate.transaction.jta.platform' to enable JTA platform integration)
2026-03-13 13:52:21.339 [main] INFO  o.s.o.j.LocalContainerEntityManagerFactoryBean [] - Initialized JPA EntityManagerFactory for persistence unit 'default'
2026-03-13 13:52:21.937 [main] INFO  o.s.d.j.r.query.QueryEnhancerFactory [] - Hibernate is in classpath; If applicable, HQL parser will be used.
2026-03-13 13:52:26.868 [main] INFO  o.s.s.c.a.a.c.InitializeUserDetailsBeanManagerConfigurer$InitializeUserDetailsManagerConfigurer [] - Global AuthenticationManager configured with UserDetailsService bean with name userDetailsServiceImpl
2026-03-13 13:52:27.133 [main] WARN  o.s.b.a.o.j.JpaBaseConfiguration$JpaWebConfiguration [] - spring.jpa.open-in-view is enabled by default. Therefore, database queries may be performed during view rendering. Explicitly configure spring.jpa.open-in-view to disable this warning
2026-03-13 13:52:28.095 [main] INFO  o.s.b.a.e.web.EndpointLinksResolver [] - Exposing 3 endpoints beneath base path '/actuator'
2026-03-13 13:52:29.516 [main] INFO  o.a.coyote.http11.Http11NioProtocol [] - Starting ProtocolHandler ["http-nio-8082"]
2026-03-13 13:52:29.569 [main] INFO  o.s.b.w.e.tomcat.TomcatWebServer [] - Tomcat started on port 8082 (http) with context path '/'
2026-03-13 13:52:29.599 [main] INFO  com.rkt.dms.DmsApplication [] - Started DmsApplication in 19.957 seconds (process running for 21.742)
2026-03-13 13:52:29.811 [http-nio-8082-exec-2] INFO  o.a.c.c.C.[Tomcat].[localhost].[/] [] - Initializing Spring DispatcherServlet 'dispatcherServlet'
2026-03-13 13:52:29.812 [http-nio-8082-exec-2] INFO  o.s.web.servlet.DispatcherServlet [] - Initializing Servlet 'dispatcherServlet'
2026-03-13 13:52:29.815 [http-nio-8082-exec-2] INFO  o.s.web.servlet.DispatcherServlet [] - Completed initialization in 2 ms
2026-03-13 13:59:49.674 [http-nio-8082-exec-5] WARN  o.s.web.servlet.PageNotFound [caefe9ea-524e-44f2-b0b9-92a9fb722f68] - No mapping for GET /
2026-03-13 13:59:54.669 [http-nio-8082-exec-10] WARN  o.s.web.servlet.PageNotFound [60acc232-b13b-4c2a-8df4-6d2708cf2667] - No mapping for GET /documents/link-shared-documents/9
2026-03-13 14:22:28.044 [HikariPool-1 connection adder] ERROR com.zaxxer.hikari.pool.HikariPool [] - HikariPool-1 - Error thrown while acquiring connection from data source
com.mysql.cj.jdbc.exceptions.CommunicationsException: Communications link failure

The last packet successfully received from the server was 16,604 milliseconds ago. The last packet sent successfully to the server was 16,606 milliseconds ago.
	at com.mysql.cj.jdbc.exceptions.SQLError.createCommunicationsException(SQLError.java:165)
	at com.mysql.cj.jdbc.exceptions.SQLExceptionsMapping.translateException(SQLExceptionsMapping.java:55)
	at com.mysql.cj.jdbc.ConnectionImpl.isReadOnly(ConnectionImpl.java:1414)
	at com.mysql.cj.jdbc.ConnectionImpl.isReadOnly(ConnectionImpl.java:1399)
	at com.zaxxer.hikari.pool.PoolBase.setupConnection(PoolBase.java:404)
	at com.zaxxer.hikari.pool.PoolBase.newConnection(PoolBase.java:365)
	at com.zaxxer.hikari.pool.PoolBase.newPoolEntry(PoolBase.java:202)
	at com.zaxxer.hikari.pool.HikariPool.createPoolEntry(HikariPool.java:461)
	at com.zaxxer.hikari.pool.HikariPool$PoolEntryCreator.call(HikariPool.java:724)
	at com.zaxxer.hikari.pool.HikariPool$PoolEntryCreator.call(HikariPool.java:703)
	at java.base/java.util.concurrent.FutureTask.run(FutureTask.java:317)
	at java.base/java.util.concurrent.ThreadPoolExecutor.runWorker(ThreadPoolExecutor.java:1144)
	at java.base/java.util.concurrent.ThreadPoolExecutor$Worker.run(ThreadPoolExecutor.java:642)
	at java.base/java.lang.Thread.run(Thread.java:1583)
Caused by: com.mysql.cj.exceptions.CJCommunicationsException: Communications link failure

The last packet successfully received from the server was 16,604 milliseconds ago. The last packet sent successfully to the server was 16,606 milliseconds ago.
	at java.base/jdk.internal.reflect.DirectConstructorHandleAccessor.newInstance(DirectConstructorHandleAccessor.java:62)
	at java.base/java.lang.reflect.Constructor.newInstanceWithCaller(Constructor.java:502)
	at java.base/java.lang.reflect.Constructor.newInstance(Constructor.java:486)
	at com.mysql.cj.exceptions.ExceptionFactory.createException(ExceptionFactory.java:52)
	at com.mysql.cj.exceptions.ExceptionFactory.createException(ExceptionFactory.java:95)
	at com.mysql.cj.exceptions.ExceptionFactory.createException(ExceptionFactory.java:140)
	at com.mysql.cj.exceptions.ExceptionFactory.createCommunicationsException(ExceptionFactory.java:156)
	at com.mysql.cj.protocol.a.NativeProtocol.readMessage(NativeProtocol.java:592)
	at com.mysql.cj.protocol.a.NativeProtocol.checkErrorMessage(NativeProtocol.java:769)
	at com.mysql.cj.protocol.a.NativeProtocol.sendCommand(NativeProtocol.java:708)
	at com.mysql.cj.protocol.a.NativeProtocol.sendCommand(NativeProtocol.java:148)
	at com.mysql.cj.NativeSession.queryServerVariable(NativeSession.java:745)
	at com.mysql.cj.jdbc.ConnectionImpl.isReadOnly(ConnectionImpl.java:1406)
	... 11 common frames omitted
Caused by: java.net.SocketTimeoutException: Read timed out
	at java.base/sun.nio.ch.NioSocketImpl.timedRead(NioSocketImpl.java:278)
	at java.base/sun.nio.ch.NioSocketImpl.implRead(NioSocketImpl.java:304)
	at java.base/sun.nio.ch.NioSocketImpl.read(NioSocketImpl.java:346)
	at java.base/sun.nio.ch.NioSocketImpl$1.read(NioSocketImpl.java:796)
	at java.base/java.net.Socket$SocketInputStream.read(Socket.java:1099)
	at java.base/sun.security.ssl.SSLSocketInputRecord.read(SSLSocketInputRecord.java:489)
	at java.base/sun.security.ssl.SSLSocketInputRecord.readHeader(SSLSocketInputRecord.java:483)
	at java.base/sun.security.ssl.SSLSocketInputRecord.bytesInCompletePacket(SSLSocketInputRecord.java:70)
	at java.base/sun.security.ssl.SSLSocketImpl.readApplicationRecord(SSLSocketImpl.java:1461)
	at java.base/sun.security.ssl.SSLSocketImpl$AppInputStream.read(SSLSocketImpl.java:1066)
	at java.base/java.io.FilterInputStream.read(FilterInputStream.java:119)
	at com.mysql.cj.protocol.FullReadInputStream.readFully(FullReadInputStream.java:55)
	at com.mysql.cj.protocol.a.SimplePacketReader.readHeaderLocal(SimplePacketReader.java:72)
	at com.mysql.cj.protocol.a.SimplePacketReader.readHeader(SimplePacketReader.java:54)
	at com.mysql.cj.protocol.a.SimplePacketReader.readHeader(SimplePacketReader.java:36)
	at com.mysql.cj.protocol.a.TimeTrackingPacketReader.readHeader(TimeTrackingPacketReader.java:43)
	at com.mysql.cj.protocol.a.TimeTrackingPacketReader.readHeader(TimeTrackingPacketReader.java:32)
	at com.mysql.cj.protocol.a.MultiPacketReader.readHeader(MultiPacketReader.java:45)
	at com.mysql.cj.protocol.a.MultiPacketReader.readHeader(MultiPacketReader.java:35)
	at com.mysql.cj.protocol.a.NativeProtocol.readMessage(NativeProtocol.java:586)
	... 16 common frames omitted
2026-03-13 14:37:04.153 [background-preinit] INFO  o.h.validator.internal.util.Version [] - HV000001: Hibernate Validator 8.0.2.Final
2026-03-13 14:37:04.258 [main] INFO  com.rkt.dms.DmsApplication [] - Starting DmsApplication using Java 21.0.8 with PID 35052 (C:\Users\shashi.rai\Desktop\Projects\DMS\DMS-Backend\target\classes started by shashi.rai in C:\Users\shashi.rai\Desktop\Projects\DMS\DMS-Backend)
2026-03-13 14:37:04.260 [main] INFO  com.rkt.dms.DmsApplication [] - The following 1 profile is active: "dev"
2026-03-13 14:37:06.764 [main] INFO  o.s.d.r.c.RepositoryConfigurationDelegate [] - Bootstrapping Spring Data JPA repositories in DEFAULT mode.
2026-03-13 14:37:07.058 [main] INFO  o.s.d.r.c.RepositoryConfigurationDelegate [] - Finished Spring Data repository scanning in 277 ms. Found 16 JPA repository interfaces.
2026-03-13 14:37:09.330 [main] INFO  o.s.b.w.e.tomcat.TomcatWebServer [] - Tomcat initialized with port 8082 (http)
2026-03-13 14:37:09.361 [main] INFO  o.a.coyote.http11.Http11NioProtocol [] - Initializing ProtocolHandler ["http-nio-8082"]
2026-03-13 14:37:09.369 [main] INFO  o.a.catalina.core.StandardService [] - Starting service [Tomcat]
2026-03-13 14:37:09.369 [main] INFO  o.a.catalina.core.StandardEngine [] - Starting Servlet engine: [Apache Tomcat/10.1.34]
2026-03-13 14:37:09.536 [main] INFO  o.a.c.c.C.[Tomcat].[localhost].[/] [] - Initializing Spring embedded WebApplicationContext
2026-03-13 14:37:09.537 [main] INFO  o.s.b.w.s.c.ServletWebServerApplicationContext [] - Root WebApplicationContext: initialization completed in 5178 ms
2026-03-13 14:37:10.365 [main] INFO  o.h.jpa.internal.util.LogHelper [] - HHH000204: Processing PersistenceUnitInfo [name: default]
2026-03-13 14:37:10.524 [main] INFO  org.hibernate.Version [] - HHH000412: Hibernate ORM core version 6.6.4.Final
2026-03-13 14:37:10.618 [main] INFO  o.h.c.i.RegionFactoryInitiator [] - HHH000026: Second-level cache disabled
2026-03-13 14:37:11.366 [main] INFO  o.s.o.j.p.SpringPersistenceUnitInfo [] - No LoadTimeWeaver setup: ignoring JPA class transformer
2026-03-13 14:37:11.435 [main] INFO  com.zaxxer.hikari.HikariDataSource [] - HikariPool-1 - Starting...
2026-03-13 14:37:13.885 [main] INFO  com.zaxxer.hikari.pool.HikariPool [] - HikariPool-1 - Added connection com.mysql.cj.jdbc.ConnectionImpl@3a47bf0e
2026-03-13 14:37:13.888 [main] INFO  com.zaxxer.hikari.HikariDataSource [] - HikariPool-1 - Start completed.
2026-03-13 14:37:13.954 [main] WARN  org.hibernate.orm.deprecation [] - HHH90000025: MySQLDialect does not need to be specified explicitly using 'hibernate.dialect' (remove the property setting and it will be selected by default)
2026-03-13 14:37:13.972 [main] INFO  o.hibernate.orm.connections.pooling [] - HHH10001005: Database info:
	Database JDBC URL [Connecting through datasource 'HikariDataSource (HikariPool-1)']
	Database driver: undefined/unknown
	Database version: 8.0.33
	Autocommit mode: undefined/unknown
	Isolation level: undefined/unknown
	Minimum pool size: undefined/unknown
	Maximum pool size: undefined/unknown
2026-03-13 14:37:15.891 [main] INFO  o.h.e.t.j.p.i.JtaPlatformInitiator [] - HHH000489: No JTA platform available (set 'hibernate.transaction.jta.platform' to enable JTA platform integration)
2026-03-13 14:37:16.289 [main] INFO  o.s.o.j.LocalContainerEntityManagerFactoryBean [] - Initialized JPA EntityManagerFactory for persistence unit 'default'
2026-03-13 14:37:17.026 [main] INFO  o.s.d.j.r.query.QueryEnhancerFactory [] - Hibernate is in classpath; If applicable, HQL parser will be used.
2026-03-13 14:37:21.055 [main] INFO  o.s.s.c.a.a.c.InitializeUserDetailsBeanManagerConfigurer$InitializeUserDetailsManagerConfigurer [] - Global AuthenticationManager configured with UserDetailsService bean with name userDetailsServiceImpl
2026-03-13 14:37:21.253 [main] WARN  o.s.b.a.o.j.JpaBaseConfiguration$JpaWebConfiguration [] - spring.jpa.open-in-view is enabled by default. Therefore, database queries may be performed during view rendering. Explicitly configure spring.jpa.open-in-view to disable this warning
2026-03-13 14:37:22.061 [main] INFO  o.s.b.a.e.web.EndpointLinksResolver [] - Exposing 3 endpoints beneath base path '/actuator'
2026-03-13 14:37:23.148 [main] INFO  o.a.coyote.http11.Http11NioProtocol [] - Starting ProtocolHandler ["http-nio-8082"]
2026-03-13 14:37:23.198 [main] INFO  o.s.b.w.e.tomcat.TomcatWebServer [] - Tomcat started on port 8082 (http) with context path '/'
2026-03-13 14:37:23.236 [main] INFO  com.rkt.dms.DmsApplication [] - Started DmsApplication in 19.89 seconds (process running for 21.007)
2026-03-13 14:38:13.908 [http-nio-8082-exec-1] INFO  o.a.c.c.C.[Tomcat].[localhost].[/] [] - Initializing Spring DispatcherServlet 'dispatcherServlet'
2026-03-13 14:38:13.909 [http-nio-8082-exec-1] INFO  o.s.web.servlet.DispatcherServlet [] - Initializing Servlet 'dispatcherServlet'
2026-03-13 14:38:13.914 [http-nio-8082-exec-1] INFO  o.s.web.servlet.DispatcherServlet [] - Completed initialization in 4 ms
2026-03-13 15:04:43.817 [background-preinit] INFO  o.h.validator.internal.util.Version [] - HV000001: Hibernate Validator 8.0.2.Final
2026-03-13 15:04:43.954 [main] INFO  com.rkt.dms.DmsApplication [] - Starting DmsApplication using Java 21.0.8 with PID 25796 (C:\Users\shashi.rai\Desktop\Projects\DMS\DMS-Backend\target\classes started by shashi.rai in C:\Users\shashi.rai\Desktop\Projects\DMS\DMS-Backend)
2026-03-13 15:04:43.956 [main] INFO  com.rkt.dms.DmsApplication [] - The following 1 profile is active: "dev"
2026-03-13 15:04:47.246 [main] INFO  o.s.d.r.c.RepositoryConfigurationDelegate [] - Bootstrapping Spring Data JPA repositories in DEFAULT mode.
2026-03-13 15:04:47.649 [main] INFO  o.s.d.r.c.RepositoryConfigurationDelegate [] - Finished Spring Data repository scanning in 380 ms. Found 17 JPA repository interfaces.
2026-03-13 15:04:50.558 [main] INFO  o.s.b.w.e.tomcat.TomcatWebServer [] - Tomcat initialized with port 8082 (http)
2026-03-13 15:04:50.607 [main] INFO  o.a.coyote.http11.Http11NioProtocol [] - Initializing ProtocolHandler ["http-nio-8082"]
2026-03-13 15:04:50.612 [main] INFO  o.a.catalina.core.StandardService [] - Starting service [Tomcat]
2026-03-13 15:04:50.613 [main] INFO  o.a.catalina.core.StandardEngine [] - Starting Servlet engine: [Apache Tomcat/10.1.34]
2026-03-13 15:04:50.867 [main] INFO  o.a.c.c.C.[Tomcat].[localhost].[/] [] - Initializing Spring embedded WebApplicationContext
2026-03-13 15:04:50.868 [main] INFO  o.s.b.w.s.c.ServletWebServerApplicationContext [] - Root WebApplicationContext: initialization completed in 6763 ms
2026-03-13 15:04:52.055 [main] INFO  o.h.jpa.internal.util.LogHelper [] - HHH000204: Processing PersistenceUnitInfo [name: default]
2026-03-13 15:04:52.291 [main] INFO  org.hibernate.Version [] - HHH000412: Hibernate ORM core version 6.6.4.Final
2026-03-13 15:04:52.520 [main] INFO  o.h.c.i.RegionFactoryInitiator [] - HHH000026: Second-level cache disabled
2026-03-13 15:04:53.515 [main] INFO  o.s.o.j.p.SpringPersistenceUnitInfo [] - No LoadTimeWeaver setup: ignoring JPA class transformer
2026-03-13 15:04:53.648 [main] INFO  com.zaxxer.hikari.HikariDataSource [] - HikariPool-1 - Starting...
2026-03-13 15:04:56.406 [main] INFO  com.zaxxer.hikari.pool.HikariPool [] - HikariPool-1 - Added connection com.mysql.cj.jdbc.ConnectionImpl@6f69b0ba
2026-03-13 15:04:56.412 [main] INFO  com.zaxxer.hikari.HikariDataSource [] - HikariPool-1 - Start completed.
2026-03-13 15:04:56.551 [main] WARN  org.hibernate.orm.deprecation [] - HHH90000025: MySQLDialect does not need to be specified explicitly using 'hibernate.dialect' (remove the property setting and it will be selected by default)
2026-03-13 15:04:56.605 [main] INFO  o.hibernate.orm.connections.pooling [] - HHH10001005: Database info:
	Database JDBC URL [Connecting through datasource 'HikariDataSource (HikariPool-1)']
	Database driver: undefined/unknown
	Database version: 8.0.33
	Autocommit mode: undefined/unknown
	Isolation level: undefined/unknown
	Minimum pool size: undefined/unknown
	Maximum pool size: undefined/unknown
2026-03-13 15:05:00.833 [main] INFO  o.h.e.t.j.p.i.JtaPlatformInitiator [] - HHH000489: No JTA platform available (set 'hibernate.transaction.jta.platform' to enable JTA platform integration)
2026-03-13 15:05:01.618 [main] INFO  o.s.o.j.LocalContainerEntityManagerFactoryBean [] - Initialized JPA EntityManagerFactory for persistence unit 'default'
2026-03-13 15:05:02.899 [main] INFO  o.s.d.j.r.query.QueryEnhancerFactory [] - Hibernate is in classpath; If applicable, HQL parser will be used.
2026-03-13 15:05:04.267 [main] WARN  o.s.b.w.s.c.AnnotationConfigServletWebServerApplicationContext [] - Exception encountered during context initialization - cancelling refresh attempt: org.springframework.beans.factory.UnsatisfiedDependencyException: Error creating bean with name 'dashboardController' defined in file [C:\Users\shashi.rai\Desktop\Projects\DMS\DMS-Backend\target\classes\com\rkt\dms\controller\dashboard\DashboardController.class]: Unsatisfied dependency expressed through constructor parameter 0: Error creating bean with name 'dashboardServiceImpl' defined in file [C:\Users\shashi.rai\Desktop\Projects\DMS\DMS-Backend\target\classes\com\rkt\dms\serviceImpl\dashboard\DashboardServiceImpl.class]: Unsatisfied dependency expressed through constructor parameter 0: Error creating bean with name 'dashboardRepository' defined in com.rkt.dms.repository.dashboard.DashboardRepository defined in @EnableJpaRepositories declared on JpaRepositoriesRegistrar.EnableJpaRepositoriesConfiguration: Not a managed type: class java.lang.Object
2026-03-13 15:05:04.269 [main] INFO  o.s.o.j.LocalContainerEntityManagerFactoryBean [] - Closing JPA EntityManagerFactory for persistence unit 'default'
2026-03-13 15:05:04.275 [main] INFO  com.zaxxer.hikari.HikariDataSource [] - HikariPool-1 - Shutdown initiated...
2026-03-13 15:05:05.862 [main] INFO  com.zaxxer.hikari.HikariDataSource [] - HikariPool-1 - Shutdown completed.
2026-03-13 15:05:05.864 [main] INFO  o.a.catalina.core.StandardService [] - Stopping service [Tomcat]
2026-03-13 15:05:05.898 [main] INFO  o.s.b.a.l.ConditionEvaluationReportLogger [] - 

Error starting ApplicationContext. To display the condition evaluation report re-run your application with 'debug' enabled.
2026-03-13 15:05:05.942 [main] ERROR o.s.boot.SpringApplication [] - Application run failed
org.springframework.beans.factory.UnsatisfiedDependencyException: Error creating bean with name 'dashboardController' defined in file [C:\Users\shashi.rai\Desktop\Projects\DMS\DMS-Backend\target\classes\com\rkt\dms\controller\dashboard\DashboardController.class]: Unsatisfied dependency expressed through constructor parameter 0: Error creating bean with name 'dashboardServiceImpl' defined in file [C:\Users\shashi.rai\Desktop\Projects\DMS\DMS-Backend\target\classes\com\rkt\dms\serviceImpl\dashboard\DashboardServiceImpl.class]: Unsatisfied dependency expressed through constructor parameter 0: Error creating bean with name 'dashboardRepository' defined in com.rkt.dms.repository.dashboard.DashboardRepository defined in @EnableJpaRepositories declared on JpaRepositoriesRegistrar.EnableJpaRepositoriesConfiguration: Not a managed type: class java.lang.Object
	at org.springframework.beans.factory.support.ConstructorResolver.createArgumentArray(ConstructorResolver.java:804)
	at org.springframework.beans.factory.support.ConstructorResolver.autowireConstructor(ConstructorResolver.java:240)
	at org.springframework.beans.factory.support.AbstractAutowireCapableBeanFactory.autowireConstructor(AbstractAutowireCapableBeanFactory.java:1377)
	at org.springframework.beans.factory.support.AbstractAutowireCapableBeanFactory.createBeanInstance(AbstractAutowireCapableBeanFactory.java:1214)
	at org.springframework.beans.factory.support.AbstractAutowireCapableBeanFactory.doCreateBean(AbstractAutowireCapableBeanFactory.java:563)
	at org.springframework.beans.factory.support.AbstractAutowireCapableBeanFactory.createBean(AbstractAutowireCapableBeanFactory.java:523)
	at org.springframework.beans.factory.support.AbstractBeanFactory.lambda$doGetBean$0(AbstractBeanFactory.java:336)
	at org.springframework.beans.factory.support.DefaultSingletonBeanRegistry.getSingleton(DefaultSingletonBeanRegistry.java:289)
	at org.springframework.beans.factory.support.AbstractBeanFactory.doGetBean(AbstractBeanFactory.java:334)
	at org.springframework.beans.factory.support.AbstractBeanFactory.getBean(AbstractBeanFactory.java:199)
	at org.springframework.beans.factory.support.DefaultListableBeanFactory.instantiateSingleton(DefaultListableBeanFactory.java:1122)
	at org.springframework.beans.factory.support.DefaultListableBeanFactory.preInstantiateSingleton(DefaultListableBeanFactory.java:1093)
	at org.springframework.beans.factory.support.DefaultListableBeanFactory.preInstantiateSingletons(DefaultListableBeanFactory.java:1030)
	at org.springframework.context.support.AbstractApplicationContext.finishBeanFactoryInitialization(AbstractApplicationContext.java:987)
	at org.springframework.context.support.AbstractApplicationContext.refresh(AbstractApplicationContext.java:627)
	at org.springframework.boot.web.servlet.context.ServletWebServerApplicationContext.refresh(ServletWebServerApplicationContext.java:146)
	at org.springframework.boot.SpringApplication.refresh(SpringApplication.java:752)
	at org.springframework.boot.SpringApplication.refreshContext(SpringApplication.java:439)
	at org.springframework.boot.SpringApplication.run(SpringApplication.java:318)
	at org.springframework.boot.SpringApplication.run(SpringApplication.java:1361)
	at org.springframework.boot.SpringApplication.run(SpringApplication.java:1350)
	at com.rkt.dms.DmsApplication.main(DmsApplication.java:17)
Caused by: org.springframework.beans.factory.UnsatisfiedDependencyException: Error creating bean with name 'dashboardServiceImpl' defined in file [C:\Users\shashi.rai\Desktop\Projects\DMS\DMS-Backend\target\classes\com\rkt\dms\serviceImpl\dashboard\DashboardServiceImpl.class]: Unsatisfied dependency expressed through constructor parameter 0: Error creating bean with name 'dashboardRepository' defined in com.rkt.dms.repository.dashboard.DashboardRepository defined in @EnableJpaRepositories declared on JpaRepositoriesRegistrar.EnableJpaRepositoriesConfiguration: Not a managed type: class java.lang.Object
	at org.springframework.beans.factory.support.ConstructorResolver.createArgumentArray(ConstructorResolver.java:804)
	at org.springframework.beans.factory.support.ConstructorResolver.autowireConstructor(ConstructorResolver.java:240)
	at org.springframework.beans.factory.support.AbstractAutowireCapableBeanFactory.autowireConstructor(AbstractAutowireCapableBeanFactory.java:1377)
	at org.springframework.beans.factory.support.AbstractAutowireCapableBeanFactory.createBeanInstance(AbstractAutowireCapableBeanFactory.java:1214)
	at org.springframework.beans.factory.support.AbstractAutowireCapableBeanFactory.doCreateBean(AbstractAutowireCapableBeanFactory.java:563)
	at org.springframework.beans.factory.support.AbstractAutowireCapableBeanFactory.createBean(AbstractAutowireCapableBeanFactory.java:523)
	at org.springframework.beans.factory.support.AbstractBeanFactory.lambda$doGetBean$0(AbstractBeanFactory.java:336)
	at org.springframework.beans.factory.support.DefaultSingletonBeanRegistry.getSingleton(DefaultSingletonBeanRegistry.java:289)
	at org.springframework.beans.factory.support.AbstractBeanFactory.doGetBean(AbstractBeanFactory.java:334)
	at org.springframework.beans.factory.support.AbstractBeanFactory.getBean(AbstractBeanFactory.java:199)
	at org.springframework.beans.factory.config.DependencyDescriptor.resolveCandidate(DependencyDescriptor.java:254)
	at org.springframework.beans.factory.support.DefaultListableBeanFactory.doResolveDependency(DefaultListableBeanFactory.java:1631)
	at org.springframework.beans.factory.support.DefaultListableBeanFactory.resolveDependency(DefaultListableBeanFactory.java:1519)
	at org.springframework.beans.factory.support.ConstructorResolver.resolveAutowiredArgument(ConstructorResolver.java:913)
	at org.springframework.beans.factory.support.ConstructorResolver.createArgumentArray(ConstructorResolver.java:791)
	... 21 common frames omitted
Caused by: org.springframework.beans.factory.BeanCreationException: Error creating bean with name 'dashboardRepository' defined in com.rkt.dms.repository.dashboard.DashboardRepository defined in @EnableJpaRepositories declared on JpaRepositoriesRegistrar.EnableJpaRepositoriesConfiguration: Not a managed type: class java.lang.Object
	at org.springframework.beans.factory.support.AbstractAutowireCapableBeanFactory.initializeBean(AbstractAutowireCapableBeanFactory.java:1808)
	at org.springframework.beans.factory.support.AbstractAutowireCapableBeanFactory.doCreateBean(AbstractAutowireCapableBeanFactory.java:601)
	at org.springframework.beans.factory.support.AbstractAutowireCapableBeanFactory.createBean(AbstractAutowireCapableBeanFactory.java:523)
	at org.springframework.beans.factory.support.AbstractBeanFactory.lambda$doGetBean$0(AbstractBeanFactory.java:336)
	at org.springframework.beans.factory.support.DefaultSingletonBeanRegistry.getSingleton(DefaultSingletonBeanRegistry.java:289)
	at org.springframework.beans.factory.support.AbstractBeanFactory.doGetBean(AbstractBeanFactory.java:334)
	at org.springframework.beans.factory.support.AbstractBeanFactory.getBean(AbstractBeanFactory.java:199)
	at org.springframework.beans.factory.support.DefaultListableBeanFactory.doResolveDependency(DefaultListableBeanFactory.java:1573)
	at org.springframework.beans.factory.support.DefaultListableBeanFactory.resolveDependency(DefaultListableBeanFactory.java:1519)
	at org.springframework.beans.factory.support.ConstructorResolver.resolveAutowiredArgument(ConstructorResolver.java:913)
	at org.springframework.beans.factory.support.ConstructorResolver.createArgumentArray(ConstructorResolver.java:791)
	... 35 common frames omitted
Caused by: java.lang.IllegalArgumentException: Not a managed type: class java.lang.Object
	at org.hibernate.metamodel.model.domain.internal.JpaMetamodelImpl.managedType(JpaMetamodelImpl.java:223)
	at org.hibernate.metamodel.model.domain.internal.MappingMetamodelImpl.managedType(MappingMetamodelImpl.java:470)
	at org.hibernate.metamodel.model.domain.internal.MappingMetamodelImpl.managedType(MappingMetamodelImpl.java:100)
	at org.springframework.data.jpa.repository.support.JpaMetamodelEntityInformation.<init>(JpaMetamodelEntityInformation.java:82)
	at org.springframework.data.jpa.repository.support.JpaEntityInformationSupport.getEntityInformation(JpaEntityInformationSupport.java:69)
	at org.springframework.data.jpa.repository.support.JpaRepositoryFactory.getEntityInformation(JpaRepositoryFactory.java:251)
	at org.springframework.data.jpa.repository.support.JpaRepositoryFactory.getTargetRepository(JpaRepositoryFactory.java:215)
	at org.springframework.data.jpa.repository.support.JpaRepositoryFactory.getTargetRepository(JpaRepositoryFactory.java:198)
	at org.springframework.data.jpa.repository.support.JpaRepositoryFactory.getTargetRepository(JpaRepositoryFactory.java:1)
	at org.springframework.data.repository.core.support.RepositoryFactorySupport.getRepository(RepositoryFactorySupport.java:386)
	at org.springframework.data.repository.core.support.RepositoryFactoryBeanSupport.lambda$afterPropertiesSet$4(RepositoryFactoryBeanSupport.java:350)
	at org.springframework.data.util.Lazy.getNullable(Lazy.java:135)
	at org.springframework.data.util.Lazy.get(Lazy.java:113)
	at org.springframework.data.repository.core.support.RepositoryFactoryBeanSupport.afterPropertiesSet(RepositoryFactoryBeanSupport.java:356)
	at org.springframework.data.jpa.repository.support.JpaRepositoryFactoryBean.afterPropertiesSet(JpaRepositoryFactoryBean.java:132)
	at org.springframework.beans.factory.support.AbstractAutowireCapableBeanFactory.invokeInitMethods(AbstractAutowireCapableBeanFactory.java:1855)
	at org.springframework.beans.factory.support.AbstractAutowireCapableBeanFactory.initializeBean(AbstractAutowireCapableBeanFactory.java:1804)
	... 45 common frames omitted
2026-03-13 15:06:55.744 [background-preinit] INFO  o.h.validator.internal.util.Version [] - HV000001: Hibernate Validator 8.0.2.Final
2026-03-13 15:06:55.828 [main] INFO  com.rkt.dms.DmsApplication [] - Starting DmsApplication using Java 21.0.8 with PID 31576 (C:\Users\shashi.rai\Desktop\Projects\DMS\DMS-Backend\target\classes started by shashi.rai in C:\Users\shashi.rai\Desktop\Projects\DMS\DMS-Backend)
2026-03-13 15:06:55.830 [main] INFO  com.rkt.dms.DmsApplication [] - The following 1 profile is active: "dev"
2026-03-13 15:06:58.135 [main] INFO  o.s.d.r.c.RepositoryConfigurationDelegate [] - Bootstrapping Spring Data JPA repositories in DEFAULT mode.
2026-03-13 15:06:58.488 [main] INFO  o.s.d.r.c.RepositoryConfigurationDelegate [] - Finished Spring Data repository scanning in 336 ms. Found 17 JPA repository interfaces.
2026-03-13 15:07:00.385 [main] INFO  o.s.b.w.e.tomcat.TomcatWebServer [] - Tomcat initialized with port 8082 (http)
2026-03-13 15:07:00.410 [main] INFO  o.a.coyote.http11.Http11NioProtocol [] - Initializing ProtocolHandler ["http-nio-8082"]
2026-03-13 15:07:00.415 [main] INFO  o.a.catalina.core.StandardService [] - Starting service [Tomcat]
2026-03-13 15:07:00.416 [main] INFO  o.a.catalina.core.StandardEngine [] - Starting Servlet engine: [Apache Tomcat/10.1.34]
2026-03-13 15:07:00.551 [main] INFO  o.a.c.c.C.[Tomcat].[localhost].[/] [] - Initializing Spring embedded WebApplicationContext
2026-03-13 15:07:00.553 [main] INFO  o.s.b.w.s.c.ServletWebServerApplicationContext [] - Root WebApplicationContext: initialization completed in 4637 ms
2026-03-13 15:07:01.435 [main] INFO  o.h.jpa.internal.util.LogHelper [] - HHH000204: Processing PersistenceUnitInfo [name: default]
2026-03-13 15:07:01.612 [main] INFO  org.hibernate.Version [] - HHH000412: Hibernate ORM core version 6.6.4.Final
2026-03-13 15:07:01.714 [main] INFO  o.h.c.i.RegionFactoryInitiator [] - HHH000026: Second-level cache disabled
2026-03-13 15:07:02.444 [main] INFO  o.s.o.j.p.SpringPersistenceUnitInfo [] - No LoadTimeWeaver setup: ignoring JPA class transformer
2026-03-13 15:07:02.502 [main] INFO  com.zaxxer.hikari.HikariDataSource [] - HikariPool-1 - Starting...
2026-03-13 15:07:04.665 [main] INFO  com.zaxxer.hikari.pool.HikariPool [] - HikariPool-1 - Added connection com.mysql.cj.jdbc.ConnectionImpl@25a2c4dc
2026-03-13 15:07:04.668 [main] INFO  com.zaxxer.hikari.HikariDataSource [] - HikariPool-1 - Start completed.
2026-03-13 15:07:04.738 [main] WARN  org.hibernate.orm.deprecation [] - HHH90000025: MySQLDialect does not need to be specified explicitly using 'hibernate.dialect' (remove the property setting and it will be selected by default)
2026-03-13 15:07:04.760 [main] INFO  o.hibernate.orm.connections.pooling [] - HHH10001005: Database info:
	Database JDBC URL [Connecting through datasource 'HikariDataSource (HikariPool-1)']
	Database driver: undefined/unknown
	Database version: 8.0.33
	Autocommit mode: undefined/unknown
	Isolation level: undefined/unknown
	Minimum pool size: undefined/unknown
	Maximum pool size: undefined/unknown
2026-03-13 15:07:06.933 [main] INFO  o.h.e.t.j.p.i.JtaPlatformInitiator [] - HHH000489: No JTA platform available (set 'hibernate.transaction.jta.platform' to enable JTA platform integration)
2026-03-13 15:07:07.319 [main] INFO  o.s.o.j.LocalContainerEntityManagerFactoryBean [] - Initialized JPA EntityManagerFactory for persistence unit 'default'
2026-03-13 15:07:07.809 [main] INFO  o.s.d.j.r.query.QueryEnhancerFactory [] - Hibernate is in classpath; If applicable, HQL parser will be used.
2026-03-13 15:07:08.795 [main] WARN  o.s.b.w.s.c.AnnotationConfigServletWebServerApplicationContext [] - Exception encountered during context initialization - cancelling refresh attempt: org.springframework.beans.factory.UnsatisfiedDependencyException: Error creating bean with name 'dashboardController' defined in file [C:\Users\shashi.rai\Desktop\Projects\DMS\DMS-Backend\target\classes\com\rkt\dms\controller\dashboard\DashboardController.class]: Unsatisfied dependency expressed through constructor parameter 0: Error creating bean with name 'dashboardServiceImpl' defined in file [C:\Users\shashi.rai\Desktop\Projects\DMS\DMS-Backend\target\classes\com\rkt\dms\serviceImpl\dashboard\DashboardServiceImpl.class]: Unsatisfied dependency expressed through constructor parameter 0: Error creating bean with name 'dashboardRepository' defined in com.rkt.dms.repository.dashboard.DashboardRepository defined in @EnableJpaRepositories declared on JpaRepositoriesRegistrar.EnableJpaRepositoriesConfiguration: Not a managed type: class java.lang.Object
2026-03-13 15:07:08.797 [main] INFO  o.s.o.j.LocalContainerEntityManagerFactoryBean [] - Closing JPA EntityManagerFactory for persistence unit 'default'
2026-03-13 15:07:08.802 [main] INFO  com.zaxxer.hikari.HikariDataSource [] - HikariPool-1 - Shutdown initiated...
2026-03-13 15:07:09.820 [main] INFO  com.zaxxer.hikari.HikariDataSource [] - HikariPool-1 - Shutdown completed.
2026-03-13 15:07:09.823 [main] INFO  o.a.catalina.core.StandardService [] - Stopping service [Tomcat]
2026-03-13 15:07:09.856 [main] INFO  o.s.b.a.l.ConditionEvaluationReportLogger [] - 

Error starting ApplicationContext. To display the condition evaluation report re-run your application with 'debug' enabled.
2026-03-13 15:07:09.893 [main] ERROR o.s.boot.SpringApplication [] - Application run failed
org.springframework.beans.factory.UnsatisfiedDependencyException: Error creating bean with name 'dashboardController' defined in file [C:\Users\shashi.rai\Desktop\Projects\DMS\DMS-Backend\target\classes\com\rkt\dms\controller\dashboard\DashboardController.class]: Unsatisfied dependency expressed through constructor parameter 0: Error creating bean with name 'dashboardServiceImpl' defined in file [C:\Users\shashi.rai\Desktop\Projects\DMS\DMS-Backend\target\classes\com\rkt\dms\serviceImpl\dashboard\DashboardServiceImpl.class]: Unsatisfied dependency expressed through constructor parameter 0: Error creating bean with name 'dashboardRepository' defined in com.rkt.dms.repository.dashboard.DashboardRepository defined in @EnableJpaRepositories declared on JpaRepositoriesRegistrar.EnableJpaRepositoriesConfiguration: Not a managed type: class java.lang.Object
	at org.springframework.beans.factory.support.ConstructorResolver.createArgumentArray(ConstructorResolver.java:804)
	at org.springframework.beans.factory.support.ConstructorResolver.autowireConstructor(ConstructorResolver.java:240)
	at org.springframework.beans.factory.support.AbstractAutowireCapableBeanFactory.autowireConstructor(AbstractAutowireCapableBeanFactory.java:1377)
	at org.springframework.beans.factory.support.AbstractAutowireCapableBeanFactory.createBeanInstance(AbstractAutowireCapableBeanFactory.java:1214)
	at org.springframework.beans.factory.support.AbstractAutowireCapableBeanFactory.doCreateBean(AbstractAutowireCapableBeanFactory.java:563)
	at org.springframework.beans.factory.support.AbstractAutowireCapableBeanFactory.createBean(AbstractAutowireCapableBeanFactory.java:523)
	at org.springframework.beans.factory.support.AbstractBeanFactory.lambda$doGetBean$0(AbstractBeanFactory.java:336)
	at org.springframework.beans.factory.support.DefaultSingletonBeanRegistry.getSingleton(DefaultSingletonBeanRegistry.java:289)
	at org.springframework.beans.factory.support.AbstractBeanFactory.doGetBean(AbstractBeanFactory.java:334)
	at org.springframework.beans.factory.support.AbstractBeanFactory.getBean(AbstractBeanFactory.java:199)
	at org.springframework.beans.factory.support.DefaultListableBeanFactory.instantiateSingleton(DefaultListableBeanFactory.java:1122)
	at org.springframework.beans.factory.support.DefaultListableBeanFactory.preInstantiateSingleton(DefaultListableBeanFactory.java:1093)
	at org.springframework.beans.factory.support.DefaultListableBeanFactory.preInstantiateSingletons(DefaultListableBeanFactory.java:1030)
	at org.springframework.context.support.AbstractApplicationContext.finishBeanFactoryInitialization(AbstractApplicationContext.java:987)
	at org.springframework.context.support.AbstractApplicationContext.refresh(AbstractApplicationContext.java:627)
	at org.springframework.boot.web.servlet.context.ServletWebServerApplicationContext.refresh(ServletWebServerApplicationContext.java:146)
	at org.springframework.boot.SpringApplication.refresh(SpringApplication.java:752)
	at org.springframework.boot.SpringApplication.refreshContext(SpringApplication.java:439)
	at org.springframework.boot.SpringApplication.run(SpringApplication.java:318)
	at org.springframework.boot.SpringApplication.run(SpringApplication.java:1361)
	at org.springframework.boot.SpringApplication.run(SpringApplication.java:1350)
	at com.rkt.dms.DmsApplication.main(DmsApplication.java:17)
Caused by: org.springframework.beans.factory.UnsatisfiedDependencyException: Error creating bean with name 'dashboardServiceImpl' defined in file [C:\Users\shashi.rai\Desktop\Projects\DMS\DMS-Backend\target\classes\com\rkt\dms\serviceImpl\dashboard\DashboardServiceImpl.class]: Unsatisfied dependency expressed through constructor parameter 0: Error creating bean with name 'dashboardRepository' defined in com.rkt.dms.repository.dashboard.DashboardRepository defined in @EnableJpaRepositories declared on JpaRepositoriesRegistrar.EnableJpaRepositoriesConfiguration: Not a managed type: class java.lang.Object
	at org.springframework.beans.factory.support.ConstructorResolver.createArgumentArray(ConstructorResolver.java:804)
	at org.springframework.beans.factory.support.ConstructorResolver.autowireConstructor(ConstructorResolver.java:240)
	at org.springframework.beans.factory.support.AbstractAutowireCapableBeanFactory.autowireConstructor(AbstractAutowireCapableBeanFactory.java:1377)
	at org.springframework.beans.factory.support.AbstractAutowireCapableBeanFactory.createBeanInstance(AbstractAutowireCapableBeanFactory.java:1214)
	at org.springframework.beans.factory.support.AbstractAutowireCapableBeanFactory.doCreateBean(AbstractAutowireCapableBeanFactory.java:563)
	at org.springframework.beans.factory.support.AbstractAutowireCapableBeanFactory.createBean(AbstractAutowireCapableBeanFactory.java:523)
	at org.springframework.beans.factory.support.AbstractBeanFactory.lambda$doGetBean$0(AbstractBeanFactory.java:336)
	at org.springframework.beans.factory.support.DefaultSingletonBeanRegistry.getSingleton(DefaultSingletonBeanRegistry.java:289)
	at org.springframework.beans.factory.support.AbstractBeanFactory.doGetBean(AbstractBeanFactory.java:334)
	at org.springframework.beans.factory.support.AbstractBeanFactory.getBean(AbstractBeanFactory.java:199)
	at org.springframework.beans.factory.config.DependencyDescriptor.resolveCandidate(DependencyDescriptor.java:254)
	at org.springframework.beans.factory.support.DefaultListableBeanFactory.doResolveDependency(DefaultListableBeanFactory.java:1631)
	at org.springframework.beans.factory.support.DefaultListableBeanFactory.resolveDependency(DefaultListableBeanFactory.java:1519)
	at org.springframework.beans.factory.support.ConstructorResolver.resolveAutowiredArgument(ConstructorResolver.java:913)
	at org.springframework.beans.factory.support.ConstructorResolver.createArgumentArray(ConstructorResolver.java:791)
	... 21 common frames omitted
Caused by: org.springframework.beans.factory.BeanCreationException: Error creating bean with name 'dashboardRepository' defined in com.rkt.dms.repository.dashboard.DashboardRepository defined in @EnableJpaRepositories declared on JpaRepositoriesRegistrar.EnableJpaRepositoriesConfiguration: Not a managed type: class java.lang.Object
	at org.springframework.beans.factory.support.AbstractAutowireCapableBeanFactory.initializeBean(AbstractAutowireCapableBeanFactory.java:1808)
	at org.springframework.beans.factory.support.AbstractAutowireCapableBeanFactory.doCreateBean(AbstractAutowireCapableBeanFactory.java:601)
	at org.springframework.beans.factory.support.AbstractAutowireCapableBeanFactory.createBean(AbstractAutowireCapableBeanFactory.java:523)
	at org.springframework.beans.factory.support.AbstractBeanFactory.lambda$doGetBean$0(AbstractBeanFactory.java:336)
	at org.springframework.beans.factory.support.DefaultSingletonBeanRegistry.getSingleton(DefaultSingletonBeanRegistry.java:289)
	at org.springframework.beans.factory.support.AbstractBeanFactory.doGetBean(AbstractBeanFactory.java:334)
	at org.springframework.beans.factory.support.AbstractBeanFactory.getBean(AbstractBeanFactory.java:199)
	at org.springframework.beans.factory.support.DefaultListableBeanFactory.doResolveDependency(DefaultListableBeanFactory.java:1573)
	at org.springframework.beans.factory.support.DefaultListableBeanFactory.resolveDependency(DefaultListableBeanFactory.java:1519)
	at org.springframework.beans.factory.support.ConstructorResolver.resolveAutowiredArgument(ConstructorResolver.java:913)
	at org.springframework.beans.factory.support.ConstructorResolver.createArgumentArray(ConstructorResolver.java:791)
	... 35 common frames omitted
Caused by: java.lang.IllegalArgumentException: Not a managed type: class java.lang.Object
	at org.hibernate.metamodel.model.domain.internal.JpaMetamodelImpl.managedType(JpaMetamodelImpl.java:223)
	at org.hibernate.metamodel.model.domain.internal.MappingMetamodelImpl.managedType(MappingMetamodelImpl.java:470)
	at org.hibernate.metamodel.model.domain.internal.MappingMetamodelImpl.managedType(MappingMetamodelImpl.java:100)
	at org.springframework.data.jpa.repository.support.JpaMetamodelEntityInformation.<init>(JpaMetamodelEntityInformation.java:82)
	at org.springframework.data.jpa.repository.support.JpaEntityInformationSupport.getEntityInformation(JpaEntityInformationSupport.java:69)
	at org.springframework.data.jpa.repository.support.JpaRepositoryFactory.getEntityInformation(JpaRepositoryFactory.java:251)
	at org.springframework.data.jpa.repository.support.JpaRepositoryFactory.getTargetRepository(JpaRepositoryFactory.java:215)
	at org.springframework.data.jpa.repository.support.JpaRepositoryFactory.getTargetRepository(JpaRepositoryFactory.java:198)
	at org.springframework.data.jpa.repository.support.JpaRepositoryFactory.getTargetRepository(JpaRepositoryFactory.java:1)
	at org.springframework.data.repository.core.support.RepositoryFactorySupport.getRepository(RepositoryFactorySupport.java:386)
	at org.springframework.data.repository.core.support.RepositoryFactoryBeanSupport.lambda$afterPropertiesSet$4(RepositoryFactoryBeanSupport.java:350)
	at org.springframework.data.util.Lazy.getNullable(Lazy.java:135)
	at org.springframework.data.util.Lazy.get(Lazy.java:113)
	at org.springframework.data.repository.core.support.RepositoryFactoryBeanSupport.afterPropertiesSet(RepositoryFactoryBeanSupport.java:356)
	at org.springframework.data.jpa.repository.support.JpaRepositoryFactoryBean.afterPropertiesSet(JpaRepositoryFactoryBean.java:132)
	at org.springframework.beans.factory.support.AbstractAutowireCapableBeanFactory.invokeInitMethods(AbstractAutowireCapableBeanFactory.java:1855)
	at org.springframework.beans.factory.support.AbstractAutowireCapableBeanFactory.initializeBean(AbstractAutowireCapableBeanFactory.java:1804)
	... 45 common frames omitted
2026-03-13 15:09:07.737 [background-preinit] INFO  o.h.validator.internal.util.Version [] - HV000001: Hibernate Validator 8.0.2.Final
2026-03-13 15:09:07.844 [main] INFO  com.rkt.dms.DmsApplication [] - Starting DmsApplication using Java 21.0.8 with PID 36512 (C:\Users\shashi.rai\Desktop\Projects\DMS\DMS-Backend\target\classes started by shashi.rai in C:\Users\shashi.rai\Desktop\Projects\DMS\DMS-Backend)
2026-03-13 15:09:07.846 [main] INFO  com.rkt.dms.DmsApplication [] - The following 1 profile is active: "dev"
2026-03-13 15:09:10.177 [main] INFO  o.s.d.r.c.RepositoryConfigurationDelegate [] - Bootstrapping Spring Data JPA repositories in DEFAULT mode.
2026-03-13 15:09:10.393 [main] INFO  o.s.d.r.c.RepositoryConfigurationDelegate [] - Finished Spring Data repository scanning in 203 ms. Found 17 JPA repository interfaces.
2026-03-13 15:09:12.283 [main] INFO  o.s.b.w.e.tomcat.TomcatWebServer [] - Tomcat initialized with port 8082 (http)
2026-03-13 15:09:12.305 [main] INFO  o.a.coyote.http11.Http11NioProtocol [] - Initializing ProtocolHandler ["http-nio-8082"]
2026-03-13 15:09:12.309 [main] INFO  o.a.catalina.core.StandardService [] - Starting service [Tomcat]
2026-03-13 15:09:12.309 [main] INFO  o.a.catalina.core.StandardEngine [] - Starting Servlet engine: [Apache Tomcat/10.1.34]
2026-03-13 15:09:12.433 [main] INFO  o.a.c.c.C.[Tomcat].[localhost].[/] [] - Initializing Spring embedded WebApplicationContext
2026-03-13 15:09:12.435 [main] INFO  o.s.b.w.s.c.ServletWebServerApplicationContext [] - Root WebApplicationContext: initialization completed in 4496 ms
2026-03-13 15:09:13.095 [main] INFO  o.h.jpa.internal.util.LogHelper [] - HHH000204: Processing PersistenceUnitInfo [name: default]
2026-03-13 15:09:13.264 [main] INFO  org.hibernate.Version [] - HHH000412: Hibernate ORM core version 6.6.4.Final
2026-03-13 15:09:13.343 [main] INFO  o.h.c.i.RegionFactoryInitiator [] - HHH000026: Second-level cache disabled
2026-03-13 15:09:13.834 [main] INFO  o.s.o.j.p.SpringPersistenceUnitInfo [] - No LoadTimeWeaver setup: ignoring JPA class transformer
2026-03-13 15:09:13.890 [main] INFO  com.zaxxer.hikari.HikariDataSource [] - HikariPool-1 - Starting...
2026-03-13 15:09:15.830 [main] INFO  com.zaxxer.hikari.pool.HikariPool [] - HikariPool-1 - Added connection com.mysql.cj.jdbc.ConnectionImpl@1cc81ea1
2026-03-13 15:09:15.832 [main] INFO  com.zaxxer.hikari.HikariDataSource [] - HikariPool-1 - Start completed.
2026-03-13 15:09:15.894 [main] WARN  org.hibernate.orm.deprecation [] - HHH90000025: MySQLDialect does not need to be specified explicitly using 'hibernate.dialect' (remove the property setting and it will be selected by default)
2026-03-13 15:09:15.914 [main] INFO  o.hibernate.orm.connections.pooling [] - HHH10001005: Database info:
	Database JDBC URL [Connecting through datasource 'HikariDataSource (HikariPool-1)']
	Database driver: undefined/unknown
	Database version: 8.0.33
	Autocommit mode: undefined/unknown
	Isolation level: undefined/unknown
	Minimum pool size: undefined/unknown
	Maximum pool size: undefined/unknown
2026-03-13 15:09:17.827 [main] INFO  o.h.e.t.j.p.i.JtaPlatformInitiator [] - HHH000489: No JTA platform available (set 'hibernate.transaction.jta.platform' to enable JTA platform integration)
2026-03-13 15:09:18.294 [main] INFO  o.s.o.j.LocalContainerEntityManagerFactoryBean [] - Initialized JPA EntityManagerFactory for persistence unit 'default'
2026-03-13 15:09:18.909 [main] INFO  o.s.d.j.r.query.QueryEnhancerFactory [] - Hibernate is in classpath; If applicable, HQL parser will be used.
2026-03-13 15:09:22.366 [main] INFO  o.s.s.c.a.a.c.InitializeUserDetailsBeanManagerConfigurer$InitializeUserDetailsManagerConfigurer [] - Global AuthenticationManager configured with UserDetailsService bean with name userDetailsServiceImpl
2026-03-13 15:09:22.528 [main] WARN  o.s.b.a.o.j.JpaBaseConfiguration$JpaWebConfiguration [] - spring.jpa.open-in-view is enabled by default. Therefore, database queries may be performed during view rendering. Explicitly configure spring.jpa.open-in-view to disable this warning
2026-03-13 15:09:23.484 [main] INFO  o.s.b.a.e.web.EndpointLinksResolver [] - Exposing 3 endpoints beneath base path '/actuator'
2026-03-13 15:09:24.602 [main] INFO  o.a.coyote.http11.Http11NioProtocol [] - Starting ProtocolHandler ["http-nio-8082"]
2026-03-13 15:09:24.661 [main] INFO  o.s.b.w.e.tomcat.TomcatWebServer [] - Tomcat started on port 8082 (http) with context path '/'
2026-03-13 15:09:24.701 [main] INFO  com.rkt.dms.DmsApplication [] - Started DmsApplication in 17.594 seconds (process running for 18.881)
2026-03-13 15:09:29.798 [http-nio-8082-exec-3] INFO  o.a.c.c.C.[Tomcat].[localhost].[/] [] - Initializing Spring DispatcherServlet 'dispatcherServlet'
2026-03-13 15:09:29.799 [http-nio-8082-exec-3] INFO  o.s.web.servlet.DispatcherServlet [] - Initializing Servlet 'dispatcherServlet'
2026-03-13 15:09:29.801 [http-nio-8082-exec-3] INFO  o.s.web.servlet.DispatcherServlet [] - Completed initialization in 2 ms
2026-03-13 15:09:37.787 [http-nio-8082-exec-1] WARN  o.s.web.servlet.PageNotFound [7ff73657-c5c1-47fa-b3a1-138049aca313] - No mapping for GET /api/dashboard/stats
2026-03-13 15:18:41.554 [background-preinit] INFO  o.h.validator.internal.util.Version [] - HV000001: Hibernate Validator 8.0.2.Final
2026-03-13 15:18:41.641 [main] INFO  com.rkt.dms.DmsApplication [] - Starting DmsApplication using Java 21.0.8 with PID 17388 (C:\Users\shashi.rai\Desktop\Projects\DMS\DMS-Backend\target\classes started by shashi.rai in C:\Users\shashi.rai\Desktop\Projects\DMS\DMS-Backend)
2026-03-13 15:18:41.644 [main] INFO  com.rkt.dms.DmsApplication [] - The following 1 profile is active: "dev"
2026-03-13 15:18:44.262 [main] INFO  o.s.d.r.c.RepositoryConfigurationDelegate [] - Bootstrapping Spring Data JPA repositories in DEFAULT mode.
2026-03-13 15:18:44.572 [main] INFO  o.s.d.r.c.RepositoryConfigurationDelegate [] - Finished Spring Data repository scanning in 295 ms. Found 17 JPA repository interfaces.
2026-03-13 15:18:46.366 [main] INFO  o.s.b.w.e.tomcat.TomcatWebServer [] - Tomcat initialized with port 8082 (http)
2026-03-13 15:18:46.396 [main] INFO  o.a.coyote.http11.Http11NioProtocol [] - Initializing ProtocolHandler ["http-nio-8082"]
2026-03-13 15:18:46.401 [main] INFO  o.a.catalina.core.StandardService [] - Starting service [Tomcat]
2026-03-13 15:18:46.402 [main] INFO  o.a.catalina.core.StandardEngine [] - Starting Servlet engine: [Apache Tomcat/10.1.34]
2026-03-13 15:18:46.553 [main] INFO  o.a.c.c.C.[Tomcat].[localhost].[/] [] - Initializing Spring embedded WebApplicationContext
2026-03-13 15:18:46.554 [main] INFO  o.s.b.w.s.c.ServletWebServerApplicationContext [] - Root WebApplicationContext: initialization completed in 4789 ms
2026-03-13 15:18:47.351 [main] INFO  o.h.jpa.internal.util.LogHelper [] - HHH000204: Processing PersistenceUnitInfo [name: default]
2026-03-13 15:18:47.469 [main] INFO  org.hibernate.Version [] - HHH000412: Hibernate ORM core version 6.6.4.Final
2026-03-13 15:18:47.543 [main] INFO  o.h.c.i.RegionFactoryInitiator [] - HHH000026: Second-level cache disabled
2026-03-13 15:18:48.086 [main] INFO  o.s.o.j.p.SpringPersistenceUnitInfo [] - No LoadTimeWeaver setup: ignoring JPA class transformer
2026-03-13 15:18:48.154 [main] INFO  com.zaxxer.hikari.HikariDataSource [] - HikariPool-1 - Starting...
2026-03-13 15:18:50.612 [main] INFO  com.zaxxer.hikari.pool.HikariPool [] - HikariPool-1 - Added connection com.mysql.cj.jdbc.ConnectionImpl@483fe83a
2026-03-13 15:18:50.615 [main] INFO  com.zaxxer.hikari.HikariDataSource [] - HikariPool-1 - Start completed.
2026-03-13 15:18:50.731 [main] WARN  org.hibernate.orm.deprecation [] - HHH90000025: MySQLDialect does not need to be specified explicitly using 'hibernate.dialect' (remove the property setting and it will be selected by default)
2026-03-13 15:18:50.751 [main] INFO  o.hibernate.orm.connections.pooling [] - HHH10001005: Database info:
	Database JDBC URL [Connecting through datasource 'HikariDataSource (HikariPool-1)']
	Database driver: undefined/unknown
	Database version: 8.0.33
	Autocommit mode: undefined/unknown
	Isolation level: undefined/unknown
	Minimum pool size: undefined/unknown
	Maximum pool size: undefined/unknown
2026-03-13 15:18:52.721 [main] INFO  o.h.e.t.j.p.i.JtaPlatformInitiator [] - HHH000489: No JTA platform available (set 'hibernate.transaction.jta.platform' to enable JTA platform integration)
2026-03-13 15:18:53.242 [main] INFO  o.s.o.j.LocalContainerEntityManagerFactoryBean [] - Initialized JPA EntityManagerFactory for persistence unit 'default'
2026-03-13 15:18:53.812 [main] INFO  o.s.d.j.r.query.QueryEnhancerFactory [] - Hibernate is in classpath; If applicable, HQL parser will be used.
2026-03-13 15:18:57.139 [main] INFO  o.s.s.c.a.a.c.InitializeUserDetailsBeanManagerConfigurer$InitializeUserDetailsManagerConfigurer [] - Global AuthenticationManager configured with UserDetailsService bean with name userDetailsServiceImpl
2026-03-13 15:18:57.303 [main] WARN  o.s.b.a.o.j.JpaBaseConfiguration$JpaWebConfiguration [] - spring.jpa.open-in-view is enabled by default. Therefore, database queries may be performed during view rendering. Explicitly configure spring.jpa.open-in-view to disable this warning
2026-03-13 15:18:58.451 [main] INFO  o.s.b.a.e.web.EndpointLinksResolver [] - Exposing 3 endpoints beneath base path '/actuator'
2026-03-13 15:18:59.694 [main] INFO  o.a.coyote.http11.Http11NioProtocol [] - Starting ProtocolHandler ["http-nio-8082"]
2026-03-13 15:18:59.734 [main] INFO  o.s.b.w.e.tomcat.TomcatWebServer [] - Tomcat started on port 8082 (http) with context path '/'
2026-03-13 15:18:59.756 [main] INFO  com.rkt.dms.DmsApplication [] - Started DmsApplication in 18.804 seconds (process running for 19.787)
2026-03-13 15:19:06.215 [http-nio-8082-exec-1] INFO  o.a.c.c.C.[Tomcat].[localhost].[/] [] - Initializing Spring DispatcherServlet 'dispatcherServlet'
2026-03-13 15:19:06.216 [http-nio-8082-exec-1] INFO  o.s.web.servlet.DispatcherServlet [] - Initializing Servlet 'dispatcherServlet'
2026-03-13 15:19:06.217 [http-nio-8082-exec-1] INFO  o.s.web.servlet.DispatcherServlet [] - Completed initialization in 1 ms
2026-03-13 18:02:30.136 [http-nio-8082-exec-5] ERROR o.a.c.c.C.[.[.[.[dispatcherServlet] [] - Servlet.service() for servlet [dispatcherServlet] in context with path [] threw exception
org.springframework.security.authentication.AuthenticationServiceException: Token expired
	at com.rkt.dms.jwt.filter.JwtFilter.doFilterInternal(JwtFilter.java:88)
	at org.springframework.web.filter.OncePerRequestFilter.doFilter(OncePerRequestFilter.java:116)
	at org.springframework.security.web.ObservationFilterChainDecorator$ObservationFilter.wrapFilter(ObservationFilterChainDecorator.java:240)
	at org.springframework.security.web.ObservationFilterChainDecorator$ObservationFilter.doFilter(ObservationFilterChainDecorator.java:227)
	at org.springframework.security.web.ObservationFilterChainDecorator$VirtualFilterChain.doFilter(ObservationFilterChainDecorator.java:137)
	at com.rkt.dms.audit.RequestAuditFilter.doFilterInternal(RequestAuditFilter.java:52)
	at org.springframework.web.filter.OncePerRequestFilter.doFilter(OncePerRequestFilter.java:116)
	at org.springframework.security.web.ObservationFilterChainDecorator$ObservationFilter.wrapFilter(ObservationFilterChainDecorator.java:240)
	at org.springframework.security.web.ObservationFilterChainDecorator$ObservationFilter.doFilter(ObservationFilterChainDecorator.java:227)
	at org.springframework.security.web.ObservationFilterChainDecorator$VirtualFilterChain.doFilter(ObservationFilterChainDecorator.java:137)
	at org.springframework.security.web.authentication.logout.LogoutFilter.doFilter(LogoutFilter.java:107)
	at org.springframework.security.web.authentication.logout.LogoutFilter.doFilter(LogoutFilter.java:93)
	at org.springframework.security.web.ObservationFilterChainDecorator$ObservationFilter.wrapFilter(ObservationFilterChainDecorator.java:240)
	at org.springframework.security.web.ObservationFilterChainDecorator$ObservationFilter.doFilter(ObservationFilterChainDecorator.java:227)
	at org.springframework.security.web.ObservationFilterChainDecorator$VirtualFilterChain.doFilter(ObservationFilterChainDecorator.java:137)
	at org.springframework.web.filter.CorsFilter.doFilterInternal(CorsFilter.java:91)
	at org.springframework.web.filter.OncePerRequestFilter.doFilter(OncePerRequestFilter.java:116)
	at org.springframework.security.web.ObservationFilterChainDecorator$ObservationFilter.wrapFilter(ObservationFilterChainDecorator.java:240)
	at org.springframework.security.web.ObservationFilterChainDecorator$ObservationFilter.doFilter(ObservationFilterChainDecorator.java:227)
	at org.springframework.security.web.ObservationFilterChainDecorator$VirtualFilterChain.doFilter(ObservationFilterChainDecorator.java:137)
	at org.springframework.security.web.header.HeaderWriterFilter.doHeadersAfter(HeaderWriterFilter.java:90)
	at org.springframework.security.web.header.HeaderWriterFilter.doFilterInternal(HeaderWriterFilter.java:75)
	at org.springframework.web.filter.OncePerRequestFilter.doFilter(OncePerRequestFilter.java:116)
	at org.springframework.security.web.ObservationFilterChainDecorator$ObservationFilter.wrapFilter(ObservationFilterChainDecorator.java:240)
	at org.springframework.security.web.ObservationFilterChainDecorator$ObservationFilter.doFilter(ObservationFilterChainDecorator.java:227)
	at org.springframework.security.web.ObservationFilterChainDecorator$VirtualFilterChain.doFilter(ObservationFilterChainDecorator.java:137)
	at org.springframework.security.web.context.SecurityContextHolderFilter.doFilter(SecurityContextHolderFilter.java:82)
	at org.springframework.security.web.context.SecurityContextHolderFilter.doFilter(SecurityContextHolderFilter.java:69)
	at org.springframework.security.web.ObservationFilterChainDecorator$ObservationFilter.wrapFilter(ObservationFilterChainDecorator.java:240)
	at org.springframework.security.web.ObservationFilterChainDecorator$ObservationFilter.doFilter(ObservationFilterChainDecorator.java:227)
	at org.springframework.security.web.ObservationFilterChainDecorator$VirtualFilterChain.doFilter(ObservationFilterChainDecorator.java:137)
	at org.springframework.security.web.context.request.async.WebAsyncManagerIntegrationFilter.doFilterInternal(WebAsyncManagerIntegrationFilter.java:62)
	at org.springframework.web.filter.OncePerRequestFilter.doFilter(OncePerRequestFilter.java:116)
	at org.springframework.security.web.ObservationFilterChainDecorator$ObservationFilter.wrapFilter(ObservationFilterChainDecorator.java:240)
	at org.springframework.security.web.ObservationFilterChainDecorator$ObservationFilter.doFilter(ObservationFilterChainDecorator.java:227)
	at org.springframework.security.web.ObservationFilterChainDecorator$VirtualFilterChain.doFilter(ObservationFilterChainDecorator.java:137)
	at org.springframework.security.web.session.DisableEncodeUrlFilter.doFilterInternal(DisableEncodeUrlFilter.java:42)
	at org.springframework.web.filter.OncePerRequestFilter.doFilter(OncePerRequestFilter.java:116)
	at org.springframework.security.web.ObservationFilterChainDecorator$ObservationFilter.wrapFilter(ObservationFilterChainDecorator.java:240)
	at org.springframework.security.web.ObservationFilterChainDecorator$AroundFilterObservation$SimpleAroundFilterObservation.lambda$wrap$0(ObservationFilterChainDecorator.java:323)
	at org.springframework.security.web.ObservationFilterChainDecorator$ObservationFilter.doFilter(ObservationFilterChainDecorator.java:224)
	at org.springframework.security.web.ObservationFilterChainDecorator$VirtualFilterChain.doFilter(ObservationFilterChainDecorator.java:137)
	at org.springframework.security.web.FilterChainProxy.doFilterInternal(FilterChainProxy.java:233)
	at org.springframework.security.web.FilterChainProxy.doFilter(FilterChainProxy.java:191)
	at org.springframework.web.filter.CompositeFilter$VirtualFilterChain.doFilter(CompositeFilter.java:113)
	at org.springframework.web.servlet.handler.HandlerMappingIntrospector.lambda$createCacheFilter$3(HandlerMappingIntrospector.java:243)
	at org.springframework.web.filter.CompositeFilter$VirtualFilterChain.doFilter(CompositeFilter.java:113)
	at org.springframework.web.filter.CompositeFilter.doFilter(CompositeFilter.java:74)
	at org.springframework.security.config.annotation.web.configuration.WebMvcSecurityConfiguration$CompositeFilterChainProxy.doFilter(WebMvcSecurityConfiguration.java:238)
	at org.springframework.web.filter.DelegatingFilterProxy.invokeDelegate(DelegatingFilterProxy.java:362)
	at org.springframework.web.filter.DelegatingFilterProxy.doFilter(DelegatingFilterProxy.java:278)
	at org.apache.catalina.core.ApplicationFilterChain.internalDoFilter(ApplicationFilterChain.java:164)
	at org.apache.catalina.core.ApplicationFilterChain.doFilter(ApplicationFilterChain.java:140)
	at org.springframework.web.filter.RequestContextFilter.doFilterInternal(RequestContextFilter.java:100)
	at org.springframework.web.filter.OncePerRequestFilter.doFilter(OncePerRequestFilter.java:116)
	at org.apache.catalina.core.ApplicationFilterChain.internalDoFilter(ApplicationFilterChain.java:164)
	at org.apache.catalina.core.ApplicationFilterChain.doFilter(ApplicationFilterChain.java:140)
	at org.springframework.web.filter.FormContentFilter.doFilterInternal(FormContentFilter.java:93)
	at org.springframework.web.filter.OncePerRequestFilter.doFilter(OncePerRequestFilter.java:116)
	at org.apache.catalina.core.ApplicationFilterChain.internalDoFilter(ApplicationFilterChain.java:164)
	at org.apache.catalina.core.ApplicationFilterChain.doFilter(ApplicationFilterChain.java:140)
	at org.springframework.web.filter.ServerHttpObservationFilter.doFilterInternal(ServerHttpObservationFilter.java:114)
	at org.springframework.web.filter.OncePerRequestFilter.doFilter(OncePerRequestFilter.java:116)
	at org.apache.catalina.core.ApplicationFilterChain.internalDoFilter(ApplicationFilterChain.java:164)
	at org.apache.catalina.core.ApplicationFilterChain.doFilter(ApplicationFilterChain.java:140)
	at org.springframework.web.filter.CharacterEncodingFilter.doFilterInternal(CharacterEncodingFilter.java:201)
	at org.springframework.web.filter.OncePerRequestFilter.doFilter(OncePerRequestFilter.java:116)
	at org.apache.catalina.core.ApplicationFilterChain.internalDoFilter(ApplicationFilterChain.java:164)
	at org.apache.catalina.core.ApplicationFilterChain.doFilter(ApplicationFilterChain.java:140)
	at org.apache.catalina.core.StandardWrapperValve.invoke(StandardWrapperValve.java:167)
	at org.apache.catalina.core.StandardContextValve.invoke(StandardContextValve.java:90)
	at org.apache.catalina.authenticator.AuthenticatorBase.invoke(AuthenticatorBase.java:483)
	at org.apache.catalina.core.StandardHostValve.invoke(StandardHostValve.java:115)
	at org.apache.catalina.valves.ErrorReportValve.invoke(ErrorReportValve.java:93)
	at org.apache.catalina.core.StandardEngineValve.invoke(StandardEngineValve.java:74)
	at org.apache.catalina.connector.CoyoteAdapter.service(CoyoteAdapter.java:344)
	at org.apache.coyote.http11.Http11Processor.service(Http11Processor.java:397)
	at org.apache.coyote.AbstractProcessorLight.process(AbstractProcessorLight.java:63)
	at org.apache.coyote.AbstractProtocol$ConnectionHandler.process(AbstractProtocol.java:905)
	at org.apache.tomcat.util.net.NioEndpoint$SocketProcessor.doRun(NioEndpoint.java:1741)
	at org.apache.tomcat.util.net.SocketProcessorBase.run(SocketProcessorBase.java:52)
	at org.apache.tomcat.util.threads.ThreadPoolExecutor.runWorker(ThreadPoolExecutor.java:1190)
	at org.apache.tomcat.util.threads.ThreadPoolExecutor$Worker.run(ThreadPoolExecutor.java:659)
	at org.apache.tomcat.util.threads.TaskThread$WrappingRunnable.run(TaskThread.java:63)
	at java.base/java.lang.Thread.run(Thread.java:1583)
Caused by: io.jsonwebtoken.ExpiredJwtException: JWT expired at 2026-02-28T10:08:53Z. Current time: 2026-03-13T12:32:29Z, a difference of 1131816990 milliseconds.  Allowed clock skew: 0 milliseconds.
	at io.jsonwebtoken.impl.DefaultJwtParser.parse(DefaultJwtParser.java:427)
	at io.jsonwebtoken.impl.DefaultJwtParser.parse(DefaultJwtParser.java:529)
	at io.jsonwebtoken.impl.DefaultJwtParser.parseClaimsJws(DefaultJwtParser.java:589)
	at io.jsonwebtoken.impl.ImmutableJwtParser.parseClaimsJws(ImmutableJwtParser.java:173)
	at com.rkt.dms.jwt.utilis.JwtUtil.extractAllClaims(JwtUtil.java:98)
	at com.rkt.dms.jwt.utilis.JwtUtil.isTokenExpired(JwtUtil.java:110)
	at com.rkt.dms.jwt.utilis.JwtUtil.validateToken(JwtUtil.java:105)
	at com.rkt.dms.jwt.filter.JwtFilter.doFilterInternal(JwtFilter.java:50)
	... 84 common frames omitted
2026-03-13 20:27:32.180 [HikariPool-1 housekeeper] WARN  com.zaxxer.hikari.pool.HikariPool [] - HikariPool-1 - Thread starvation or clock leap detected (housekeeper delta=1h33m13s805ms696µs600ns).
