2026-03-16 11:02:04.711 [background-preinit] INFO  o.h.validator.internal.util.Version [] - HV000001: Hibernate Validator 8.0.2.Final
2026-03-16 11:02:05.033 [main] INFO  com.rkt.dms.DmsApplication [] - Starting DmsApplication using Java 21.0.8 with PID 25080 (C:\Users\shashi.rai\Desktop\Projects\DMS\DMS-Backend\target\classes started by shashi.rai in C:\Users\shashi.rai\Desktop\Projects\DMS\DMS-Backend)
2026-03-16 11:02:05.049 [main] INFO  com.rkt.dms.DmsApplication [] - The following 1 profile is active: "dev"
2026-03-16 11:02:12.913 [main] INFO  o.s.d.r.c.RepositoryConfigurationDelegate [] - Bootstrapping Spring Data JPA repositories in DEFAULT mode.
2026-03-16 11:02:13.865 [main] INFO  o.s.d.r.c.RepositoryConfigurationDelegate [] - Finished Spring Data repository scanning in 855 ms. Found 17 JPA repository interfaces.
2026-03-16 11:02:19.597 [main] INFO  o.s.b.w.e.tomcat.TomcatWebServer [] - Tomcat initialized with port 8082 (http)
2026-03-16 11:02:19.731 [main] INFO  o.a.coyote.http11.Http11NioProtocol [] - Initializing ProtocolHandler ["http-nio-8082"]
2026-03-16 11:02:19.749 [main] INFO  o.a.catalina.core.StandardService [] - Starting service [Tomcat]
2026-03-16 11:02:19.758 [main] INFO  o.a.catalina.core.StandardEngine [] - Starting Servlet engine: [Apache Tomcat/10.1.34]
2026-03-16 11:02:20.097 [main] INFO  o.a.c.c.C.[Tomcat].[localhost].[/] [] - Initializing Spring embedded WebApplicationContext
2026-03-16 11:02:20.103 [main] INFO  o.s.b.w.s.c.ServletWebServerApplicationContext [] - Root WebApplicationContext: initialization completed in 14250 ms
2026-03-16 11:02:23.377 [main] INFO  o.h.jpa.internal.util.LogHelper [] - HHH000204: Processing PersistenceUnitInfo [name: default]
2026-03-16 11:02:23.776 [main] INFO  org.hibernate.Version [] - HHH000412: Hibernate ORM core version 6.6.4.Final
2026-03-16 11:02:23.985 [main] INFO  o.h.c.i.RegionFactoryInitiator [] - HHH000026: Second-level cache disabled
2026-03-16 11:02:25.447 [main] INFO  o.s.o.j.p.SpringPersistenceUnitInfo [] - No LoadTimeWeaver setup: ignoring JPA class transformer
2026-03-16 11:02:25.656 [main] INFO  com.zaxxer.hikari.HikariDataSource [] - HikariPool-1 - Starting...
2026-03-16 11:02:27.054 [main] INFO  com.zaxxer.hikari.pool.HikariPool [] - HikariPool-1 - Added connection com.mysql.cj.jdbc.ConnectionImpl@7abd75fc
2026-03-16 11:02:27.060 [main] INFO  com.zaxxer.hikari.HikariDataSource [] - HikariPool-1 - Start completed.
2026-03-16 11:02:27.314 [main] WARN  org.hibernate.orm.deprecation [] - HHH90000025: MySQLDialect does not need to be specified explicitly using 'hibernate.dialect' (remove the property setting and it will be selected by default)
2026-03-16 11:02:27.452 [main] INFO  o.hibernate.orm.connections.pooling [] - HHH10001005: Database info:
	Database JDBC URL [Connecting through datasource 'HikariDataSource (HikariPool-1)']
	Database driver: undefined/unknown
	Database version: 8.0.33
	Autocommit mode: undefined/unknown
	Isolation level: undefined/unknown
	Minimum pool size: undefined/unknown
	Maximum pool size: undefined/unknown
2026-03-16 11:02:30.683 [main] INFO  o.h.e.t.j.p.i.JtaPlatformInitiator [] - HHH000489: No JTA platform available (set 'hibernate.transaction.jta.platform' to enable JTA platform integration)
2026-03-16 11:02:31.049 [main] INFO  o.s.o.j.LocalContainerEntityManagerFactoryBean [] - Initialized JPA EntityManagerFactory for persistence unit 'default'
2026-03-16 11:02:32.206 [main] INFO  o.s.d.j.r.query.QueryEnhancerFactory [] - Hibernate is in classpath; If applicable, HQL parser will be used.
2026-03-16 11:02:37.066 [main] INFO  o.s.s.c.a.a.c.InitializeUserDetailsBeanManagerConfigurer$InitializeUserDetailsManagerConfigurer [] - Global AuthenticationManager configured with UserDetailsService bean with name userDetailsServiceImpl
2026-03-16 11:02:37.414 [main] WARN  o.s.b.a.o.j.JpaBaseConfiguration$JpaWebConfiguration [] - spring.jpa.open-in-view is enabled by default. Therefore, database queries may be performed during view rendering. Explicitly configure spring.jpa.open-in-view to disable this warning
2026-03-16 11:02:38.877 [main] INFO  o.s.b.a.e.web.EndpointLinksResolver [] - Exposing 3 endpoints beneath base path '/actuator'
2026-03-16 11:02:40.718 [main] INFO  o.a.coyote.http11.Http11NioProtocol [] - Starting ProtocolHandler ["http-nio-8082"]
2026-03-16 11:02:40.789 [main] INFO  o.s.b.w.e.tomcat.TomcatWebServer [] - Tomcat started on port 8082 (http) with context path '/'
2026-03-16 11:02:40.824 [main] INFO  com.rkt.dms.DmsApplication [] - Started DmsApplication in 37.323 seconds (process running for 41.375)
2026-03-16 11:04:04.367 [http-nio-8082-exec-1] INFO  o.a.c.c.C.[Tomcat].[localhost].[/] [] - Initializing Spring DispatcherServlet 'dispatcherServlet'
2026-03-16 11:04:04.368 [http-nio-8082-exec-1] INFO  o.s.web.servlet.DispatcherServlet [] - Initializing Servlet 'dispatcherServlet'
2026-03-16 11:04:04.371 [http-nio-8082-exec-1] INFO  o.s.web.servlet.DispatcherServlet [] - Completed initialization in 3 ms
2026-03-16 11:04:04.612 [http-nio-8082-exec-2] ERROR o.a.c.c.C.[.[.[.[dispatcherServlet] [] - Servlet.service() for servlet [dispatcherServlet] in context with path [] threw exception
org.springframework.security.authentication.AuthenticationServiceException: Token expired
	at com.rkt.dms.jwt.filter.JwtFilter.doFilterInternal(JwtFilter.java:88)
	at org.springframework.web.filter.OncePerRequestFilter.doFilter(OncePerRequestFilter.java:116)
	at org.springframework.security.web.ObservationFilterChainDecorator$ObservationFilter.wrapFilter(ObservationFilterChainDecorator.java:240)
	at org.springframework.security.web.ObservationFilterChainDecorator$ObservationFilter.doFilter(ObservationFilterChainDecorator.java:227)
	at org.springframework.security.web.ObservationFilterChainDecorator$VirtualFilterChain.doFilter(ObservationFilterChainDecorator.java:137)
	at com.rkt.dms.audit.RequestAuditFilter.doFilterInternal(RequestAuditFilter.java:52)
	at org.springframework.web.filter.OncePerRequestFilter.doFilter(OncePerRequestFilter.java:116)
	at org.springframework.security.web.ObservationFilterChainDecorator$ObservationFilter.wrapFilter(ObservationFilterChainDecorator.java:240)
	at org.springframework.security.web.ObservationFilterChainDecorator$ObservationFilter.doFilter(ObservationFilterChainDecorator.java:227)
	at org.springframework.security.web.ObservationFilterChainDecorator$VirtualFilterChain.doFilter(ObservationFilterChainDecorator.java:137)
	at org.springframework.security.web.authentication.logout.LogoutFilter.doFilter(LogoutFilter.java:107)
	at org.springframework.security.web.authentication.logout.LogoutFilter.doFilter(LogoutFilter.java:93)
	at org.springframework.security.web.ObservationFilterChainDecorator$ObservationFilter.wrapFilter(ObservationFilterChainDecorator.java:240)
	at org.springframework.security.web.ObservationFilterChainDecorator$ObservationFilter.doFilter(ObservationFilterChainDecorator.java:227)
	at org.springframework.security.web.ObservationFilterChainDecorator$VirtualFilterChain.doFilter(ObservationFilterChainDecorator.java:137)
	at org.springframework.web.filter.CorsFilter.doFilterInternal(CorsFilter.java:91)
	at org.springframework.web.filter.OncePerRequestFilter.doFilter(OncePerRequestFilter.java:116)
	at org.springframework.security.web.ObservationFilterChainDecorator$ObservationFilter.wrapFilter(ObservationFilterChainDecorator.java:240)
	at org.springframework.security.web.ObservationFilterChainDecorator$ObservationFilter.doFilter(ObservationFilterChainDecorator.java:227)
	at org.springframework.security.web.ObservationFilterChainDecorator$VirtualFilterChain.doFilter(ObservationFilterChainDecorator.java:137)
	at org.springframework.security.web.header.HeaderWriterFilter.doHeadersAfter(HeaderWriterFilter.java:90)
	at org.springframework.security.web.header.HeaderWriterFilter.doFilterInternal(HeaderWriterFilter.java:75)
	at org.springframework.web.filter.OncePerRequestFilter.doFilter(OncePerRequestFilter.java:116)
	at org.springframework.security.web.ObservationFilterChainDecorator$ObservationFilter.wrapFilter(ObservationFilterChainDecorator.java:240)
	at org.springframework.security.web.ObservationFilterChainDecorator$ObservationFilter.doFilter(ObservationFilterChainDecorator.java:227)
	at org.springframework.security.web.ObservationFilterChainDecorator$VirtualFilterChain.doFilter(ObservationFilterChainDecorator.java:137)
	at org.springframework.security.web.context.SecurityContextHolderFilter.doFilter(SecurityContextHolderFilter.java:82)
	at org.springframework.security.web.context.SecurityContextHolderFilter.doFilter(SecurityContextHolderFilter.java:69)
	at org.springframework.security.web.ObservationFilterChainDecorator$ObservationFilter.wrapFilter(ObservationFilterChainDecorator.java:240)
	at org.springframework.security.web.ObservationFilterChainDecorator$ObservationFilter.doFilter(ObservationFilterChainDecorator.java:227)
	at org.springframework.security.web.ObservationFilterChainDecorator$VirtualFilterChain.doFilter(ObservationFilterChainDecorator.java:137)
	at org.springframework.security.web.context.request.async.WebAsyncManagerIntegrationFilter.doFilterInternal(WebAsyncManagerIntegrationFilter.java:62)
	at org.springframework.web.filter.OncePerRequestFilter.doFilter(OncePerRequestFilter.java:116)
	at org.springframework.security.web.ObservationFilterChainDecorator$ObservationFilter.wrapFilter(ObservationFilterChainDecorator.java:240)
	at org.springframework.security.web.ObservationFilterChainDecorator$ObservationFilter.doFilter(ObservationFilterChainDecorator.java:227)
	at org.springframework.security.web.ObservationFilterChainDecorator$VirtualFilterChain.doFilter(ObservationFilterChainDecorator.java:137)
	at org.springframework.security.web.session.DisableEncodeUrlFilter.doFilterInternal(DisableEncodeUrlFilter.java:42)
	at org.springframework.web.filter.OncePerRequestFilter.doFilter(OncePerRequestFilter.java:116)
	at org.springframework.security.web.ObservationFilterChainDecorator$ObservationFilter.wrapFilter(ObservationFilterChainDecorator.java:240)
	at org.springframework.security.web.ObservationFilterChainDecorator$AroundFilterObservation$SimpleAroundFilterObservation.lambda$wrap$0(ObservationFilterChainDecorator.java:323)
	at org.springframework.security.web.ObservationFilterChainDecorator$ObservationFilter.doFilter(ObservationFilterChainDecorator.java:224)
	at org.springframework.security.web.ObservationFilterChainDecorator$VirtualFilterChain.doFilter(ObservationFilterChainDecorator.java:137)
	at org.springframework.security.web.FilterChainProxy.doFilterInternal(FilterChainProxy.java:233)
	at org.springframework.security.web.FilterChainProxy.doFilter(FilterChainProxy.java:191)
	at org.springframework.web.filter.CompositeFilter$VirtualFilterChain.doFilter(CompositeFilter.java:113)
	at org.springframework.web.servlet.handler.HandlerMappingIntrospector.lambda$createCacheFilter$3(HandlerMappingIntrospector.java:243)
	at org.springframework.web.filter.CompositeFilter$VirtualFilterChain.doFilter(CompositeFilter.java:113)
	at org.springframework.web.filter.CompositeFilter.doFilter(CompositeFilter.java:74)
	at org.springframework.security.config.annotation.web.configuration.WebMvcSecurityConfiguration$CompositeFilterChainProxy.doFilter(WebMvcSecurityConfiguration.java:238)
	at org.springframework.web.filter.DelegatingFilterProxy.invokeDelegate(DelegatingFilterProxy.java:362)
	at org.springframework.web.filter.DelegatingFilterProxy.doFilter(DelegatingFilterProxy.java:278)
	at org.apache.catalina.core.ApplicationFilterChain.internalDoFilter(ApplicationFilterChain.java:164)
	at org.apache.catalina.core.ApplicationFilterChain.doFilter(ApplicationFilterChain.java:140)
	at org.springframework.web.filter.RequestContextFilter.doFilterInternal(RequestContextFilter.java:100)
	at org.springframework.web.filter.OncePerRequestFilter.doFilter(OncePerRequestFilter.java:116)
	at org.apache.catalina.core.ApplicationFilterChain.internalDoFilter(ApplicationFilterChain.java:164)
	at org.apache.catalina.core.ApplicationFilterChain.doFilter(ApplicationFilterChain.java:140)
	at org.springframework.web.filter.FormContentFilter.doFilterInternal(FormContentFilter.java:93)
	at org.springframework.web.filter.OncePerRequestFilter.doFilter(OncePerRequestFilter.java:116)
	at org.apache.catalina.core.ApplicationFilterChain.internalDoFilter(ApplicationFilterChain.java:164)
	at org.apache.catalina.core.ApplicationFilterChain.doFilter(ApplicationFilterChain.java:140)
	at org.springframework.web.filter.ServerHttpObservationFilter.doFilterInternal(ServerHttpObservationFilter.java:114)
	at org.springframework.web.filter.OncePerRequestFilter.doFilter(OncePerRequestFilter.java:116)
	at org.apache.catalina.core.ApplicationFilterChain.internalDoFilter(ApplicationFilterChain.java:164)
	at org.apache.catalina.core.ApplicationFilterChain.doFilter(ApplicationFilterChain.java:140)
	at org.springframework.web.filter.CharacterEncodingFilter.doFilterInternal(CharacterEncodingFilter.java:201)
	at org.springframework.web.filter.OncePerRequestFilter.doFilter(OncePerRequestFilter.java:116)
	at org.apache.catalina.core.ApplicationFilterChain.internalDoFilter(ApplicationFilterChain.java:164)
	at org.apache.catalina.core.ApplicationFilterChain.doFilter(ApplicationFilterChain.java:140)
	at org.apache.catalina.core.StandardWrapperValve.invoke(StandardWrapperValve.java:167)
	at org.apache.catalina.core.StandardContextValve.invoke(StandardContextValve.java:90)
	at org.apache.catalina.authenticator.AuthenticatorBase.invoke(AuthenticatorBase.java:483)
	at org.apache.catalina.core.StandardHostValve.invoke(StandardHostValve.java:115)
	at org.apache.catalina.valves.ErrorReportValve.invoke(ErrorReportValve.java:93)
	at org.apache.catalina.core.StandardEngineValve.invoke(StandardEngineValve.java:74)
	at org.apache.catalina.connector.CoyoteAdapter.service(CoyoteAdapter.java:344)
	at org.apache.coyote.http11.Http11Processor.service(Http11Processor.java:397)
	at org.apache.coyote.AbstractProcessorLight.process(AbstractProcessorLight.java:63)
	at org.apache.coyote.AbstractProtocol$ConnectionHandler.process(AbstractProtocol.java:905)
	at org.apache.tomcat.util.net.NioEndpoint$SocketProcessor.doRun(NioEndpoint.java:1741)
	at org.apache.tomcat.util.net.SocketProcessorBase.run(SocketProcessorBase.java:52)
	at org.apache.tomcat.util.threads.ThreadPoolExecutor.runWorker(ThreadPoolExecutor.java:1190)
	at org.apache.tomcat.util.threads.ThreadPoolExecutor$Worker.run(ThreadPoolExecutor.java:659)
	at org.apache.tomcat.util.threads.TaskThread$WrappingRunnable.run(TaskThread.java:63)
	at java.base/java.lang.Thread.run(Thread.java:1583)
Caused by: io.jsonwebtoken.ExpiredJwtException: JWT expired at 2026-03-14T10:03:27Z. Current time: 2026-03-16T05:34:04Z, a difference of 156637606 milliseconds.  Allowed clock skew: 0 milliseconds.
	at io.jsonwebtoken.impl.DefaultJwtParser.parse(DefaultJwtParser.java:427)
	at io.jsonwebtoken.impl.DefaultJwtParser.parse(DefaultJwtParser.java:529)
	at io.jsonwebtoken.impl.DefaultJwtParser.parseClaimsJws(DefaultJwtParser.java:589)
	at io.jsonwebtoken.impl.ImmutableJwtParser.parseClaimsJws(ImmutableJwtParser.java:173)
	at com.rkt.dms.jwt.utilis.JwtUtil.extractAllClaims(JwtUtil.java:98)
	at com.rkt.dms.jwt.utilis.JwtUtil.isTokenExpired(JwtUtil.java:110)
	at com.rkt.dms.jwt.utilis.JwtUtil.validateToken(JwtUtil.java:105)
	at com.rkt.dms.jwt.filter.JwtFilter.doFilterInternal(JwtFilter.java:50)
	... 84 common frames omitted
2026-03-16 11:05:02.226 [http-nio-8082-exec-6] WARN  o.s.web.servlet.PageNotFound [742234a8-4d0e-414c-bbc5-8e85cd467d30] - No mapping for GET /project-files
2026-03-16 11:05:07.819 [http-nio-8082-exec-2] WARN  o.s.web.servlet.PageNotFound [4fd7e6d6-78ae-4d19-b840-4d6fe2c04aad] - No mapping for GET /project-files
2026-03-16 11:05:32.760 [http-nio-8082-exec-7] WARN  o.s.web.servlet.PageNotFound [d1454321-de6a-40a7-87f1-fa50f7ac2e21] - No mapping for GET /project-files
2026-03-16 11:16:23.108 [http-nio-8082-exec-1] ERROR o.a.c.c.C.[.[.[.[dispatcherServlet] [] - Servlet.service() for servlet [dispatcherServlet] in context with path [] threw exception
org.springframework.security.authentication.AuthenticationServiceException: Token expired
	at com.rkt.dms.jwt.filter.JwtFilter.doFilterInternal(JwtFilter.java:88)
	at org.springframework.web.filter.OncePerRequestFilter.doFilter(OncePerRequestFilter.java:116)
	at org.springframework.security.web.ObservationFilterChainDecorator$ObservationFilter.wrapFilter(ObservationFilterChainDecorator.java:240)
	at org.springframework.security.web.ObservationFilterChainDecorator$ObservationFilter.doFilter(ObservationFilterChainDecorator.java:227)
	at org.springframework.security.web.ObservationFilterChainDecorator$VirtualFilterChain.doFilter(ObservationFilterChainDecorator.java:137)
	at com.rkt.dms.audit.RequestAuditFilter.doFilterInternal(RequestAuditFilter.java:52)
	at org.springframework.web.filter.OncePerRequestFilter.doFilter(OncePerRequestFilter.java:116)
	at org.springframework.security.web.ObservationFilterChainDecorator$ObservationFilter.wrapFilter(ObservationFilterChainDecorator.java:240)
	at org.springframework.security.web.ObservationFilterChainDecorator$ObservationFilter.doFilter(ObservationFilterChainDecorator.java:227)
	at org.springframework.security.web.ObservationFilterChainDecorator$VirtualFilterChain.doFilter(ObservationFilterChainDecorator.java:137)
	at org.springframework.security.web.authentication.logout.LogoutFilter.doFilter(LogoutFilter.java:107)
	at org.springframework.security.web.authentication.logout.LogoutFilter.doFilter(LogoutFilter.java:93)
	at org.springframework.security.web.ObservationFilterChainDecorator$ObservationFilter.wrapFilter(ObservationFilterChainDecorator.java:240)
	at org.springframework.security.web.ObservationFilterChainDecorator$ObservationFilter.doFilter(ObservationFilterChainDecorator.java:227)
	at org.springframework.security.web.ObservationFilterChainDecorator$VirtualFilterChain.doFilter(ObservationFilterChainDecorator.java:137)
	at org.springframework.web.filter.CorsFilter.doFilterInternal(CorsFilter.java:91)
	at org.springframework.web.filter.OncePerRequestFilter.doFilter(OncePerRequestFilter.java:116)
	at org.springframework.security.web.ObservationFilterChainDecorator$ObservationFilter.wrapFilter(ObservationFilterChainDecorator.java:240)
	at org.springframework.security.web.ObservationFilterChainDecorator$ObservationFilter.doFilter(ObservationFilterChainDecorator.java:227)
	at org.springframework.security.web.ObservationFilterChainDecorator$VirtualFilterChain.doFilter(ObservationFilterChainDecorator.java:137)
	at org.springframework.security.web.header.HeaderWriterFilter.doHeadersAfter(HeaderWriterFilter.java:90)
	at org.springframework.security.web.header.HeaderWriterFilter.doFilterInternal(HeaderWriterFilter.java:75)
	at org.springframework.web.filter.OncePerRequestFilter.doFilter(OncePerRequestFilter.java:116)
	at org.springframework.security.web.ObservationFilterChainDecorator$ObservationFilter.wrapFilter(ObservationFilterChainDecorator.java:240)
	at org.springframework.security.web.ObservationFilterChainDecorator$ObservationFilter.doFilter(ObservationFilterChainDecorator.java:227)
	at org.springframework.security.web.ObservationFilterChainDecorator$VirtualFilterChain.doFilter(ObservationFilterChainDecorator.java:137)
	at org.springframework.security.web.context.SecurityContextHolderFilter.doFilter(SecurityContextHolderFilter.java:82)
	at org.springframework.security.web.context.SecurityContextHolderFilter.doFilter(SecurityContextHolderFilter.java:69)
	at org.springframework.security.web.ObservationFilterChainDecorator$ObservationFilter.wrapFilter(ObservationFilterChainDecorator.java:240)
	at org.springframework.security.web.ObservationFilterChainDecorator$ObservationFilter.doFilter(ObservationFilterChainDecorator.java:227)
	at org.springframework.security.web.ObservationFilterChainDecorator$VirtualFilterChain.doFilter(ObservationFilterChainDecorator.java:137)
	at org.springframework.security.web.context.request.async.WebAsyncManagerIntegrationFilter.doFilterInternal(WebAsyncManagerIntegrationFilter.java:62)
	at org.springframework.web.filter.OncePerRequestFilter.doFilter(OncePerRequestFilter.java:116)
	at org.springframework.security.web.ObservationFilterChainDecorator$ObservationFilter.wrapFilter(ObservationFilterChainDecorator.java:240)
	at org.springframework.security.web.ObservationFilterChainDecorator$ObservationFilter.doFilter(ObservationFilterChainDecorator.java:227)
	at org.springframework.security.web.ObservationFilterChainDecorator$VirtualFilterChain.doFilter(ObservationFilterChainDecorator.java:137)
	at org.springframework.security.web.session.DisableEncodeUrlFilter.doFilterInternal(DisableEncodeUrlFilter.java:42)
	at org.springframework.web.filter.OncePerRequestFilter.doFilter(OncePerRequestFilter.java:116)
	at org.springframework.security.web.ObservationFilterChainDecorator$ObservationFilter.wrapFilter(ObservationFilterChainDecorator.java:240)
	at org.springframework.security.web.ObservationFilterChainDecorator$AroundFilterObservation$SimpleAroundFilterObservation.lambda$wrap$0(ObservationFilterChainDecorator.java:323)
	at org.springframework.security.web.ObservationFilterChainDecorator$ObservationFilter.doFilter(ObservationFilterChainDecorator.java:224)
	at org.springframework.security.web.ObservationFilterChainDecorator$VirtualFilterChain.doFilter(ObservationFilterChainDecorator.java:137)
	at org.springframework.security.web.FilterChainProxy.doFilterInternal(FilterChainProxy.java:233)
	at org.springframework.security.web.FilterChainProxy.doFilter(FilterChainProxy.java:191)
	at org.springframework.web.filter.CompositeFilter$VirtualFilterChain.doFilter(CompositeFilter.java:113)
	at org.springframework.web.servlet.handler.HandlerMappingIntrospector.lambda$createCacheFilter$3(HandlerMappingIntrospector.java:243)
	at org.springframework.web.filter.CompositeFilter$VirtualFilterChain.doFilter(CompositeFilter.java:113)
	at org.springframework.web.filter.CompositeFilter.doFilter(CompositeFilter.java:74)
	at org.springframework.security.config.annotation.web.configuration.WebMvcSecurityConfiguration$CompositeFilterChainProxy.doFilter(WebMvcSecurityConfiguration.java:238)
	at org.springframework.web.filter.DelegatingFilterProxy.invokeDelegate(DelegatingFilterProxy.java:362)
	at org.springframework.web.filter.DelegatingFilterProxy.doFilter(DelegatingFilterProxy.java:278)
	at org.apache.catalina.core.ApplicationFilterChain.internalDoFilter(ApplicationFilterChain.java:164)
	at org.apache.catalina.core.ApplicationFilterChain.doFilter(ApplicationFilterChain.java:140)
	at org.springframework.web.filter.RequestContextFilter.doFilterInternal(RequestContextFilter.java:100)
	at org.springframework.web.filter.OncePerRequestFilter.doFilter(OncePerRequestFilter.java:116)
	at org.apache.catalina.core.ApplicationFilterChain.internalDoFilter(ApplicationFilterChain.java:164)
	at org.apache.catalina.core.ApplicationFilterChain.doFilter(ApplicationFilterChain.java:140)
	at org.springframework.web.filter.FormContentFilter.doFilterInternal(FormContentFilter.java:93)
	at org.springframework.web.filter.OncePerRequestFilter.doFilter(OncePerRequestFilter.java:116)
	at org.apache.catalina.core.ApplicationFilterChain.internalDoFilter(ApplicationFilterChain.java:164)
	at org.apache.catalina.core.ApplicationFilterChain.doFilter(ApplicationFilterChain.java:140)
	at org.springframework.web.filter.ServerHttpObservationFilter.doFilterInternal(ServerHttpObservationFilter.java:114)
	at org.springframework.web.filter.OncePerRequestFilter.doFilter(OncePerRequestFilter.java:116)
	at org.apache.catalina.core.ApplicationFilterChain.internalDoFilter(ApplicationFilterChain.java:164)
	at org.apache.catalina.core.ApplicationFilterChain.doFilter(ApplicationFilterChain.java:140)
	at org.springframework.web.filter.CharacterEncodingFilter.doFilterInternal(CharacterEncodingFilter.java:201)
	at org.springframework.web.filter.OncePerRequestFilter.doFilter(OncePerRequestFilter.java:116)
	at org.apache.catalina.core.ApplicationFilterChain.internalDoFilter(ApplicationFilterChain.java:164)
	at org.apache.catalina.core.ApplicationFilterChain.doFilter(ApplicationFilterChain.java:140)
	at org.apache.catalina.core.StandardWrapperValve.invoke(StandardWrapperValve.java:167)
	at org.apache.catalina.core.StandardContextValve.invoke(StandardContextValve.java:90)
	at org.apache.catalina.authenticator.AuthenticatorBase.invoke(AuthenticatorBase.java:483)
	at org.apache.catalina.core.StandardHostValve.invoke(StandardHostValve.java:115)
	at org.apache.catalina.valves.ErrorReportValve.invoke(ErrorReportValve.java:93)
	at org.apache.catalina.core.StandardEngineValve.invoke(StandardEngineValve.java:74)
	at org.apache.catalina.connector.CoyoteAdapter.service(CoyoteAdapter.java:344)
	at org.apache.coyote.http11.Http11Processor.service(Http11Processor.java:397)
	at org.apache.coyote.AbstractProcessorLight.process(AbstractProcessorLight.java:63)
	at org.apache.coyote.AbstractProtocol$ConnectionHandler.process(AbstractProtocol.java:905)
	at org.apache.tomcat.util.net.NioEndpoint$SocketProcessor.doRun(NioEndpoint.java:1741)
	at org.apache.tomcat.util.net.SocketProcessorBase.run(SocketProcessorBase.java:52)
	at org.apache.tomcat.util.threads.ThreadPoolExecutor.runWorker(ThreadPoolExecutor.java:1190)
	at org.apache.tomcat.util.threads.ThreadPoolExecutor$Worker.run(ThreadPoolExecutor.java:659)
	at org.apache.tomcat.util.threads.TaskThread$WrappingRunnable.run(TaskThread.java:63)
	at java.base/java.lang.Thread.run(Thread.java:1583)
Caused by: io.jsonwebtoken.ExpiredJwtException: JWT expired at 2026-03-15T19:29:47Z. Current time: 2026-03-16T05:46:23Z, a difference of 36996105 milliseconds.  Allowed clock skew: 0 milliseconds.
	at io.jsonwebtoken.impl.DefaultJwtParser.parse(DefaultJwtParser.java:427)
	at io.jsonwebtoken.impl.DefaultJwtParser.parse(DefaultJwtParser.java:529)
	at io.jsonwebtoken.impl.DefaultJwtParser.parseClaimsJws(DefaultJwtParser.java:589)
	at io.jsonwebtoken.impl.ImmutableJwtParser.parseClaimsJws(ImmutableJwtParser.java:173)
	at com.rkt.dms.jwt.utilis.JwtUtil.extractAllClaims(JwtUtil.java:98)
	at com.rkt.dms.jwt.utilis.JwtUtil.isTokenExpired(JwtUtil.java:110)
	at com.rkt.dms.jwt.utilis.JwtUtil.validateToken(JwtUtil.java:105)
	at com.rkt.dms.jwt.filter.JwtFilter.doFilterInternal(JwtFilter.java:50)
	... 84 common frames omitted
2026-03-16 11:17:56.537 [http-nio-8082-exec-9] WARN  o.s.web.servlet.PageNotFound [1573a0ed-4947-4014-a170-1772ea8bd7eb] - No mapping for GET /project-files
2026-03-16 11:18:08.708 [http-nio-8082-exec-3] WARN  o.s.web.servlet.PageNotFound [7862078d-196c-46c2-b0bd-5d15a64b9039] - No mapping for GET /project-files
2026-03-16 11:19:30.350 [http-nio-8082-exec-7] WARN  o.s.web.servlet.PageNotFound [e167a392-0e1d-4a81-ba95-a3f1836e4010] - No mapping for GET /project-files
2026-03-16 11:20:28.224 [background-preinit] INFO  o.h.validator.internal.util.Version [] - HV000001: Hibernate Validator 8.0.2.Final
2026-03-16 11:20:28.299 [main] INFO  com.rkt.dms.DmsApplication [] - Starting DmsApplication using Java 21.0.8 with PID 14536 (C:\Users\shashi.rai\Desktop\Projects\DMS\DMS-Backend\target\classes started by shashi.rai in C:\Users\shashi.rai\Desktop\Projects\DMS\DMS-Backend)
2026-03-16 11:20:28.300 [main] INFO  com.rkt.dms.DmsApplication [] - The following 1 profile is active: "dev"
2026-03-16 11:20:30.092 [main] INFO  o.s.d.r.c.RepositoryConfigurationDelegate [] - Bootstrapping Spring Data JPA repositories in DEFAULT mode.
2026-03-16 11:20:30.313 [main] INFO  o.s.d.r.c.RepositoryConfigurationDelegate [] - Finished Spring Data repository scanning in 209 ms. Found 17 JPA repository interfaces.
2026-03-16 11:20:31.807 [main] INFO  o.s.b.w.e.tomcat.TomcatWebServer [] - Tomcat initialized with port 8082 (http)
2026-03-16 11:20:31.830 [main] INFO  o.a.coyote.http11.Http11NioProtocol [] - Initializing ProtocolHandler ["http-nio-8082"]
2026-03-16 11:20:31.838 [main] INFO  o.a.catalina.core.StandardService [] - Starting service [Tomcat]
2026-03-16 11:20:31.839 [main] INFO  o.a.catalina.core.StandardEngine [] - Starting Servlet engine: [Apache Tomcat/10.1.34]
2026-03-16 11:20:31.970 [main] INFO  o.a.c.c.C.[Tomcat].[localhost].[/] [] - Initializing Spring embedded WebApplicationContext
2026-03-16 11:20:31.972 [main] INFO  o.s.b.w.s.c.ServletWebServerApplicationContext [] - Root WebApplicationContext: initialization completed in 3601 ms
2026-03-16 11:20:32.556 [main] INFO  o.h.jpa.internal.util.LogHelper [] - HHH000204: Processing PersistenceUnitInfo [name: default]
2026-03-16 11:20:32.654 [main] INFO  org.hibernate.Version [] - HHH000412: Hibernate ORM core version 6.6.4.Final
2026-03-16 11:20:32.725 [main] INFO  o.h.c.i.RegionFactoryInitiator [] - HHH000026: Second-level cache disabled
2026-03-16 11:20:33.264 [main] INFO  o.s.o.j.p.SpringPersistenceUnitInfo [] - No LoadTimeWeaver setup: ignoring JPA class transformer
2026-03-16 11:20:33.329 [main] INFO  com.zaxxer.hikari.HikariDataSource [] - HikariPool-1 - Starting...
2026-03-16 11:20:33.924 [main] INFO  com.zaxxer.hikari.pool.HikariPool [] - HikariPool-1 - Added connection com.mysql.cj.jdbc.ConnectionImpl@29d81c22
2026-03-16 11:20:33.930 [main] INFO  com.zaxxer.hikari.HikariDataSource [] - HikariPool-1 - Start completed.
2026-03-16 11:20:34.011 [main] WARN  org.hibernate.orm.deprecation [] - HHH90000025: MySQLDialect does not need to be specified explicitly using 'hibernate.dialect' (remove the property setting and it will be selected by default)
2026-03-16 11:20:34.032 [main] INFO  o.hibernate.orm.connections.pooling [] - HHH10001005: Database info:
	Database JDBC URL [Connecting through datasource 'HikariDataSource (HikariPool-1)']
	Database driver: undefined/unknown
	Database version: 8.0.33
	Autocommit mode: undefined/unknown
	Isolation level: undefined/unknown
	Minimum pool size: undefined/unknown
	Maximum pool size: undefined/unknown
2026-03-16 11:20:36.255 [main] INFO  o.h.e.t.j.p.i.JtaPlatformInitiator [] - HHH000489: No JTA platform available (set 'hibernate.transaction.jta.platform' to enable JTA platform integration)
2026-03-16 11:20:36.525 [main] INFO  o.s.o.j.LocalContainerEntityManagerFactoryBean [] - Initialized JPA EntityManagerFactory for persistence unit 'default'
2026-03-16 11:20:37.305 [main] INFO  o.s.d.j.r.query.QueryEnhancerFactory [] - Hibernate is in classpath; If applicable, HQL parser will be used.
2026-03-16 11:20:40.386 [main] INFO  o.s.s.c.a.a.c.InitializeUserDetailsBeanManagerConfigurer$InitializeUserDetailsManagerConfigurer [] - Global AuthenticationManager configured with UserDetailsService bean with name userDetailsServiceImpl
2026-03-16 11:20:40.554 [main] WARN  o.s.b.a.o.j.JpaBaseConfiguration$JpaWebConfiguration [] - spring.jpa.open-in-view is enabled by default. Therefore, database queries may be performed during view rendering. Explicitly configure spring.jpa.open-in-view to disable this warning
2026-03-16 11:20:41.421 [main] INFO  o.s.b.a.e.web.EndpointLinksResolver [] - Exposing 3 endpoints beneath base path '/actuator'
2026-03-16 11:20:42.563 [main] INFO  o.a.coyote.http11.Http11NioProtocol [] - Starting ProtocolHandler ["http-nio-8082"]
2026-03-16 11:20:42.620 [main] INFO  o.s.b.w.e.tomcat.TomcatWebServer [] - Tomcat started on port 8082 (http) with context path '/'
2026-03-16 11:20:42.643 [main] INFO  com.rkt.dms.DmsApplication [] - Started DmsApplication in 14.936 seconds (process running for 15.946)
2026-03-16 11:21:18.077 [http-nio-8082-exec-1] INFO  o.a.c.c.C.[Tomcat].[localhost].[/] [] - Initializing Spring DispatcherServlet 'dispatcherServlet'
2026-03-16 11:21:18.078 [http-nio-8082-exec-1] INFO  o.s.web.servlet.DispatcherServlet [] - Initializing Servlet 'dispatcherServlet'
2026-03-16 11:21:18.080 [http-nio-8082-exec-1] INFO  o.s.web.servlet.DispatcherServlet [] - Completed initialization in 2 ms
2026-03-16 11:36:13.793 [http-nio-8082-exec-10] WARN  o.s.web.servlet.PageNotFound [6a59ff6c-7868-4754-9021-89e1549495c1] - No mapping for GET /project-files
2026-03-16 11:38:46.356 [background-preinit] INFO  o.h.validator.internal.util.Version [] - HV000001: Hibernate Validator 8.0.2.Final
2026-03-16 11:38:46.427 [main] INFO  com.rkt.dms.DmsApplication [] - Starting DmsApplication using Java 21.0.8 with PID 19696 (C:\Users\shashi.rai\Desktop\Projects\DMS\DMS-Backend\target\classes started by shashi.rai in C:\Users\shashi.rai\Desktop\Projects\DMS\DMS-Backend)
2026-03-16 11:38:46.429 [main] INFO  com.rkt.dms.DmsApplication [] - The following 1 profile is active: "dev"
2026-03-16 11:38:48.281 [main] INFO  o.s.d.r.c.RepositoryConfigurationDelegate [] - Bootstrapping Spring Data JPA repositories in DEFAULT mode.
2026-03-16 11:38:48.462 [main] INFO  o.s.d.r.c.RepositoryConfigurationDelegate [] - Finished Spring Data repository scanning in 169 ms. Found 17 JPA repository interfaces.
2026-03-16 11:38:50.280 [main] INFO  o.s.b.w.e.tomcat.TomcatWebServer [] - Tomcat initialized with port 8082 (http)
2026-03-16 11:38:50.308 [main] INFO  o.a.coyote.http11.Http11NioProtocol [] - Initializing ProtocolHandler ["http-nio-8082"]
2026-03-16 11:38:50.313 [main] INFO  o.a.catalina.core.StandardService [] - Starting service [Tomcat]
2026-03-16 11:38:50.314 [main] INFO  o.a.catalina.core.StandardEngine [] - Starting Servlet engine: [Apache Tomcat/10.1.34]
2026-03-16 11:38:50.458 [main] INFO  o.a.c.c.C.[Tomcat].[localhost].[/] [] - Initializing Spring embedded WebApplicationContext
2026-03-16 11:38:50.459 [main] INFO  o.s.b.w.s.c.ServletWebServerApplicationContext [] - Root WebApplicationContext: initialization completed in 3946 ms
2026-03-16 11:38:51.365 [main] INFO  o.h.jpa.internal.util.LogHelper [] - HHH000204: Processing PersistenceUnitInfo [name: default]
2026-03-16 11:38:51.550 [main] INFO  org.hibernate.Version [] - HHH000412: Hibernate ORM core version 6.6.4.Final
2026-03-16 11:38:51.677 [main] INFO  o.h.c.i.RegionFactoryInitiator [] - HHH000026: Second-level cache disabled
2026-03-16 11:38:52.409 [main] INFO  o.s.o.j.p.SpringPersistenceUnitInfo [] - No LoadTimeWeaver setup: ignoring JPA class transformer
2026-03-16 11:38:52.490 [main] INFO  com.zaxxer.hikari.HikariDataSource [] - HikariPool-1 - Starting...
2026-03-16 11:38:59.316 [main] INFO  com.zaxxer.hikari.pool.HikariPool [] - HikariPool-1 - Added connection com.mysql.cj.jdbc.ConnectionImpl@7282f7b1
2026-03-16 11:38:59.320 [main] INFO  com.zaxxer.hikari.HikariDataSource [] - HikariPool-1 - Start completed.
2026-03-16 11:38:59.444 [main] WARN  org.hibernate.orm.deprecation [] - HHH90000025: MySQLDialect does not need to be specified explicitly using 'hibernate.dialect' (remove the property setting and it will be selected by default)
2026-03-16 11:38:59.526 [main] INFO  o.hibernate.orm.connections.pooling [] - HHH10001005: Database info:
	Database JDBC URL [Connecting through datasource 'HikariDataSource (HikariPool-1)']
	Database driver: undefined/unknown
	Database version: 8.0.33
	Autocommit mode: undefined/unknown
	Isolation level: undefined/unknown
	Minimum pool size: undefined/unknown
	Maximum pool size: undefined/unknown
2026-03-16 11:39:03.832 [main] INFO  o.h.e.t.j.p.i.JtaPlatformInitiator [] - HHH000489: No JTA platform available (set 'hibernate.transaction.jta.platform' to enable JTA platform integration)
2026-03-16 11:39:04.620 [main] INFO  o.s.o.j.LocalContainerEntityManagerFactoryBean [] - Initialized JPA EntityManagerFactory for persistence unit 'default'
2026-03-16 11:39:05.630 [main] INFO  o.s.d.j.r.query.QueryEnhancerFactory [] - Hibernate is in classpath; If applicable, HQL parser will be used.
2026-03-16 11:39:09.985 [main] INFO  o.s.s.c.a.a.c.InitializeUserDetailsBeanManagerConfigurer$InitializeUserDetailsManagerConfigurer [] - Global AuthenticationManager configured with UserDetailsService bean with name userDetailsServiceImpl
2026-03-16 11:39:10.557 [main] WARN  o.s.b.a.o.j.JpaBaseConfiguration$JpaWebConfiguration [] - spring.jpa.open-in-view is enabled by default. Therefore, database queries may be performed during view rendering. Explicitly configure spring.jpa.open-in-view to disable this warning
2026-03-16 11:39:11.770 [main] INFO  o.s.b.a.e.web.EndpointLinksResolver [] - Exposing 3 endpoints beneath base path '/actuator'
2026-03-16 11:39:12.939 [main] INFO  o.a.coyote.http11.Http11NioProtocol [] - Starting ProtocolHandler ["http-nio-8082"]
2026-03-16 11:39:12.995 [main] INFO  o.s.b.w.e.tomcat.TomcatWebServer [] - Tomcat started on port 8082 (http) with context path '/'
2026-03-16 11:39:13.034 [main] INFO  com.rkt.dms.DmsApplication [] - Started DmsApplication in 27.117 seconds (process running for 27.945)
2026-03-16 11:39:54.024 [http-nio-8082-exec-1] INFO  o.a.c.c.C.[Tomcat].[localhost].[/] [] - Initializing Spring DispatcherServlet 'dispatcherServlet'
2026-03-16 11:39:54.024 [http-nio-8082-exec-1] INFO  o.s.web.servlet.DispatcherServlet [] - Initializing Servlet 'dispatcherServlet'
2026-03-16 11:39:54.027 [http-nio-8082-exec-1] INFO  o.s.web.servlet.DispatcherServlet [] - Completed initialization in 2 ms
2026-03-16 11:42:06.132 [background-preinit] INFO  o.h.validator.internal.util.Version [] - HV000001: Hibernate Validator 8.0.2.Final
2026-03-16 11:42:06.194 [main] INFO  com.rkt.dms.DmsApplication [] - Starting DmsApplication using Java 21.0.8 with PID 6392 (C:\Users\shashi.rai\Desktop\Projects\DMS\DMS-Backend\target\classes started by shashi.rai in C:\Users\shashi.rai\Desktop\Projects\DMS\DMS-Backend)
2026-03-16 11:42:06.196 [main] INFO  com.rkt.dms.DmsApplication [] - The following 1 profile is active: "dev"
2026-03-16 11:42:07.853 [main] INFO  o.s.d.r.c.RepositoryConfigurationDelegate [] - Bootstrapping Spring Data JPA repositories in DEFAULT mode.
2026-03-16 11:42:08.028 [main] INFO  o.s.d.r.c.RepositoryConfigurationDelegate [] - Finished Spring Data repository scanning in 161 ms. Found 17 JPA repository interfaces.
2026-03-16 11:42:09.369 [main] INFO  o.s.b.w.e.tomcat.TomcatWebServer [] - Tomcat initialized with port 8082 (http)
2026-03-16 11:42:09.389 [main] INFO  o.a.coyote.http11.Http11NioProtocol [] - Initializing ProtocolHandler ["http-nio-8082"]
2026-03-16 11:42:09.394 [main] INFO  o.a.catalina.core.StandardService [] - Starting service [Tomcat]
2026-03-16 11:42:09.395 [main] INFO  o.a.catalina.core.StandardEngine [] - Starting Servlet engine: [Apache Tomcat/10.1.34]
2026-03-16 11:42:09.481 [main] INFO  o.a.c.c.C.[Tomcat].[localhost].[/] [] - Initializing Spring embedded WebApplicationContext
2026-03-16 11:42:09.482 [main] INFO  o.s.b.w.s.c.ServletWebServerApplicationContext [] - Root WebApplicationContext: initialization completed in 3212 ms
2026-03-16 11:42:10.065 [main] INFO  o.h.jpa.internal.util.LogHelper [] - HHH000204: Processing PersistenceUnitInfo [name: default]
2026-03-16 11:42:10.153 [main] INFO  org.hibernate.Version [] - HHH000412: Hibernate ORM core version 6.6.4.Final
2026-03-16 11:42:10.214 [main] INFO  o.h.c.i.RegionFactoryInitiator [] - HHH000026: Second-level cache disabled
2026-03-16 11:42:10.678 [main] INFO  o.s.o.j.p.SpringPersistenceUnitInfo [] - No LoadTimeWeaver setup: ignoring JPA class transformer
2026-03-16 11:42:10.743 [main] INFO  com.zaxxer.hikari.HikariDataSource [] - HikariPool-1 - Starting...
2026-03-16 11:42:12.874 [main] INFO  com.zaxxer.hikari.pool.HikariPool [] - HikariPool-1 - Added connection com.mysql.cj.jdbc.ConnectionImpl@2a191f83
2026-03-16 11:42:12.880 [main] INFO  com.zaxxer.hikari.HikariDataSource [] - HikariPool-1 - Start completed.
2026-03-16 11:42:12.988 [main] WARN  org.hibernate.orm.deprecation [] - HHH90000025: MySQLDialect does not need to be specified explicitly using 'hibernate.dialect' (remove the property setting and it will be selected by default)
2026-03-16 11:42:13.017 [main] INFO  o.hibernate.orm.connections.pooling [] - HHH10001005: Database info:
	Database JDBC URL [Connecting through datasource 'HikariDataSource (HikariPool-1)']
	Database driver: undefined/unknown
	Database version: 8.0.33
	Autocommit mode: undefined/unknown
	Isolation level: undefined/unknown
	Minimum pool size: undefined/unknown
	Maximum pool size: undefined/unknown
2026-03-16 11:42:15.846 [main] INFO  o.h.e.t.j.p.i.JtaPlatformInitiator [] - HHH000489: No JTA platform available (set 'hibernate.transaction.jta.platform' to enable JTA platform integration)
2026-03-16 11:42:16.308 [main] INFO  o.s.o.j.LocalContainerEntityManagerFactoryBean [] - Initialized JPA EntityManagerFactory for persistence unit 'default'
2026-03-16 11:42:16.962 [main] INFO  o.s.d.j.r.query.QueryEnhancerFactory [] - Hibernate is in classpath; If applicable, HQL parser will be used.
2026-03-16 11:42:20.768 [main] INFO  o.s.s.c.a.a.c.InitializeUserDetailsBeanManagerConfigurer$InitializeUserDetailsManagerConfigurer [] - Global AuthenticationManager configured with UserDetailsService bean with name userDetailsServiceImpl
2026-03-16 11:42:20.964 [main] WARN  o.s.b.a.o.j.JpaBaseConfiguration$JpaWebConfiguration [] - spring.jpa.open-in-view is enabled by default. Therefore, database queries may be performed during view rendering. Explicitly configure spring.jpa.open-in-view to disable this warning
2026-03-16 11:42:22.018 [main] INFO  o.s.b.a.e.web.EndpointLinksResolver [] - Exposing 3 endpoints beneath base path '/actuator'
2026-03-16 11:42:23.572 [main] INFO  o.a.coyote.http11.Http11NioProtocol [] - Starting ProtocolHandler ["http-nio-8082"]
2026-03-16 11:42:23.617 [main] INFO  o.s.b.w.e.tomcat.TomcatWebServer [] - Tomcat started on port 8082 (http) with context path '/'
2026-03-16 11:42:23.654 [main] INFO  com.rkt.dms.DmsApplication [] - Started DmsApplication in 17.929 seconds (process running for 18.83)
2026-03-16 11:42:51.549 [http-nio-8082-exec-1] INFO  o.a.c.c.C.[Tomcat].[localhost].[/] [] - Initializing Spring DispatcherServlet 'dispatcherServlet'
2026-03-16 11:42:51.549 [http-nio-8082-exec-1] INFO  o.s.web.servlet.DispatcherServlet [] - Initializing Servlet 'dispatcherServlet'
2026-03-16 11:42:51.552 [http-nio-8082-exec-1] INFO  o.s.web.servlet.DispatcherServlet [] - Completed initialization in 2 ms
2026-03-16 11:42:51.795 [http-nio-8082-exec-1] ERROR o.a.c.c.C.[.[.[.[dispatcherServlet] [] - Servlet.service() for servlet [dispatcherServlet] in context with path [] threw exception
org.springframework.security.authentication.AuthenticationServiceException: Token expired
	at com.rkt.dms.jwt.filter.JwtFilter.doFilterInternal(JwtFilter.java:88)
	at org.springframework.web.filter.OncePerRequestFilter.doFilter(OncePerRequestFilter.java:116)
	at org.springframework.security.web.ObservationFilterChainDecorator$ObservationFilter.wrapFilter(ObservationFilterChainDecorator.java:240)
	at org.springframework.security.web.ObservationFilterChainDecorator$ObservationFilter.doFilter(ObservationFilterChainDecorator.java:227)
	at org.springframework.security.web.ObservationFilterChainDecorator$VirtualFilterChain.doFilter(ObservationFilterChainDecorator.java:137)
	at com.rkt.dms.audit.RequestAuditFilter.doFilterInternal(RequestAuditFilter.java:52)
	at org.springframework.web.filter.OncePerRequestFilter.doFilter(OncePerRequestFilter.java:116)
	at org.springframework.security.web.ObservationFilterChainDecorator$ObservationFilter.wrapFilter(ObservationFilterChainDecorator.java:240)
	at org.springframework.security.web.ObservationFilterChainDecorator$ObservationFilter.doFilter(ObservationFilterChainDecorator.java:227)
	at org.springframework.security.web.ObservationFilterChainDecorator$VirtualFilterChain.doFilter(ObservationFilterChainDecorator.java:137)
	at org.springframework.security.web.authentication.logout.LogoutFilter.doFilter(LogoutFilter.java:107)
	at org.springframework.security.web.authentication.logout.LogoutFilter.doFilter(LogoutFilter.java:93)
	at org.springframework.security.web.ObservationFilterChainDecorator$ObservationFilter.wrapFilter(ObservationFilterChainDecorator.java:240)
	at org.springframework.security.web.ObservationFilterChainDecorator$ObservationFilter.doFilter(ObservationFilterChainDecorator.java:227)
	at org.springframework.security.web.ObservationFilterChainDecorator$VirtualFilterChain.doFilter(ObservationFilterChainDecorator.java:137)
	at org.springframework.web.filter.CorsFilter.doFilterInternal(CorsFilter.java:91)
	at org.springframework.web.filter.OncePerRequestFilter.doFilter(OncePerRequestFilter.java:116)
	at org.springframework.security.web.ObservationFilterChainDecorator$ObservationFilter.wrapFilter(ObservationFilterChainDecorator.java:240)
	at org.springframework.security.web.ObservationFilterChainDecorator$ObservationFilter.doFilter(ObservationFilterChainDecorator.java:227)
	at org.springframework.security.web.ObservationFilterChainDecorator$VirtualFilterChain.doFilter(ObservationFilterChainDecorator.java:137)
	at org.springframework.security.web.header.HeaderWriterFilter.doHeadersAfter(HeaderWriterFilter.java:90)
	at org.springframework.security.web.header.HeaderWriterFilter.doFilterInternal(HeaderWriterFilter.java:75)
	at org.springframework.web.filter.OncePerRequestFilter.doFilter(OncePerRequestFilter.java:116)
	at org.springframework.security.web.ObservationFilterChainDecorator$ObservationFilter.wrapFilter(ObservationFilterChainDecorator.java:240)
	at org.springframework.security.web.ObservationFilterChainDecorator$ObservationFilter.doFilter(ObservationFilterChainDecorator.java:227)
	at org.springframework.security.web.ObservationFilterChainDecorator$VirtualFilterChain.doFilter(ObservationFilterChainDecorator.java:137)
	at org.springframework.security.web.context.SecurityContextHolderFilter.doFilter(SecurityContextHolderFilter.java:82)
	at org.springframework.security.web.context.SecurityContextHolderFilter.doFilter(SecurityContextHolderFilter.java:69)
	at org.springframework.security.web.ObservationFilterChainDecorator$ObservationFilter.wrapFilter(ObservationFilterChainDecorator.java:240)
	at org.springframework.security.web.ObservationFilterChainDecorator$ObservationFilter.doFilter(ObservationFilterChainDecorator.java:227)
	at org.springframework.security.web.ObservationFilterChainDecorator$VirtualFilterChain.doFilter(ObservationFilterChainDecorator.java:137)
	at org.springframework.security.web.context.request.async.WebAsyncManagerIntegrationFilter.doFilterInternal(WebAsyncManagerIntegrationFilter.java:62)
	at org.springframework.web.filter.OncePerRequestFilter.doFilter(OncePerRequestFilter.java:116)
	at org.springframework.security.web.ObservationFilterChainDecorator$ObservationFilter.wrapFilter(ObservationFilterChainDecorator.java:240)
	at org.springframework.security.web.ObservationFilterChainDecorator$ObservationFilter.doFilter(ObservationFilterChainDecorator.java:227)
	at org.springframework.security.web.ObservationFilterChainDecorator$VirtualFilterChain.doFilter(ObservationFilterChainDecorator.java:137)
	at org.springframework.security.web.session.DisableEncodeUrlFilter.doFilterInternal(DisableEncodeUrlFilter.java:42)
	at org.springframework.web.filter.OncePerRequestFilter.doFilter(OncePerRequestFilter.java:116)
	at org.springframework.security.web.ObservationFilterChainDecorator$ObservationFilter.wrapFilter(ObservationFilterChainDecorator.java:240)
	at org.springframework.security.web.ObservationFilterChainDecorator$AroundFilterObservation$SimpleAroundFilterObservation.lambda$wrap$0(ObservationFilterChainDecorator.java:323)
	at org.springframework.security.web.ObservationFilterChainDecorator$ObservationFilter.doFilter(ObservationFilterChainDecorator.java:224)
	at org.springframework.security.web.ObservationFilterChainDecorator$VirtualFilterChain.doFilter(ObservationFilterChainDecorator.java:137)
	at org.springframework.security.web.FilterChainProxy.doFilterInternal(FilterChainProxy.java:233)
	at org.springframework.security.web.FilterChainProxy.doFilter(FilterChainProxy.java:191)
	at org.springframework.web.filter.CompositeFilter$VirtualFilterChain.doFilter(CompositeFilter.java:113)
	at org.springframework.web.servlet.handler.HandlerMappingIntrospector.lambda$createCacheFilter$3(HandlerMappingIntrospector.java:243)
	at org.springframework.web.filter.CompositeFilter$VirtualFilterChain.doFilter(CompositeFilter.java:113)
	at org.springframework.web.filter.CompositeFilter.doFilter(CompositeFilter.java:74)
	at org.springframework.security.config.annotation.web.configuration.WebMvcSecurityConfiguration$CompositeFilterChainProxy.doFilter(WebMvcSecurityConfiguration.java:238)
	at org.springframework.web.filter.DelegatingFilterProxy.invokeDelegate(DelegatingFilterProxy.java:362)
	at org.springframework.web.filter.DelegatingFilterProxy.doFilter(DelegatingFilterProxy.java:278)
	at org.apache.catalina.core.ApplicationFilterChain.internalDoFilter(ApplicationFilterChain.java:164)
	at org.apache.catalina.core.ApplicationFilterChain.doFilter(ApplicationFilterChain.java:140)
	at org.springframework.web.filter.RequestContextFilter.doFilterInternal(RequestContextFilter.java:100)
	at org.springframework.web.filter.OncePerRequestFilter.doFilter(OncePerRequestFilter.java:116)
	at org.apache.catalina.core.ApplicationFilterChain.internalDoFilter(ApplicationFilterChain.java:164)
	at org.apache.catalina.core.ApplicationFilterChain.doFilter(ApplicationFilterChain.java:140)
	at org.springframework.web.filter.FormContentFilter.doFilterInternal(FormContentFilter.java:93)
	at org.springframework.web.filter.OncePerRequestFilter.doFilter(OncePerRequestFilter.java:116)
	at org.apache.catalina.core.ApplicationFilterChain.internalDoFilter(ApplicationFilterChain.java:164)
	at org.apache.catalina.core.ApplicationFilterChain.doFilter(ApplicationFilterChain.java:140)
	at org.springframework.web.filter.ServerHttpObservationFilter.doFilterInternal(ServerHttpObservationFilter.java:114)
	at org.springframework.web.filter.OncePerRequestFilter.doFilter(OncePerRequestFilter.java:116)
	at org.apache.catalina.core.ApplicationFilterChain.internalDoFilter(ApplicationFilterChain.java:164)
	at org.apache.catalina.core.ApplicationFilterChain.doFilter(ApplicationFilterChain.java:140)
	at org.springframework.web.filter.CharacterEncodingFilter.doFilterInternal(CharacterEncodingFilter.java:201)
	at org.springframework.web.filter.OncePerRequestFilter.doFilter(OncePerRequestFilter.java:116)
	at org.apache.catalina.core.ApplicationFilterChain.internalDoFilter(ApplicationFilterChain.java:164)
	at org.apache.catalina.core.ApplicationFilterChain.doFilter(ApplicationFilterChain.java:140)
	at org.apache.catalina.core.StandardWrapperValve.invoke(StandardWrapperValve.java:167)
	at org.apache.catalina.core.StandardContextValve.invoke(StandardContextValve.java:90)
	at org.apache.catalina.authenticator.AuthenticatorBase.invoke(AuthenticatorBase.java:483)
	at org.apache.catalina.core.StandardHostValve.invoke(StandardHostValve.java:115)
	at org.apache.catalina.valves.ErrorReportValve.invoke(ErrorReportValve.java:93)
	at org.apache.catalina.core.StandardEngineValve.invoke(StandardEngineValve.java:74)
	at org.apache.catalina.connector.CoyoteAdapter.service(CoyoteAdapter.java:344)
	at org.apache.coyote.http11.Http11Processor.service(Http11Processor.java:397)
	at org.apache.coyote.AbstractProcessorLight.process(AbstractProcessorLight.java:63)
	at org.apache.coyote.AbstractProtocol$ConnectionHandler.process(AbstractProtocol.java:905)
	at org.apache.tomcat.util.net.NioEndpoint$SocketProcessor.doRun(NioEndpoint.java:1741)
	at org.apache.tomcat.util.net.SocketProcessorBase.run(SocketProcessorBase.java:52)
	at org.apache.tomcat.util.threads.ThreadPoolExecutor.runWorker(ThreadPoolExecutor.java:1190)
	at org.apache.tomcat.util.threads.ThreadPoolExecutor$Worker.run(ThreadPoolExecutor.java:659)
	at org.apache.tomcat.util.threads.TaskThread$WrappingRunnable.run(TaskThread.java:63)
	at java.base/java.lang.Thread.run(Thread.java:1583)
Caused by: io.jsonwebtoken.ExpiredJwtException: JWT expired at 2026-03-13T11:54:51Z. Current time: 2026-03-16T06:12:51Z, a difference of 238680718 milliseconds.  Allowed clock skew: 0 milliseconds.
	at io.jsonwebtoken.impl.DefaultJwtParser.parse(DefaultJwtParser.java:427)
	at io.jsonwebtoken.impl.DefaultJwtParser.parse(DefaultJwtParser.java:529)
	at io.jsonwebtoken.impl.DefaultJwtParser.parseClaimsJws(DefaultJwtParser.java:589)
	at io.jsonwebtoken.impl.ImmutableJwtParser.parseClaimsJws(ImmutableJwtParser.java:173)
	at com.rkt.dms.jwt.utilis.JwtUtil.extractAllClaims(JwtUtil.java:98)
	at com.rkt.dms.jwt.utilis.JwtUtil.isTokenExpired(JwtUtil.java:110)
	at com.rkt.dms.jwt.utilis.JwtUtil.validateToken(JwtUtil.java:105)
	at com.rkt.dms.jwt.filter.JwtFilter.doFilterInternal(JwtFilter.java:50)
	... 84 common frames omitted
2026-03-16 11:54:50.897 [http-nio-8082-exec-1] WARN  o.s.web.servlet.PageNotFound [d9b0cb06-5d70-406c-93f9-0c494ebdc029] - No mapping for POST /project-files
2026-03-16 11:55:04.083 [http-nio-8082-exec-2] WARN  o.s.web.servlet.PageNotFound [a82979b1-3919-4504-b3d4-8f33f425f8ba] - No mapping for POST /project-files
2026-03-16 12:11:05.553 [background-preinit] INFO  o.h.validator.internal.util.Version [] - HV000001: Hibernate Validator 8.0.2.Final
2026-03-16 12:11:05.633 [main] INFO  com.rkt.dms.DmsApplication [] - Starting DmsApplication using Java 21.0.8 with PID 16492 (C:\Users\shashi.rai\Desktop\Projects\DMS\DMS-Backend\target\classes started by shashi.rai in C:\Users\shashi.rai\Desktop\Projects\DMS\DMS-Backend)
2026-03-16 12:11:05.634 [main] INFO  com.rkt.dms.DmsApplication [] - The following 1 profile is active: "dev"
2026-03-16 12:11:07.650 [main] INFO  o.s.d.r.c.RepositoryConfigurationDelegate [] - Bootstrapping Spring Data JPA repositories in DEFAULT mode.
2026-03-16 12:11:07.884 [main] INFO  o.s.d.r.c.RepositoryConfigurationDelegate [] - Finished Spring Data repository scanning in 202 ms. Found 18 JPA repository interfaces.
2026-03-16 12:11:09.470 [main] INFO  o.s.b.w.e.tomcat.TomcatWebServer [] - Tomcat initialized with port 8082 (http)
2026-03-16 12:11:09.497 [main] INFO  o.a.coyote.http11.Http11NioProtocol [] - Initializing ProtocolHandler ["http-nio-8082"]
2026-03-16 12:11:09.502 [main] INFO  o.a.catalina.core.StandardService [] - Starting service [Tomcat]
2026-03-16 12:11:09.503 [main] INFO  o.a.catalina.core.StandardEngine [] - Starting Servlet engine: [Apache Tomcat/10.1.34]
2026-03-16 12:11:09.663 [main] INFO  o.a.c.c.C.[Tomcat].[localhost].[/] [] - Initializing Spring embedded WebApplicationContext
2026-03-16 12:11:09.663 [main] INFO  o.s.b.w.s.c.ServletWebServerApplicationContext [] - Root WebApplicationContext: initialization completed in 3949 ms
2026-03-16 12:11:10.321 [main] INFO  o.h.jpa.internal.util.LogHelper [] - HHH000204: Processing PersistenceUnitInfo [name: default]
2026-03-16 12:11:10.432 [main] INFO  org.hibernate.Version [] - HHH000412: Hibernate ORM core version 6.6.4.Final
2026-03-16 12:11:10.509 [main] INFO  o.h.c.i.RegionFactoryInitiator [] - HHH000026: Second-level cache disabled
2026-03-16 12:11:11.002 [main] INFO  o.s.o.j.p.SpringPersistenceUnitInfo [] - No LoadTimeWeaver setup: ignoring JPA class transformer
2026-03-16 12:11:11.064 [main] INFO  com.zaxxer.hikari.HikariDataSource [] - HikariPool-1 - Starting...
2026-03-16 12:11:13.287 [main] INFO  com.zaxxer.hikari.pool.HikariPool [] - HikariPool-1 - Added connection com.mysql.cj.jdbc.ConnectionImpl@5c70c771
2026-03-16 12:11:13.293 [main] INFO  com.zaxxer.hikari.HikariDataSource [] - HikariPool-1 - Start completed.
2026-03-16 12:11:13.392 [main] WARN  org.hibernate.orm.deprecation [] - HHH90000025: MySQLDialect does not need to be specified explicitly using 'hibernate.dialect' (remove the property setting and it will be selected by default)
2026-03-16 12:11:13.421 [main] INFO  o.hibernate.orm.connections.pooling [] - HHH10001005: Database info:
	Database JDBC URL [Connecting through datasource 'HikariDataSource (HikariPool-1)']
	Database driver: undefined/unknown
	Database version: 8.0.33
	Autocommit mode: undefined/unknown
	Isolation level: undefined/unknown
	Minimum pool size: undefined/unknown
	Maximum pool size: undefined/unknown
2026-03-16 12:11:15.587 [main] INFO  o.h.e.t.j.p.i.JtaPlatformInitiator [] - HHH000489: No JTA platform available (set 'hibernate.transaction.jta.platform' to enable JTA platform integration)
2026-03-16 12:11:16.025 [main] INFO  o.s.o.j.LocalContainerEntityManagerFactoryBean [] - Initialized JPA EntityManagerFactory for persistence unit 'default'
2026-03-16 12:11:16.644 [main] INFO  o.s.d.j.r.query.QueryEnhancerFactory [] - Hibernate is in classpath; If applicable, HQL parser will be used.
2026-03-16 12:11:19.088 [main] INFO  o.s.s.c.a.a.c.InitializeUserDetailsBeanManagerConfigurer$InitializeUserDetailsManagerConfigurer [] - Global AuthenticationManager configured with UserDetailsService bean with name userDetailsServiceImpl
2026-03-16 12:11:19.210 [main] WARN  o.s.b.a.o.j.JpaBaseConfiguration$JpaWebConfiguration [] - spring.jpa.open-in-view is enabled by default. Therefore, database queries may be performed during view rendering. Explicitly configure spring.jpa.open-in-view to disable this warning
2026-03-16 12:11:19.914 [main] INFO  o.s.b.a.e.web.EndpointLinksResolver [] - Exposing 3 endpoints beneath base path '/actuator'
2026-03-16 12:11:20.847 [main] INFO  o.a.coyote.http11.Http11NioProtocol [] - Starting ProtocolHandler ["http-nio-8082"]
2026-03-16 12:11:20.889 [main] INFO  o.s.b.w.e.tomcat.TomcatWebServer [] - Tomcat started on port 8082 (http) with context path '/'
2026-03-16 12:11:20.916 [main] INFO  com.rkt.dms.DmsApplication [] - Started DmsApplication in 15.877 seconds (process running for 16.807)
2026-03-16 12:17:08.152 [background-preinit] INFO  o.h.validator.internal.util.Version [] - HV000001: Hibernate Validator 8.0.2.Final
2026-03-16 12:17:08.252 [main] INFO  com.rkt.dms.DmsApplication [] - Starting DmsApplication using Java 21.0.8 with PID 28664 (C:\Users\shashi.rai\Desktop\Projects\DMS\DMS-Backend\target\classes started by shashi.rai in C:\Users\shashi.rai\Desktop\Projects\DMS\DMS-Backend)
2026-03-16 12:17:08.254 [main] INFO  com.rkt.dms.DmsApplication [] - The following 1 profile is active: "dev"
2026-03-16 12:17:10.406 [main] INFO  o.s.d.r.c.RepositoryConfigurationDelegate [] - Bootstrapping Spring Data JPA repositories in DEFAULT mode.
2026-03-16 12:17:10.670 [main] INFO  o.s.d.r.c.RepositoryConfigurationDelegate [] - Finished Spring Data repository scanning in 252 ms. Found 18 JPA repository interfaces.
2026-03-16 12:17:12.460 [main] INFO  o.s.b.w.e.tomcat.TomcatWebServer [] - Tomcat initialized with port 8082 (http)
2026-03-16 12:17:12.479 [main] INFO  o.a.coyote.http11.Http11NioProtocol [] - Initializing ProtocolHandler ["http-nio-8082"]
2026-03-16 12:17:12.486 [main] INFO  o.a.catalina.core.StandardService [] - Starting service [Tomcat]
2026-03-16 12:17:12.487 [main] INFO  o.a.catalina.core.StandardEngine [] - Starting Servlet engine: [Apache Tomcat/10.1.34]
2026-03-16 12:17:12.598 [main] INFO  o.a.c.c.C.[Tomcat].[localhost].[/] [] - Initializing Spring embedded WebApplicationContext
2026-03-16 12:17:12.599 [main] INFO  o.s.b.w.s.c.ServletWebServerApplicationContext [] - Root WebApplicationContext: initialization completed in 4250 ms
2026-03-16 12:17:13.355 [main] INFO  o.h.jpa.internal.util.LogHelper [] - HHH000204: Processing PersistenceUnitInfo [name: default]
2026-03-16 12:17:13.466 [main] INFO  org.hibernate.Version [] - HHH000412: Hibernate ORM core version 6.6.4.Final
2026-03-16 12:17:13.538 [main] INFO  o.h.c.i.RegionFactoryInitiator [] - HHH000026: Second-level cache disabled
2026-03-16 12:17:14.022 [main] INFO  o.s.o.j.p.SpringPersistenceUnitInfo [] - No LoadTimeWeaver setup: ignoring JPA class transformer
2026-03-16 12:17:14.076 [main] INFO  com.zaxxer.hikari.HikariDataSource [] - HikariPool-1 - Starting...
2026-03-16 12:17:16.478 [main] INFO  com.zaxxer.hikari.pool.HikariPool [] - HikariPool-1 - Added connection com.mysql.cj.jdbc.ConnectionImpl@528a16fb
2026-03-16 12:17:16.481 [main] INFO  com.zaxxer.hikari.HikariDataSource [] - HikariPool-1 - Start completed.
2026-03-16 12:17:16.558 [main] WARN  org.hibernate.orm.deprecation [] - HHH90000025: MySQLDialect does not need to be specified explicitly using 'hibernate.dialect' (remove the property setting and it will be selected by default)
2026-03-16 12:17:16.592 [main] INFO  o.hibernate.orm.connections.pooling [] - HHH10001005: Database info:
	Database JDBC URL [Connecting through datasource 'HikariDataSource (HikariPool-1)']
	Database driver: undefined/unknown
	Database version: 8.0.33
	Autocommit mode: undefined/unknown
	Isolation level: undefined/unknown
	Minimum pool size: undefined/unknown
	Maximum pool size: undefined/unknown
2026-03-16 12:17:18.854 [main] INFO  o.h.e.t.j.p.i.JtaPlatformInitiator [] - HHH000489: No JTA platform available (set 'hibernate.transaction.jta.platform' to enable JTA platform integration)
2026-03-16 12:17:19.446 [main] INFO  o.s.o.j.LocalContainerEntityManagerFactoryBean [] - Initialized JPA EntityManagerFactory for persistence unit 'default'
2026-03-16 12:17:20.077 [main] INFO  o.s.d.j.r.query.QueryEnhancerFactory [] - Hibernate is in classpath; If applicable, HQL parser will be used.
2026-03-16 12:17:22.623 [main] INFO  o.s.s.c.a.a.c.InitializeUserDetailsBeanManagerConfigurer$InitializeUserDetailsManagerConfigurer [] - Global AuthenticationManager configured with UserDetailsService bean with name userDetailsServiceImpl
2026-03-16 12:17:22.774 [main] WARN  o.s.b.a.o.j.JpaBaseConfiguration$JpaWebConfiguration [] - spring.jpa.open-in-view is enabled by default. Therefore, database queries may be performed during view rendering. Explicitly configure spring.jpa.open-in-view to disable this warning
2026-03-16 12:17:23.643 [main] INFO  o.s.b.a.e.web.EndpointLinksResolver [] - Exposing 3 endpoints beneath base path '/actuator'
2026-03-16 12:17:24.584 [main] INFO  o.a.coyote.http11.Http11NioProtocol [] - Starting ProtocolHandler ["http-nio-8082"]
2026-03-16 12:17:24.633 [main] INFO  o.s.b.w.e.tomcat.TomcatWebServer [] - Tomcat started on port 8082 (http) with context path '/'
2026-03-16 12:17:24.658 [main] INFO  com.rkt.dms.DmsApplication [] - Started DmsApplication in 17.086 seconds (process running for 18.176)
2026-03-16 12:20:27.965 [http-nio-8082-exec-1] INFO  o.a.c.c.C.[Tomcat].[localhost].[/] [] - Initializing Spring DispatcherServlet 'dispatcherServlet'
2026-03-16 12:20:27.967 [http-nio-8082-exec-1] INFO  o.s.web.servlet.DispatcherServlet [] - Initializing Servlet 'dispatcherServlet'
2026-03-16 12:20:27.972 [http-nio-8082-exec-1] INFO  o.s.web.servlet.DispatcherServlet [] - Completed initialization in 4 ms
2026-03-16 12:20:28.413 [http-nio-8082-exec-2] ERROR o.a.c.c.C.[.[.[.[dispatcherServlet] [] - Servlet.service() for servlet [dispatcherServlet] in context with path [] threw exception
org.springframework.security.authentication.AuthenticationServiceException: Token expired
	at com.rkt.dms.jwt.filter.JwtFilter.doFilterInternal(JwtFilter.java:88)
	at org.springframework.web.filter.OncePerRequestFilter.doFilter(OncePerRequestFilter.java:116)
	at org.springframework.security.web.ObservationFilterChainDecorator$ObservationFilter.wrapFilter(ObservationFilterChainDecorator.java:240)
	at org.springframework.security.web.ObservationFilterChainDecorator$ObservationFilter.doFilter(ObservationFilterChainDecorator.java:227)
	at org.springframework.security.web.ObservationFilterChainDecorator$VirtualFilterChain.doFilter(ObservationFilterChainDecorator.java:137)
	at com.rkt.dms.audit.RequestAuditFilter.doFilterInternal(RequestAuditFilter.java:52)
	at org.springframework.web.filter.OncePerRequestFilter.doFilter(OncePerRequestFilter.java:116)
	at org.springframework.security.web.ObservationFilterChainDecorator$ObservationFilter.wrapFilter(ObservationFilterChainDecorator.java:240)
	at org.springframework.security.web.ObservationFilterChainDecorator$ObservationFilter.doFilter(ObservationFilterChainDecorator.java:227)
	at org.springframework.security.web.ObservationFilterChainDecorator$VirtualFilterChain.doFilter(ObservationFilterChainDecorator.java:137)
	at org.springframework.security.web.authentication.logout.LogoutFilter.doFilter(LogoutFilter.java:107)
	at org.springframework.security.web.authentication.logout.LogoutFilter.doFilter(LogoutFilter.java:93)
	at org.springframework.security.web.ObservationFilterChainDecorator$ObservationFilter.wrapFilter(ObservationFilterChainDecorator.java:240)
	at org.springframework.security.web.ObservationFilterChainDecorator$ObservationFilter.doFilter(ObservationFilterChainDecorator.java:227)
	at org.springframework.security.web.ObservationFilterChainDecorator$VirtualFilterChain.doFilter(ObservationFilterChainDecorator.java:137)
	at org.springframework.web.filter.CorsFilter.doFilterInternal(CorsFilter.java:91)
	at org.springframework.web.filter.OncePerRequestFilter.doFilter(OncePerRequestFilter.java:116)
	at org.springframework.security.web.ObservationFilterChainDecorator$ObservationFilter.wrapFilter(ObservationFilterChainDecorator.java:240)
	at org.springframework.security.web.ObservationFilterChainDecorator$ObservationFilter.doFilter(ObservationFilterChainDecorator.java:227)
	at org.springframework.security.web.ObservationFilterChainDecorator$VirtualFilterChain.doFilter(ObservationFilterChainDecorator.java:137)
	at org.springframework.security.web.header.HeaderWriterFilter.doHeadersAfter(HeaderWriterFilter.java:90)
	at org.springframework.security.web.header.HeaderWriterFilter.doFilterInternal(HeaderWriterFilter.java:75)
	at org.springframework.web.filter.OncePerRequestFilter.doFilter(OncePerRequestFilter.java:116)
	at org.springframework.security.web.ObservationFilterChainDecorator$ObservationFilter.wrapFilter(ObservationFilterChainDecorator.java:240)
	at org.springframework.security.web.ObservationFilterChainDecorator$ObservationFilter.doFilter(ObservationFilterChainDecorator.java:227)
	at org.springframework.security.web.ObservationFilterChainDecorator$VirtualFilterChain.doFilter(ObservationFilterChainDecorator.java:137)
	at org.springframework.security.web.context.SecurityContextHolderFilter.doFilter(SecurityContextHolderFilter.java:82)
	at org.springframework.security.web.context.SecurityContextHolderFilter.doFilter(SecurityContextHolderFilter.java:69)
	at org.springframework.security.web.ObservationFilterChainDecorator$ObservationFilter.wrapFilter(ObservationFilterChainDecorator.java:240)
	at org.springframework.security.web.ObservationFilterChainDecorator$ObservationFilter.doFilter(ObservationFilterChainDecorator.java:227)
	at org.springframework.security.web.ObservationFilterChainDecorator$VirtualFilterChain.doFilter(ObservationFilterChainDecorator.java:137)
	at org.springframework.security.web.context.request.async.WebAsyncManagerIntegrationFilter.doFilterInternal(WebAsyncManagerIntegrationFilter.java:62)
	at org.springframework.web.filter.OncePerRequestFilter.doFilter(OncePerRequestFilter.java:116)
	at org.springframework.security.web.ObservationFilterChainDecorator$ObservationFilter.wrapFilter(ObservationFilterChainDecorator.java:240)
	at org.springframework.security.web.ObservationFilterChainDecorator$ObservationFilter.doFilter(ObservationFilterChainDecorator.java:227)
	at org.springframework.security.web.ObservationFilterChainDecorator$VirtualFilterChain.doFilter(ObservationFilterChainDecorator.java:137)
	at org.springframework.security.web.session.DisableEncodeUrlFilter.doFilterInternal(DisableEncodeUrlFilter.java:42)
	at org.springframework.web.filter.OncePerRequestFilter.doFilter(OncePerRequestFilter.java:116)
	at org.springframework.security.web.ObservationFilterChainDecorator$ObservationFilter.wrapFilter(ObservationFilterChainDecorator.java:240)
	at org.springframework.security.web.ObservationFilterChainDecorator$AroundFilterObservation$SimpleAroundFilterObservation.lambda$wrap$0(ObservationFilterChainDecorator.java:323)
	at org.springframework.security.web.ObservationFilterChainDecorator$ObservationFilter.doFilter(ObservationFilterChainDecorator.java:224)
	at org.springframework.security.web.ObservationFilterChainDecorator$VirtualFilterChain.doFilter(ObservationFilterChainDecorator.java:137)
	at org.springframework.security.web.FilterChainProxy.doFilterInternal(FilterChainProxy.java:233)
	at org.springframework.security.web.FilterChainProxy.doFilter(FilterChainProxy.java:191)
	at org.springframework.web.filter.CompositeFilter$VirtualFilterChain.doFilter(CompositeFilter.java:113)
	at org.springframework.web.servlet.handler.HandlerMappingIntrospector.lambda$createCacheFilter$3(HandlerMappingIntrospector.java:243)
	at org.springframework.web.filter.CompositeFilter$VirtualFilterChain.doFilter(CompositeFilter.java:113)
	at org.springframework.web.filter.CompositeFilter.doFilter(CompositeFilter.java:74)
	at org.springframework.security.config.annotation.web.configuration.WebMvcSecurityConfiguration$CompositeFilterChainProxy.doFilter(WebMvcSecurityConfiguration.java:238)
	at org.springframework.web.filter.DelegatingFilterProxy.invokeDelegate(DelegatingFilterProxy.java:362)
	at org.springframework.web.filter.DelegatingFilterProxy.doFilter(DelegatingFilterProxy.java:278)
	at org.apache.catalina.core.ApplicationFilterChain.internalDoFilter(ApplicationFilterChain.java:164)
	at org.apache.catalina.core.ApplicationFilterChain.doFilter(ApplicationFilterChain.java:140)
	at org.springframework.web.filter.RequestContextFilter.doFilterInternal(RequestContextFilter.java:100)
	at org.springframework.web.filter.OncePerRequestFilter.doFilter(OncePerRequestFilter.java:116)
	at org.apache.catalina.core.ApplicationFilterChain.internalDoFilter(ApplicationFilterChain.java:164)
	at org.apache.catalina.core.ApplicationFilterChain.doFilter(ApplicationFilterChain.java:140)
	at org.springframework.web.filter.FormContentFilter.doFilterInternal(FormContentFilter.java:93)
	at org.springframework.web.filter.OncePerRequestFilter.doFilter(OncePerRequestFilter.java:116)
	at org.apache.catalina.core.ApplicationFilterChain.internalDoFilter(ApplicationFilterChain.java:164)
	at org.apache.catalina.core.ApplicationFilterChain.doFilter(ApplicationFilterChain.java:140)
	at org.springframework.web.filter.ServerHttpObservationFilter.doFilterInternal(ServerHttpObservationFilter.java:114)
	at org.springframework.web.filter.OncePerRequestFilter.doFilter(OncePerRequestFilter.java:116)
	at org.apache.catalina.core.ApplicationFilterChain.internalDoFilter(ApplicationFilterChain.java:164)
	at org.apache.catalina.core.ApplicationFilterChain.doFilter(ApplicationFilterChain.java:140)
	at org.springframework.web.filter.CharacterEncodingFilter.doFilterInternal(CharacterEncodingFilter.java:201)
	at org.springframework.web.filter.OncePerRequestFilter.doFilter(OncePerRequestFilter.java:116)
	at org.apache.catalina.core.ApplicationFilterChain.internalDoFilter(ApplicationFilterChain.java:164)
	at org.apache.catalina.core.ApplicationFilterChain.doFilter(ApplicationFilterChain.java:140)
	at org.apache.catalina.core.StandardWrapperValve.invoke(StandardWrapperValve.java:167)
	at org.apache.catalina.core.StandardContextValve.invoke(StandardContextValve.java:90)
	at org.apache.catalina.authenticator.AuthenticatorBase.invoke(AuthenticatorBase.java:483)
	at org.apache.catalina.core.StandardHostValve.invoke(StandardHostValve.java:115)
	at org.apache.catalina.valves.ErrorReportValve.invoke(ErrorReportValve.java:93)
	at org.apache.catalina.core.StandardEngineValve.invoke(StandardEngineValve.java:74)
	at org.apache.catalina.connector.CoyoteAdapter.service(CoyoteAdapter.java:344)
	at org.apache.coyote.http11.Http11Processor.service(Http11Processor.java:397)
	at org.apache.coyote.AbstractProcessorLight.process(AbstractProcessorLight.java:63)
	at org.apache.coyote.AbstractProtocol$ConnectionHandler.process(AbstractProtocol.java:905)
	at org.apache.tomcat.util.net.NioEndpoint$SocketProcessor.doRun(NioEndpoint.java:1741)
	at org.apache.tomcat.util.net.SocketProcessorBase.run(SocketProcessorBase.java:52)
	at org.apache.tomcat.util.threads.ThreadPoolExecutor.runWorker(ThreadPoolExecutor.java:1190)
	at org.apache.tomcat.util.threads.ThreadPoolExecutor$Worker.run(ThreadPoolExecutor.java:659)
	at org.apache.tomcat.util.threads.TaskThread$WrappingRunnable.run(TaskThread.java:63)
	at java.base/java.lang.Thread.run(Thread.java:1583)
Caused by: io.jsonwebtoken.ExpiredJwtException: JWT expired at 2026-03-14T05:42:39Z. Current time: 2026-03-16T06:50:28Z, a difference of 176869396 milliseconds.  Allowed clock skew: 0 milliseconds.
	at io.jsonwebtoken.impl.DefaultJwtParser.parse(DefaultJwtParser.java:427)
	at io.jsonwebtoken.impl.DefaultJwtParser.parse(DefaultJwtParser.java:529)
	at io.jsonwebtoken.impl.DefaultJwtParser.parseClaimsJws(DefaultJwtParser.java:589)
	at io.jsonwebtoken.impl.ImmutableJwtParser.parseClaimsJws(ImmutableJwtParser.java:173)
	at com.rkt.dms.jwt.utilis.JwtUtil.extractAllClaims(JwtUtil.java:98)
	at com.rkt.dms.jwt.utilis.JwtUtil.isTokenExpired(JwtUtil.java:110)
	at com.rkt.dms.jwt.utilis.JwtUtil.validateToken(JwtUtil.java:105)
	at com.rkt.dms.jwt.filter.JwtFilter.doFilterInternal(JwtFilter.java:50)
	... 84 common frames omitted
2026-03-16 12:42:58.881 [http-nio-8082-exec-2] WARN  o.s.web.servlet.PageNotFound [f659e336-659c-4dfc-a980-776d7d8914b9] - No mapping for POST /project-files
2026-03-16 12:49:04.854 [http-nio-8082-exec-9] WARN  o.s.web.servlet.PageNotFound [379b826a-309a-489f-9dde-80bafeac8178] - No mapping for POST /project-files
2026-03-16 14:12:53.453 [HikariPool-1 housekeeper] WARN  com.zaxxer.hikari.pool.HikariPool [] - HikariPool-1 - Thread starvation or clock leap detected (housekeeper delta=32m13s894ms613µs400ns).
2026-03-16 15:35:12.885 [http-nio-8082-exec-2] WARN  o.s.w.s.m.s.DefaultHandlerExceptionResolver [e131e597-17cf-4611-b0d7-4e21b51efd08] - Resolved [org.springframework.web.HttpRequestMethodNotSupportedException: Request method 'GET' is not supported]
2026-03-16 15:52:49.342 [background-preinit] INFO  o.h.validator.internal.util.Version [] - HV000001: Hibernate Validator 8.0.2.Final
2026-03-16 15:52:49.437 [main] INFO  com.rkt.dms.DmsApplication [] - Starting DmsApplication using Java 21.0.8 with PID 9396 (C:\Users\shashi.rai\Desktop\Projects\DMS\DMS-Backend\target\classes started by shashi.rai in C:\Users\shashi.rai\Desktop\Projects\DMS\DMS-Backend)
2026-03-16 15:52:49.438 [main] INFO  com.rkt.dms.DmsApplication [] - The following 1 profile is active: "dev"
2026-03-16 15:52:51.419 [main] INFO  o.s.d.r.c.RepositoryConfigurationDelegate [] - Bootstrapping Spring Data JPA repositories in DEFAULT mode.
2026-03-16 15:52:51.686 [main] INFO  o.s.d.r.c.RepositoryConfigurationDelegate [] - Finished Spring Data repository scanning in 248 ms. Found 18 JPA repository interfaces.
2026-03-16 15:52:53.155 [main] INFO  o.s.b.w.e.tomcat.TomcatWebServer [] - Tomcat initialized with port 8082 (http)
2026-03-16 15:52:53.190 [main] INFO  o.a.coyote.http11.Http11NioProtocol [] - Initializing ProtocolHandler ["http-nio-8082"]
2026-03-16 15:52:53.196 [main] INFO  o.a.catalina.core.StandardService [] - Starting service [Tomcat]
2026-03-16 15:52:53.199 [main] INFO  o.a.catalina.core.StandardEngine [] - Starting Servlet engine: [Apache Tomcat/10.1.34]
2026-03-16 15:52:53.383 [main] INFO  o.a.c.c.C.[Tomcat].[localhost].[/] [] - Initializing Spring embedded WebApplicationContext
2026-03-16 15:52:53.384 [main] INFO  o.s.b.w.s.c.ServletWebServerApplicationContext [] - Root WebApplicationContext: initialization completed in 3860 ms
2026-03-16 15:52:53.986 [main] INFO  o.h.jpa.internal.util.LogHelper [] - HHH000204: Processing PersistenceUnitInfo [name: default]
2026-03-16 15:52:54.101 [main] INFO  org.hibernate.Version [] - HHH000412: Hibernate ORM core version 6.6.4.Final
2026-03-16 15:52:54.165 [main] INFO  o.h.c.i.RegionFactoryInitiator [] - HHH000026: Second-level cache disabled
2026-03-16 15:52:54.610 [main] INFO  o.s.o.j.p.SpringPersistenceUnitInfo [] - No LoadTimeWeaver setup: ignoring JPA class transformer
2026-03-16 15:52:54.668 [main] INFO  com.zaxxer.hikari.HikariDataSource [] - HikariPool-1 - Starting...
2026-03-16 15:52:56.819 [main] INFO  com.zaxxer.hikari.pool.HikariPool [] - HikariPool-1 - Added connection com.mysql.cj.jdbc.ConnectionImpl@2b66bf1c
2026-03-16 15:52:56.823 [main] INFO  com.zaxxer.hikari.HikariDataSource [] - HikariPool-1 - Start completed.
2026-03-16 15:52:56.914 [main] WARN  org.hibernate.orm.deprecation [] - HHH90000025: MySQLDialect does not need to be specified explicitly using 'hibernate.dialect' (remove the property setting and it will be selected by default)
2026-03-16 15:52:56.938 [main] INFO  o.hibernate.orm.connections.pooling [] - HHH10001005: Database info:
	Database JDBC URL [Connecting through datasource 'HikariDataSource (HikariPool-1)']
	Database driver: undefined/unknown
	Database version: 8.0.33
	Autocommit mode: undefined/unknown
	Isolation level: undefined/unknown
	Minimum pool size: undefined/unknown
	Maximum pool size: undefined/unknown
2026-03-16 15:52:58.783 [main] INFO  o.h.e.t.j.p.i.JtaPlatformInitiator [] - HHH000489: No JTA platform available (set 'hibernate.transaction.jta.platform' to enable JTA platform integration)
2026-03-16 15:52:59.251 [main] INFO  o.s.o.j.LocalContainerEntityManagerFactoryBean [] - Initialized JPA EntityManagerFactory for persistence unit 'default'
2026-03-16 15:52:59.770 [main] INFO  o.s.d.j.r.query.QueryEnhancerFactory [] - Hibernate is in classpath; If applicable, HQL parser will be used.
2026-03-16 15:53:02.100 [main] INFO  o.s.s.c.a.a.c.InitializeUserDetailsBeanManagerConfigurer$InitializeUserDetailsManagerConfigurer [] - Global AuthenticationManager configured with UserDetailsService bean with name userDetailsServiceImpl
2026-03-16 15:53:02.238 [main] WARN  o.s.b.a.o.j.JpaBaseConfiguration$JpaWebConfiguration [] - spring.jpa.open-in-view is enabled by default. Therefore, database queries may be performed during view rendering. Explicitly configure spring.jpa.open-in-view to disable this warning
2026-03-16 15:53:02.999 [main] INFO  o.s.b.a.e.web.EndpointLinksResolver [] - Exposing 3 endpoints beneath base path '/actuator'
2026-03-16 15:53:03.906 [main] INFO  o.a.coyote.http11.Http11NioProtocol [] - Starting ProtocolHandler ["http-nio-8082"]
2026-03-16 15:53:03.983 [main] INFO  o.s.b.w.e.tomcat.TomcatWebServer [] - Tomcat started on port 8082 (http) with context path '/'
2026-03-16 15:53:04.030 [main] INFO  com.rkt.dms.DmsApplication [] - Started DmsApplication in 15.141 seconds (process running for 16.476)
2026-03-16 15:53:04.554 [http-nio-8082-exec-1] INFO  o.a.c.c.C.[Tomcat].[localhost].[/] [] - Initializing Spring DispatcherServlet 'dispatcherServlet'
2026-03-16 15:53:04.555 [http-nio-8082-exec-1] INFO  o.s.web.servlet.DispatcherServlet [] - Initializing Servlet 'dispatcherServlet'
2026-03-16 15:53:04.558 [http-nio-8082-exec-1] INFO  o.s.web.servlet.DispatcherServlet [] - Completed initialization in 2 ms
2026-03-16 16:05:51.480 [background-preinit] INFO  o.h.validator.internal.util.Version [] - HV000001: Hibernate Validator 8.0.2.Final
2026-03-16 16:05:51.572 [main] INFO  com.rkt.dms.DmsApplication [] - Starting DmsApplication using Java 21.0.8 with PID 20636 (C:\Users\shashi.rai\Desktop\Projects\DMS\DMS-Backend\target\classes started by shashi.rai in C:\Users\shashi.rai\Desktop\Projects\DMS\DMS-Backend)
2026-03-16 16:05:51.573 [main] INFO  com.rkt.dms.DmsApplication [] - The following 1 profile is active: "dev"
2026-03-16 16:05:53.904 [main] INFO  o.s.d.r.c.RepositoryConfigurationDelegate [] - Bootstrapping Spring Data JPA repositories in DEFAULT mode.
2026-03-16 16:05:54.137 [main] INFO  o.s.d.r.c.RepositoryConfigurationDelegate [] - Finished Spring Data repository scanning in 216 ms. Found 18 JPA repository interfaces.
2026-03-16 16:05:56.521 [main] INFO  o.s.b.w.e.tomcat.TomcatWebServer [] - Tomcat initialized with port 8082 (http)
2026-03-16 16:05:56.548 [main] INFO  o.a.coyote.http11.Http11NioProtocol [] - Initializing ProtocolHandler ["http-nio-8082"]
2026-03-16 16:05:56.552 [main] INFO  o.a.catalina.core.StandardService [] - Starting service [Tomcat]
2026-03-16 16:05:56.553 [main] INFO  o.a.catalina.core.StandardEngine [] - Starting Servlet engine: [Apache Tomcat/10.1.34]
2026-03-16 16:05:56.696 [main] INFO  o.a.c.c.C.[Tomcat].[localhost].[/] [] - Initializing Spring embedded WebApplicationContext
2026-03-16 16:05:56.697 [main] INFO  o.s.b.w.s.c.ServletWebServerApplicationContext [] - Root WebApplicationContext: initialization completed in 4993 ms
2026-03-16 16:05:57.488 [main] INFO  o.h.jpa.internal.util.LogHelper [] - HHH000204: Processing PersistenceUnitInfo [name: default]
2026-03-16 16:05:57.679 [main] INFO  org.hibernate.Version [] - HHH000412: Hibernate ORM core version 6.6.4.Final
2026-03-16 16:05:57.777 [main] INFO  o.h.c.i.RegionFactoryInitiator [] - HHH000026: Second-level cache disabled
2026-03-16 16:05:58.465 [main] INFO  o.s.o.j.p.SpringPersistenceUnitInfo [] - No LoadTimeWeaver setup: ignoring JPA class transformer
2026-03-16 16:05:58.549 [main] INFO  com.zaxxer.hikari.HikariDataSource [] - HikariPool-1 - Starting...
2026-03-16 16:06:02.231 [main] INFO  com.zaxxer.hikari.pool.HikariPool [] - HikariPool-1 - Added connection com.mysql.cj.jdbc.ConnectionImpl@2a79da3a
2026-03-16 16:06:02.235 [main] INFO  com.zaxxer.hikari.HikariDataSource [] - HikariPool-1 - Start completed.
2026-03-16 16:06:02.426 [main] WARN  org.hibernate.orm.deprecation [] - HHH90000025: MySQLDialect does not need to be specified explicitly using 'hibernate.dialect' (remove the property setting and it will be selected by default)
2026-03-16 16:06:02.473 [main] INFO  o.hibernate.orm.connections.pooling [] - HHH10001005: Database info:
	Database JDBC URL [Connecting through datasource 'HikariDataSource (HikariPool-1)']
	Database driver: undefined/unknown
	Database version: 8.0.33
	Autocommit mode: undefined/unknown
	Isolation level: undefined/unknown
	Minimum pool size: undefined/unknown
	Maximum pool size: undefined/unknown
2026-03-16 16:06:06.656 [main] INFO  o.h.e.t.j.p.i.JtaPlatformInitiator [] - HHH000489: No JTA platform available (set 'hibernate.transaction.jta.platform' to enable JTA platform integration)
2026-03-16 16:06:07.411 [main] INFO  o.s.o.j.LocalContainerEntityManagerFactoryBean [] - Initialized JPA EntityManagerFactory for persistence unit 'default'
2026-03-16 16:06:08.684 [main] INFO  o.s.d.j.r.query.QueryEnhancerFactory [] - Hibernate is in classpath; If applicable, HQL parser will be used.
2026-03-16 16:06:12.249 [main] WARN  o.s.b.w.s.c.AnnotationConfigServletWebServerApplicationContext [] - Exception encountered during context initialization - cancelling refresh attempt: org.springframework.beans.factory.UnsatisfiedDependencyException: Error creating bean with name 'documentController': Unsatisfied dependency expressed through field 'documentService': Error creating bean with name 'documentServiceImpl': Unsatisfied dependency expressed through field 'folderRepository': Error creating bean with name 'projectFilesRepository' defined in com.rkt.dms.repository.ProjectFilesRepository defined in @EnableJpaRepositories declared on JpaRepositoriesRegistrar.EnableJpaRepositoriesConfiguration: Could not create query for public abstract org.springframework.data.domain.Page com.rkt.dms.repository.ProjectFilesRepository.findByParentIdAndNameContainingIgnoreCase(java.lang.Long,java.lang.String,org.springframework.data.domain.Pageable); Reason: Failed to create query for method public abstract org.springframework.data.domain.Page com.rkt.dms.repository.ProjectFilesRepository.findByParentIdAndNameContainingIgnoreCase(java.lang.Long,java.lang.String,org.springframework.data.domain.Pageable); No property 'name' found for type 'ProjectFilesEntity'
2026-03-16 16:06:12.252 [main] INFO  o.s.o.j.LocalContainerEntityManagerFactoryBean [] - Closing JPA EntityManagerFactory for persistence unit 'default'
2026-03-16 16:06:12.260 [main] INFO  com.zaxxer.hikari.HikariDataSource [] - HikariPool-1 - Shutdown initiated...
2026-03-16 16:06:13.648 [main] INFO  com.zaxxer.hikari.HikariDataSource [] - HikariPool-1 - Shutdown completed.
2026-03-16 16:06:13.652 [main] INFO  o.a.catalina.core.StandardService [] - Stopping service [Tomcat]
2026-03-16 16:06:13.681 [main] INFO  o.s.b.a.l.ConditionEvaluationReportLogger [] - 

Error starting ApplicationContext. To display the condition evaluation report re-run your application with 'debug' enabled.
2026-03-16 16:06:13.713 [main] ERROR o.s.boot.SpringApplication [] - Application run failed
org.springframework.beans.factory.UnsatisfiedDependencyException: Error creating bean with name 'documentController': Unsatisfied dependency expressed through field 'documentService': Error creating bean with name 'documentServiceImpl': Unsatisfied dependency expressed through field 'folderRepository': Error creating bean with name 'projectFilesRepository' defined in com.rkt.dms.repository.ProjectFilesRepository defined in @EnableJpaRepositories declared on JpaRepositoriesRegistrar.EnableJpaRepositoriesConfiguration: Could not create query for public abstract org.springframework.data.domain.Page com.rkt.dms.repository.ProjectFilesRepository.findByParentIdAndNameContainingIgnoreCase(java.lang.Long,java.lang.String,org.springframework.data.domain.Pageable); Reason: Failed to create query for method public abstract org.springframework.data.domain.Page com.rkt.dms.repository.ProjectFilesRepository.findByParentIdAndNameContainingIgnoreCase(java.lang.Long,java.lang.String,org.springframework.data.domain.Pageable); No property 'name' found for type 'ProjectFilesEntity'
	at org.springframework.beans.factory.annotation.AutowiredAnnotationBeanPostProcessor$AutowiredFieldElement.resolveFieldValue(AutowiredAnnotationBeanPostProcessor.java:788)
	at org.springframework.beans.factory.annotation.AutowiredAnnotationBeanPostProcessor$AutowiredFieldElement.inject(AutowiredAnnotationBeanPostProcessor.java:768)
	at org.springframework.beans.factory.annotation.InjectionMetadata.inject(InjectionMetadata.java:146)
	at org.springframework.beans.factory.annotation.AutowiredAnnotationBeanPostProcessor.postProcessProperties(AutowiredAnnotationBeanPostProcessor.java:509)
	at org.springframework.beans.factory.support.AbstractAutowireCapableBeanFactory.populateBean(AbstractAutowireCapableBeanFactory.java:1441)
	at org.springframework.beans.factory.support.AbstractAutowireCapableBeanFactory.doCreateBean(AbstractAutowireCapableBeanFactory.java:600)
	at org.springframework.beans.factory.support.AbstractAutowireCapableBeanFactory.createBean(AbstractAutowireCapableBeanFactory.java:523)
	at org.springframework.beans.factory.support.AbstractBeanFactory.lambda$doGetBean$0(AbstractBeanFactory.java:336)
	at org.springframework.beans.factory.support.DefaultSingletonBeanRegistry.getSingleton(DefaultSingletonBeanRegistry.java:289)
	at org.springframework.beans.factory.support.AbstractBeanFactory.doGetBean(AbstractBeanFactory.java:334)
	at org.springframework.beans.factory.support.AbstractBeanFactory.getBean(AbstractBeanFactory.java:199)
	at org.springframework.beans.factory.support.DefaultListableBeanFactory.instantiateSingleton(DefaultListableBeanFactory.java:1122)
	at org.springframework.beans.factory.support.DefaultListableBeanFactory.preInstantiateSingleton(DefaultListableBeanFactory.java:1093)
	at org.springframework.beans.factory.support.DefaultListableBeanFactory.preInstantiateSingletons(DefaultListableBeanFactory.java:1030)
	at org.springframework.context.support.AbstractApplicationContext.finishBeanFactoryInitialization(AbstractApplicationContext.java:987)
	at org.springframework.context.support.AbstractApplicationContext.refresh(AbstractApplicationContext.java:627)
	at org.springframework.boot.web.servlet.context.ServletWebServerApplicationContext.refresh(ServletWebServerApplicationContext.java:146)
	at org.springframework.boot.SpringApplication.refresh(SpringApplication.java:752)
	at org.springframework.boot.SpringApplication.refreshContext(SpringApplication.java:439)
	at org.springframework.boot.SpringApplication.run(SpringApplication.java:318)
	at org.springframework.boot.SpringApplication.run(SpringApplication.java:1361)
	at org.springframework.boot.SpringApplication.run(SpringApplication.java:1350)
	at com.rkt.dms.DmsApplication.main(DmsApplication.java:17)
Caused by: org.springframework.beans.factory.UnsatisfiedDependencyException: Error creating bean with name 'documentServiceImpl': Unsatisfied dependency expressed through field 'folderRepository': Error creating bean with name 'projectFilesRepository' defined in com.rkt.dms.repository.ProjectFilesRepository defined in @EnableJpaRepositories declared on JpaRepositoriesRegistrar.EnableJpaRepositoriesConfiguration: Could not create query for public abstract org.springframework.data.domain.Page com.rkt.dms.repository.ProjectFilesRepository.findByParentIdAndNameContainingIgnoreCase(java.lang.Long,java.lang.String,org.springframework.data.domain.Pageable); Reason: Failed to create query for method public abstract org.springframework.data.domain.Page com.rkt.dms.repository.ProjectFilesRepository.findByParentIdAndNameContainingIgnoreCase(java.lang.Long,java.lang.String,org.springframework.data.domain.Pageable); No property 'name' found for type 'ProjectFilesEntity'
	at org.springframework.beans.factory.annotation.AutowiredAnnotationBeanPostProcessor$AutowiredFieldElement.resolveFieldValue(AutowiredAnnotationBeanPostProcessor.java:788)
	at org.springframework.beans.factory.annotation.AutowiredAnnotationBeanPostProcessor$AutowiredFieldElement.inject(AutowiredAnnotationBeanPostProcessor.java:768)
	at org.springframework.beans.factory.annotation.InjectionMetadata.inject(InjectionMetadata.java:146)
	at org.springframework.beans.factory.annotation.AutowiredAnnotationBeanPostProcessor.postProcessProperties(AutowiredAnnotationBeanPostProcessor.java:509)
	at org.springframework.beans.factory.support.AbstractAutowireCapableBeanFactory.populateBean(AbstractAutowireCapableBeanFactory.java:1441)
	at org.springframework.beans.factory.support.AbstractAutowireCapableBeanFactory.doCreateBean(AbstractAutowireCapableBeanFactory.java:600)
	at org.springframework.beans.factory.support.AbstractAutowireCapableBeanFactory.createBean(AbstractAutowireCapableBeanFactory.java:523)
	at org.springframework.beans.factory.support.AbstractBeanFactory.lambda$doGetBean$0(AbstractBeanFactory.java:336)
	at org.springframework.beans.factory.support.DefaultSingletonBeanRegistry.getSingleton(DefaultSingletonBeanRegistry.java:289)
	at org.springframework.beans.factory.support.AbstractBeanFactory.doGetBean(AbstractBeanFactory.java:334)
	at org.springframework.beans.factory.support.AbstractBeanFactory.getBean(AbstractBeanFactory.java:199)
	at org.springframework.beans.factory.config.DependencyDescriptor.resolveCandidate(DependencyDescriptor.java:254)
	at org.springframework.beans.factory.support.DefaultListableBeanFactory.doResolveDependency(DefaultListableBeanFactory.java:1631)
	at org.springframework.beans.factory.support.DefaultListableBeanFactory.resolveDependency(DefaultListableBeanFactory.java:1519)
	at org.springframework.beans.factory.annotation.AutowiredAnnotationBeanPostProcessor$AutowiredFieldElement.resolveFieldValue(AutowiredAnnotationBeanPostProcessor.java:785)
	... 22 common frames omitted
Caused by: org.springframework.beans.factory.BeanCreationException: Error creating bean with name 'projectFilesRepository' defined in com.rkt.dms.repository.ProjectFilesRepository defined in @EnableJpaRepositories declared on JpaRepositoriesRegistrar.EnableJpaRepositoriesConfiguration: Could not create query for public abstract org.springframework.data.domain.Page com.rkt.dms.repository.ProjectFilesRepository.findByParentIdAndNameContainingIgnoreCase(java.lang.Long,java.lang.String,org.springframework.data.domain.Pageable); Reason: Failed to create query for method public abstract org.springframework.data.domain.Page com.rkt.dms.repository.ProjectFilesRepository.findByParentIdAndNameContainingIgnoreCase(java.lang.Long,java.lang.String,org.springframework.data.domain.Pageable); No property 'name' found for type 'ProjectFilesEntity'
	at org.springframework.beans.factory.support.AbstractAutowireCapableBeanFactory.initializeBean(AbstractAutowireCapableBeanFactory.java:1808)
	at org.springframework.beans.factory.support.AbstractAutowireCapableBeanFactory.doCreateBean(AbstractAutowireCapableBeanFactory.java:601)
	at org.springframework.beans.factory.support.AbstractAutowireCapableBeanFactory.createBean(AbstractAutowireCapableBeanFactory.java:523)
	at org.springframework.beans.factory.support.AbstractBeanFactory.lambda$doGetBean$0(AbstractBeanFactory.java:336)
	at org.springframework.beans.factory.support.DefaultSingletonBeanRegistry.getSingleton(DefaultSingletonBeanRegistry.java:289)
	at org.springframework.beans.factory.support.AbstractBeanFactory.doGetBean(AbstractBeanFactory.java:334)
	at org.springframework.beans.factory.support.AbstractBeanFactory.getBean(AbstractBeanFactory.java:199)
	at org.springframework.beans.factory.config.DependencyDescriptor.resolveCandidate(DependencyDescriptor.java:254)
	at org.springframework.beans.factory.support.DefaultListableBeanFactory.doResolveDependency(DefaultListableBeanFactory.java:1631)
	at org.springframework.beans.factory.support.DefaultListableBeanFactory.resolveDependency(DefaultListableBeanFactory.java:1519)
	at org.springframework.beans.factory.annotation.AutowiredAnnotationBeanPostProcessor$AutowiredFieldElement.resolveFieldValue(AutowiredAnnotationBeanPostProcessor.java:785)
	... 36 common frames omitted
Caused by: org.springframework.data.repository.query.QueryCreationException: Could not create query for public abstract org.springframework.data.domain.Page com.rkt.dms.repository.ProjectFilesRepository.findByParentIdAndNameContainingIgnoreCase(java.lang.Long,java.lang.String,org.springframework.data.domain.Pageable); Reason: Failed to create query for method public abstract org.springframework.data.domain.Page com.rkt.dms.repository.ProjectFilesRepository.findByParentIdAndNameContainingIgnoreCase(java.lang.Long,java.lang.String,org.springframework.data.domain.Pageable); No property 'name' found for type 'ProjectFilesEntity'
	at org.springframework.data.repository.query.QueryCreationException.create(QueryCreationException.java:101)
	at org.springframework.data.repository.core.support.QueryExecutorMethodInterceptor.lookupQuery(QueryExecutorMethodInterceptor.java:120)
	at org.springframework.data.repository.core.support.QueryExecutorMethodInterceptor.mapMethodsToQuery(QueryExecutorMethodInterceptor.java:104)
	at org.springframework.data.repository.core.support.QueryExecutorMethodInterceptor.lambda$new$0(QueryExecutorMethodInterceptor.java:92)
	at java.base/java.util.Optional.map(Optional.java:260)
	at org.springframework.data.repository.core.support.QueryExecutorMethodInterceptor.<init>(QueryExecutorMethodInterceptor.java:92)
	at org.springframework.data.repository.core.support.RepositoryFactorySupport.getRepository(RepositoryFactorySupport.java:440)
	at org.springframework.data.repository.core.support.RepositoryFactoryBeanSupport.lambda$afterPropertiesSet$4(RepositoryFactoryBeanSupport.java:350)
	at org.springframework.data.util.Lazy.getNullable(Lazy.java:135)
	at org.springframework.data.util.Lazy.get(Lazy.java:113)
	at org.springframework.data.repository.core.support.RepositoryFactoryBeanSupport.afterPropertiesSet(RepositoryFactoryBeanSupport.java:356)
	at org.springframework.data.jpa.repository.support.JpaRepositoryFactoryBean.afterPropertiesSet(JpaRepositoryFactoryBean.java:132)
	at org.springframework.beans.factory.support.AbstractAutowireCapableBeanFactory.invokeInitMethods(AbstractAutowireCapableBeanFactory.java:1855)
	at org.springframework.beans.factory.support.AbstractAutowireCapableBeanFactory.initializeBean(AbstractAutowireCapableBeanFactory.java:1804)
	... 46 common frames omitted
Caused by: java.lang.IllegalArgumentException: Failed to create query for method public abstract org.springframework.data.domain.Page com.rkt.dms.repository.ProjectFilesRepository.findByParentIdAndNameContainingIgnoreCase(java.lang.Long,java.lang.String,org.springframework.data.domain.Pageable); No property 'name' found for type 'ProjectFilesEntity'
	at org.springframework.data.jpa.repository.query.PartTreeJpaQuery.<init>(PartTreeJpaQuery.java:107)
	at org.springframework.data.jpa.repository.query.JpaQueryLookupStrategy$CreateQueryLookupStrategy.resolveQuery(JpaQueryLookupStrategy.java:128)
	at org.springframework.data.jpa.repository.query.JpaQueryLookupStrategy$CreateIfNotFoundQueryLookupStrategy.resolveQuery(JpaQueryLookupStrategy.java:262)
	at org.springframework.data.jpa.repository.query.JpaQueryLookupStrategy$AbstractQueryLookupStrategy.resolveQuery(JpaQueryLookupStrategy.java:99)
	at org.springframework.data.repository.core.support.QueryExecutorMethodInterceptor.lookupQuery(QueryExecutorMethodInterceptor.java:116)
	... 58 common frames omitted
Caused by: org.springframework.data.mapping.PropertyReferenceException: No property 'name' found for type 'ProjectFilesEntity'
	at org.springframework.data.mapping.PropertyPath.<init>(PropertyPath.java:94)
	at org.springframework.data.mapping.PropertyPath.create(PropertyPath.java:455)
	at org.springframework.data.mapping.PropertyPath.create(PropertyPath.java:431)
	at org.springframework.data.mapping.PropertyPath.lambda$from$0(PropertyPath.java:384)
	at java.base/java.util.concurrent.ConcurrentMap.computeIfAbsent(ConcurrentMap.java:330)
	at org.springframework.data.mapping.PropertyPath.from(PropertyPath.java:366)
	at org.springframework.data.mapping.PropertyPath.from(PropertyPath.java:344)
	at org.springframework.data.repository.query.parser.Part.<init>(Part.java:81)
	at org.springframework.data.repository.query.parser.PartTree$OrPart.lambda$new$0(PartTree.java:259)
	at java.base/java.util.stream.ReferencePipeline$3$1.accept(ReferencePipeline.java:197)
	at java.base/java.util.stream.ReferencePipeline$2$1.accept(ReferencePipeline.java:179)
	at java.base/java.util.Spliterators$ArraySpliterator.forEachRemaining(Spliterators.java:1024)
	at java.base/java.util.stream.AbstractPipeline.copyInto(AbstractPipeline.java:509)
	at java.base/java.util.stream.AbstractPipeline.wrapAndCopyInto(AbstractPipeline.java:499)
	at java.base/java.util.stream.ReduceOps$ReduceOp.evaluateSequential(ReduceOps.java:921)
	at java.base/java.util.stream.AbstractPipeline.evaluate(AbstractPipeline.java:234)
	at java.base/java.util.stream.ReferencePipeline.collect(ReferencePipeline.java:682)
	at org.springframework.data.repository.query.parser.PartTree$OrPart.<init>(PartTree.java:260)
	at org.springframework.data.repository.query.parser.PartTree$Predicate.lambda$new$0(PartTree.java:389)
	at java.base/java.util.stream.ReferencePipeline$3$1.accept(ReferencePipeline.java:197)
	at java.base/java.util.stream.ReferencePipeline$2$1.accept(ReferencePipeline.java:179)
	at java.base/java.util.Spliterators$ArraySpliterator.forEachRemaining(Spliterators.java:1024)
	at java.base/java.util.stream.AbstractPipeline.copyInto(AbstractPipeline.java:509)
	at java.base/java.util.stream.AbstractPipeline.wrapAndCopyInto(AbstractPipeline.java:499)
	at java.base/java.util.stream.ReduceOps$ReduceOp.evaluateSequential(ReduceOps.java:921)
	at java.base/java.util.stream.AbstractPipeline.evaluate(AbstractPipeline.java:234)
	at java.base/java.util.stream.ReferencePipeline.collect(ReferencePipeline.java:682)
	at org.springframework.data.repository.query.parser.PartTree$Predicate.<init>(PartTree.java:390)
	at org.springframework.data.repository.query.parser.PartTree.<init>(PartTree.java:103)
	at org.springframework.data.jpa.repository.query.PartTreeJpaQuery.<init>(PartTreeJpaQuery.java:101)
	... 62 common frames omitted
2026-03-16 16:08:49.882 [background-preinit] INFO  o.h.validator.internal.util.Version [] - HV000001: Hibernate Validator 8.0.2.Final
2026-03-16 16:08:49.966 [main] INFO  com.rkt.dms.DmsApplication [] - Starting DmsApplication using Java 21.0.8 with PID 27160 (C:\Users\shashi.rai\Desktop\Projects\DMS\DMS-Backend\target\classes started by shashi.rai in C:\Users\shashi.rai\Desktop\Projects\DMS\DMS-Backend)
2026-03-16 16:08:49.967 [main] INFO  com.rkt.dms.DmsApplication [] - The following 1 profile is active: "dev"
2026-03-16 16:08:52.576 [main] INFO  o.s.d.r.c.RepositoryConfigurationDelegate [] - Bootstrapping Spring Data JPA repositories in DEFAULT mode.
2026-03-16 16:08:52.895 [main] INFO  o.s.d.r.c.RepositoryConfigurationDelegate [] - Finished Spring Data repository scanning in 298 ms. Found 18 JPA repository interfaces.
2026-03-16 16:08:54.867 [main] INFO  o.s.b.w.e.tomcat.TomcatWebServer [] - Tomcat initialized with port 8082 (http)
2026-03-16 16:08:54.901 [main] INFO  o.a.coyote.http11.Http11NioProtocol [] - Initializing ProtocolHandler ["http-nio-8082"]
2026-03-16 16:08:54.905 [main] INFO  o.a.catalina.core.StandardService [] - Starting service [Tomcat]
2026-03-16 16:08:54.906 [main] INFO  o.a.catalina.core.StandardEngine [] - Starting Servlet engine: [Apache Tomcat/10.1.34]
2026-03-16 16:08:55.093 [main] INFO  o.a.c.c.C.[Tomcat].[localhost].[/] [] - Initializing Spring embedded WebApplicationContext
2026-03-16 16:08:55.095 [main] INFO  o.s.b.w.s.c.ServletWebServerApplicationContext [] - Root WebApplicationContext: initialization completed in 5033 ms
2026-03-16 16:08:56.057 [main] INFO  o.h.jpa.internal.util.LogHelper [] - HHH000204: Processing PersistenceUnitInfo [name: default]
2026-03-16 16:08:56.156 [main] INFO  org.hibernate.Version [] - HHH000412: Hibernate ORM core version 6.6.4.Final
2026-03-16 16:08:56.223 [main] INFO  o.h.c.i.RegionFactoryInitiator [] - HHH000026: Second-level cache disabled
2026-03-16 16:08:56.936 [main] INFO  o.s.o.j.p.SpringPersistenceUnitInfo [] - No LoadTimeWeaver setup: ignoring JPA class transformer
2026-03-16 16:08:56.993 [main] INFO  com.zaxxer.hikari.HikariDataSource [] - HikariPool-1 - Starting...
2026-03-16 16:08:59.054 [main] INFO  com.zaxxer.hikari.pool.HikariPool [] - HikariPool-1 - Added connection com.mysql.cj.jdbc.ConnectionImpl@5357de0e
2026-03-16 16:08:59.057 [main] INFO  com.zaxxer.hikari.HikariDataSource [] - HikariPool-1 - Start completed.
2026-03-16 16:08:59.135 [main] WARN  org.hibernate.orm.deprecation [] - HHH90000025: MySQLDialect does not need to be specified explicitly using 'hibernate.dialect' (remove the property setting and it will be selected by default)
2026-03-16 16:08:59.157 [main] INFO  o.hibernate.orm.connections.pooling [] - HHH10001005: Database info:
	Database JDBC URL [Connecting through datasource 'HikariDataSource (HikariPool-1)']
	Database driver: undefined/unknown
	Database version: 8.0.33
	Autocommit mode: undefined/unknown
	Isolation level: undefined/unknown
	Minimum pool size: undefined/unknown
	Maximum pool size: undefined/unknown
2026-03-16 16:09:01.315 [main] INFO  o.h.e.t.j.p.i.JtaPlatformInitiator [] - HHH000489: No JTA platform available (set 'hibernate.transaction.jta.platform' to enable JTA platform integration)
2026-03-16 16:09:01.910 [main] INFO  o.s.o.j.LocalContainerEntityManagerFactoryBean [] - Initialized JPA EntityManagerFactory for persistence unit 'default'
2026-03-16 16:09:02.635 [main] INFO  o.s.d.j.r.query.QueryEnhancerFactory [] - Hibernate is in classpath; If applicable, HQL parser will be used.
2026-03-16 16:09:05.997 [main] INFO  o.s.s.c.a.a.c.InitializeUserDetailsBeanManagerConfigurer$InitializeUserDetailsManagerConfigurer [] - Global AuthenticationManager configured with UserDetailsService bean with name userDetailsServiceImpl
2026-03-16 16:09:06.143 [main] WARN  o.s.b.a.o.j.JpaBaseConfiguration$JpaWebConfiguration [] - spring.jpa.open-in-view is enabled by default. Therefore, database queries may be performed during view rendering. Explicitly configure spring.jpa.open-in-view to disable this warning
2026-03-16 16:09:07.073 [main] INFO  o.s.b.a.e.web.EndpointLinksResolver [] - Exposing 3 endpoints beneath base path '/actuator'
2026-03-16 16:09:08.507 [main] INFO  o.a.coyote.http11.Http11NioProtocol [] - Starting ProtocolHandler ["http-nio-8082"]
2026-03-16 16:09:08.568 [main] INFO  o.s.b.w.e.tomcat.TomcatWebServer [] - Tomcat started on port 8082 (http) with context path '/'
2026-03-16 16:09:08.605 [main] INFO  com.rkt.dms.DmsApplication [] - Started DmsApplication in 19.263 seconds (process running for 20.126)
2026-03-16 16:09:18.171 [http-nio-8082-exec-1] INFO  o.a.c.c.C.[Tomcat].[localhost].[/] [] - Initializing Spring DispatcherServlet 'dispatcherServlet'
2026-03-16 16:09:18.172 [http-nio-8082-exec-1] INFO  o.s.web.servlet.DispatcherServlet [] - Initializing Servlet 'dispatcherServlet'
2026-03-16 16:09:18.176 [http-nio-8082-exec-1] INFO  o.s.web.servlet.DispatcherServlet [] - Completed initialization in 4 ms
2026-03-16 16:09:18.605 [http-nio-8082-exec-1] WARN  o.s.w.s.m.s.DefaultHandlerExceptionResolver [ad9ee1c9-56ce-4b1a-819e-aeb6724c1048] - Resolved [org.springframework.web.HttpRequestMethodNotSupportedException: Request method 'POST' is not supported]
2026-03-16 16:09:57.674 [http-nio-8082-exec-6] WARN  o.s.w.s.m.s.DefaultHandlerExceptionResolver [8c70bd25-f1c8-4984-b35a-8eeac7595346] - Resolved [org.springframework.web.HttpRequestMethodNotSupportedException: Request method 'POST' is not supported]
2026-03-16 16:10:10.952 [http-nio-8082-exec-1] WARN  o.s.w.s.m.s.DefaultHandlerExceptionResolver [bdb5c492-79ef-499e-8212-7f201d1feee9] - Resolved [org.springframework.web.HttpRequestMethodNotSupportedException: Request method 'POST' is not supported]
2026-03-16 16:10:20.477 [http-nio-8082-exec-3] WARN  o.s.w.s.m.s.DefaultHandlerExceptionResolver [cee61249-98c0-4143-a63d-1d1759b2f544] - Resolved [org.springframework.web.HttpRequestMethodNotSupportedException: Request method 'POST' is not supported]
2026-03-16 16:51:19.548 [http-nio-8082-exec-3] ERROR o.a.c.c.C.[.[.[.[dispatcherServlet] [] - Servlet.service() for servlet [dispatcherServlet] in context with path [] threw exception
org.springframework.security.authentication.AuthenticationServiceException: Invalid token
	at com.rkt.dms.jwt.filter.JwtFilter.doFilterInternal(JwtFilter.java:98)
	at org.springframework.web.filter.OncePerRequestFilter.doFilter(OncePerRequestFilter.java:116)
	at org.springframework.security.web.ObservationFilterChainDecorator$ObservationFilter.wrapFilter(ObservationFilterChainDecorator.java:240)
	at org.springframework.security.web.ObservationFilterChainDecorator$ObservationFilter.doFilter(ObservationFilterChainDecorator.java:227)
	at org.springframework.security.web.ObservationFilterChainDecorator$VirtualFilterChain.doFilter(ObservationFilterChainDecorator.java:137)
	at com.rkt.dms.audit.RequestAuditFilter.doFilterInternal(RequestAuditFilter.java:52)
	at org.springframework.web.filter.OncePerRequestFilter.doFilter(OncePerRequestFilter.java:116)
	at org.springframework.security.web.ObservationFilterChainDecorator$ObservationFilter.wrapFilter(ObservationFilterChainDecorator.java:240)
	at org.springframework.security.web.ObservationFilterChainDecorator$ObservationFilter.doFilter(ObservationFilterChainDecorator.java:227)
	at org.springframework.security.web.ObservationFilterChainDecorator$VirtualFilterChain.doFilter(ObservationFilterChainDecorator.java:137)
	at org.springframework.security.web.authentication.logout.LogoutFilter.doFilter(LogoutFilter.java:107)
	at org.springframework.security.web.authentication.logout.LogoutFilter.doFilter(LogoutFilter.java:93)
	at org.springframework.security.web.ObservationFilterChainDecorator$ObservationFilter.wrapFilter(ObservationFilterChainDecorator.java:240)
	at org.springframework.security.web.ObservationFilterChainDecorator$ObservationFilter.doFilter(ObservationFilterChainDecorator.java:227)
	at org.springframework.security.web.ObservationFilterChainDecorator$VirtualFilterChain.doFilter(ObservationFilterChainDecorator.java:137)
	at org.springframework.web.filter.CorsFilter.doFilterInternal(CorsFilter.java:91)
	at org.springframework.web.filter.OncePerRequestFilter.doFilter(OncePerRequestFilter.java:116)
	at org.springframework.security.web.ObservationFilterChainDecorator$ObservationFilter.wrapFilter(ObservationFilterChainDecorator.java:240)
	at org.springframework.security.web.ObservationFilterChainDecorator$ObservationFilter.doFilter(ObservationFilterChainDecorator.java:227)
	at org.springframework.security.web.ObservationFilterChainDecorator$VirtualFilterChain.doFilter(ObservationFilterChainDecorator.java:137)
	at org.springframework.security.web.header.HeaderWriterFilter.doHeadersAfter(HeaderWriterFilter.java:90)
	at org.springframework.security.web.header.HeaderWriterFilter.doFilterInternal(HeaderWriterFilter.java:75)
	at org.springframework.web.filter.OncePerRequestFilter.doFilter(OncePerRequestFilter.java:116)
	at org.springframework.security.web.ObservationFilterChainDecorator$ObservationFilter.wrapFilter(ObservationFilterChainDecorator.java:240)
	at org.springframework.security.web.ObservationFilterChainDecorator$ObservationFilter.doFilter(ObservationFilterChainDecorator.java:227)
	at org.springframework.security.web.ObservationFilterChainDecorator$VirtualFilterChain.doFilter(ObservationFilterChainDecorator.java:137)
	at org.springframework.security.web.context.SecurityContextHolderFilter.doFilter(SecurityContextHolderFilter.java:82)
	at org.springframework.security.web.context.SecurityContextHolderFilter.doFilter(SecurityContextHolderFilter.java:69)
	at org.springframework.security.web.ObservationFilterChainDecorator$ObservationFilter.wrapFilter(ObservationFilterChainDecorator.java:240)
	at org.springframework.security.web.ObservationFilterChainDecorator$ObservationFilter.doFilter(ObservationFilterChainDecorator.java:227)
	at org.springframework.security.web.ObservationFilterChainDecorator$VirtualFilterChain.doFilter(ObservationFilterChainDecorator.java:137)
	at org.springframework.security.web.context.request.async.WebAsyncManagerIntegrationFilter.doFilterInternal(WebAsyncManagerIntegrationFilter.java:62)
	at org.springframework.web.filter.OncePerRequestFilter.doFilter(OncePerRequestFilter.java:116)
	at org.springframework.security.web.ObservationFilterChainDecorator$ObservationFilter.wrapFilter(ObservationFilterChainDecorator.java:240)
	at org.springframework.security.web.ObservationFilterChainDecorator$ObservationFilter.doFilter(ObservationFilterChainDecorator.java:227)
	at org.springframework.security.web.ObservationFilterChainDecorator$VirtualFilterChain.doFilter(ObservationFilterChainDecorator.java:137)
	at org.springframework.security.web.session.DisableEncodeUrlFilter.doFilterInternal(DisableEncodeUrlFilter.java:42)
	at org.springframework.web.filter.OncePerRequestFilter.doFilter(OncePerRequestFilter.java:116)
	at org.springframework.security.web.ObservationFilterChainDecorator$ObservationFilter.wrapFilter(ObservationFilterChainDecorator.java:240)
	at org.springframework.security.web.ObservationFilterChainDecorator$AroundFilterObservation$SimpleAroundFilterObservation.lambda$wrap$0(ObservationFilterChainDecorator.java:323)
	at org.springframework.security.web.ObservationFilterChainDecorator$ObservationFilter.doFilter(ObservationFilterChainDecorator.java:224)
	at org.springframework.security.web.ObservationFilterChainDecorator$VirtualFilterChain.doFilter(ObservationFilterChainDecorator.java:137)
	at org.springframework.security.web.FilterChainProxy.doFilterInternal(FilterChainProxy.java:233)
	at org.springframework.security.web.FilterChainProxy.doFilter(FilterChainProxy.java:191)
	at org.springframework.web.filter.CompositeFilter$VirtualFilterChain.doFilter(CompositeFilter.java:113)
	at org.springframework.web.servlet.handler.HandlerMappingIntrospector.lambda$createCacheFilter$3(HandlerMappingIntrospector.java:243)
	at org.springframework.web.filter.CompositeFilter$VirtualFilterChain.doFilter(CompositeFilter.java:113)
	at org.springframework.web.filter.CompositeFilter.doFilter(CompositeFilter.java:74)
	at org.springframework.security.config.annotation.web.configuration.WebMvcSecurityConfiguration$CompositeFilterChainProxy.doFilter(WebMvcSecurityConfiguration.java:238)
	at org.springframework.web.filter.DelegatingFilterProxy.invokeDelegate(DelegatingFilterProxy.java:362)
	at org.springframework.web.filter.DelegatingFilterProxy.doFilter(DelegatingFilterProxy.java:278)
	at org.apache.catalina.core.ApplicationFilterChain.internalDoFilter(ApplicationFilterChain.java:164)
	at org.apache.catalina.core.ApplicationFilterChain.doFilter(ApplicationFilterChain.java:140)
	at org.springframework.web.filter.RequestContextFilter.doFilterInternal(RequestContextFilter.java:100)
	at org.springframework.web.filter.OncePerRequestFilter.doFilter(OncePerRequestFilter.java:116)
	at org.apache.catalina.core.ApplicationFilterChain.internalDoFilter(ApplicationFilterChain.java:164)
	at org.apache.catalina.core.ApplicationFilterChain.doFilter(ApplicationFilterChain.java:140)
	at org.springframework.web.filter.FormContentFilter.doFilterInternal(FormContentFilter.java:93)
	at org.springframework.web.filter.OncePerRequestFilter.doFilter(OncePerRequestFilter.java:116)
	at org.apache.catalina.core.ApplicationFilterChain.internalDoFilter(ApplicationFilterChain.java:164)
	at org.apache.catalina.core.ApplicationFilterChain.doFilter(ApplicationFilterChain.java:140)
	at org.springframework.web.filter.ServerHttpObservationFilter.doFilterInternal(ServerHttpObservationFilter.java:114)
	at org.springframework.web.filter.OncePerRequestFilter.doFilter(OncePerRequestFilter.java:116)
	at org.apache.catalina.core.ApplicationFilterChain.internalDoFilter(ApplicationFilterChain.java:164)
	at org.apache.catalina.core.ApplicationFilterChain.doFilter(ApplicationFilterChain.java:140)
	at org.springframework.web.filter.CharacterEncodingFilter.doFilterInternal(CharacterEncodingFilter.java:201)
	at org.springframework.web.filter.OncePerRequestFilter.doFilter(OncePerRequestFilter.java:116)
	at org.apache.catalina.core.ApplicationFilterChain.internalDoFilter(ApplicationFilterChain.java:164)
	at org.apache.catalina.core.ApplicationFilterChain.doFilter(ApplicationFilterChain.java:140)
	at org.apache.catalina.core.StandardWrapperValve.invoke(StandardWrapperValve.java:167)
	at org.apache.catalina.core.StandardContextValve.invoke(StandardContextValve.java:90)
	at org.apache.catalina.authenticator.AuthenticatorBase.invoke(AuthenticatorBase.java:483)
	at org.apache.catalina.core.StandardHostValve.invoke(StandardHostValve.java:115)
	at org.apache.catalina.valves.ErrorReportValve.invoke(ErrorReportValve.java:93)
	at org.apache.catalina.core.StandardEngineValve.invoke(StandardEngineValve.java:74)
	at org.apache.catalina.connector.CoyoteAdapter.service(CoyoteAdapter.java:344)
	at org.apache.coyote.http11.Http11Processor.service(Http11Processor.java:397)
	at org.apache.coyote.AbstractProcessorLight.process(AbstractProcessorLight.java:63)
	at org.apache.coyote.AbstractProtocol$ConnectionHandler.process(AbstractProtocol.java:905)
	at org.apache.tomcat.util.net.NioEndpoint$SocketProcessor.doRun(NioEndpoint.java:1741)
	at org.apache.tomcat.util.net.SocketProcessorBase.run(SocketProcessorBase.java:52)
	at org.apache.tomcat.util.threads.ThreadPoolExecutor.runWorker(ThreadPoolExecutor.java:1190)
	at org.apache.tomcat.util.threads.ThreadPoolExecutor$Worker.run(ThreadPoolExecutor.java:659)
	at org.apache.tomcat.util.threads.TaskThread$WrappingRunnable.run(TaskThread.java:63)
	at java.base/java.lang.Thread.run(Thread.java:1583)
Caused by: io.jsonwebtoken.security.SignatureException: JWT signature does not match locally computed signature. JWT validity cannot be asserted and should not be trusted.
	at io.jsonwebtoken.impl.DefaultJwtParser.parse(DefaultJwtParser.java:399)
	at io.jsonwebtoken.impl.DefaultJwtParser.parse(DefaultJwtParser.java:529)
	at io.jsonwebtoken.impl.DefaultJwtParser.parseClaimsJws(DefaultJwtParser.java:589)
	at io.jsonwebtoken.impl.ImmutableJwtParser.parseClaimsJws(ImmutableJwtParser.java:173)
	at com.rkt.dms.jwt.utilis.JwtUtil.extractAllClaims(JwtUtil.java:98)
	at com.rkt.dms.jwt.utilis.JwtUtil.isTokenExpired(JwtUtil.java:110)
	at com.rkt.dms.jwt.utilis.JwtUtil.validateToken(JwtUtil.java:105)
	at com.rkt.dms.jwt.filter.JwtFilter.doFilterInternal(JwtFilter.java:50)
	... 84 common frames omitted
2026-03-16 16:51:24.069 [http-nio-8082-exec-4] ERROR o.a.c.c.C.[.[.[.[dispatcherServlet] [] - Servlet.service() for servlet [dispatcherServlet] in context with path [] threw exception
org.springframework.security.authentication.AuthenticationServiceException: Invalid token
	at com.rkt.dms.jwt.filter.JwtFilter.doFilterInternal(JwtFilter.java:98)
	at org.springframework.web.filter.OncePerRequestFilter.doFilter(OncePerRequestFilter.java:116)
	at org.springframework.security.web.ObservationFilterChainDecorator$ObservationFilter.wrapFilter(ObservationFilterChainDecorator.java:240)
	at org.springframework.security.web.ObservationFilterChainDecorator$ObservationFilter.doFilter(ObservationFilterChainDecorator.java:227)
	at org.springframework.security.web.ObservationFilterChainDecorator$VirtualFilterChain.doFilter(ObservationFilterChainDecorator.java:137)
	at com.rkt.dms.audit.RequestAuditFilter.doFilterInternal(RequestAuditFilter.java:52)
	at org.springframework.web.filter.OncePerRequestFilter.doFilter(OncePerRequestFilter.java:116)
	at org.springframework.security.web.ObservationFilterChainDecorator$ObservationFilter.wrapFilter(ObservationFilterChainDecorator.java:240)
	at org.springframework.security.web.ObservationFilterChainDecorator$ObservationFilter.doFilter(ObservationFilterChainDecorator.java:227)
	at org.springframework.security.web.ObservationFilterChainDecorator$VirtualFilterChain.doFilter(ObservationFilterChainDecorator.java:137)
	at org.springframework.security.web.authentication.logout.LogoutFilter.doFilter(LogoutFilter.java:107)
	at org.springframework.security.web.authentication.logout.LogoutFilter.doFilter(LogoutFilter.java:93)
	at org.springframework.security.web.ObservationFilterChainDecorator$ObservationFilter.wrapFilter(ObservationFilterChainDecorator.java:240)
	at org.springframework.security.web.ObservationFilterChainDecorator$ObservationFilter.doFilter(ObservationFilterChainDecorator.java:227)
	at org.springframework.security.web.ObservationFilterChainDecorator$VirtualFilterChain.doFilter(ObservationFilterChainDecorator.java:137)
	at org.springframework.web.filter.CorsFilter.doFilterInternal(CorsFilter.java:91)
	at org.springframework.web.filter.OncePerRequestFilter.doFilter(OncePerRequestFilter.java:116)
	at org.springframework.security.web.ObservationFilterChainDecorator$ObservationFilter.wrapFilter(ObservationFilterChainDecorator.java:240)
	at org.springframework.security.web.ObservationFilterChainDecorator$ObservationFilter.doFilter(ObservationFilterChainDecorator.java:227)
	at org.springframework.security.web.ObservationFilterChainDecorator$VirtualFilterChain.doFilter(ObservationFilterChainDecorator.java:137)
	at org.springframework.security.web.header.HeaderWriterFilter.doHeadersAfter(HeaderWriterFilter.java:90)
	at org.springframework.security.web.header.HeaderWriterFilter.doFilterInternal(HeaderWriterFilter.java:75)
	at org.springframework.web.filter.OncePerRequestFilter.doFilter(OncePerRequestFilter.java:116)
	at org.springframework.security.web.ObservationFilterChainDecorator$ObservationFilter.wrapFilter(ObservationFilterChainDecorator.java:240)
	at org.springframework.security.web.ObservationFilterChainDecorator$ObservationFilter.doFilter(ObservationFilterChainDecorator.java:227)
	at org.springframework.security.web.ObservationFilterChainDecorator$VirtualFilterChain.doFilter(ObservationFilterChainDecorator.java:137)
	at org.springframework.security.web.context.SecurityContextHolderFilter.doFilter(SecurityContextHolderFilter.java:82)
	at org.springframework.security.web.context.SecurityContextHolderFilter.doFilter(SecurityContextHolderFilter.java:69)
	at org.springframework.security.web.ObservationFilterChainDecorator$ObservationFilter.wrapFilter(ObservationFilterChainDecorator.java:240)
	at org.springframework.security.web.ObservationFilterChainDecorator$ObservationFilter.doFilter(ObservationFilterChainDecorator.java:227)
	at org.springframework.security.web.ObservationFilterChainDecorator$VirtualFilterChain.doFilter(ObservationFilterChainDecorator.java:137)
	at org.springframework.security.web.context.request.async.WebAsyncManagerIntegrationFilter.doFilterInternal(WebAsyncManagerIntegrationFilter.java:62)
	at org.springframework.web.filter.OncePerRequestFilter.doFilter(OncePerRequestFilter.java:116)
	at org.springframework.security.web.ObservationFilterChainDecorator$ObservationFilter.wrapFilter(ObservationFilterChainDecorator.java:240)
	at org.springframework.security.web.ObservationFilterChainDecorator$ObservationFilter.doFilter(ObservationFilterChainDecorator.java:227)
	at org.springframework.security.web.ObservationFilterChainDecorator$VirtualFilterChain.doFilter(ObservationFilterChainDecorator.java:137)
	at org.springframework.security.web.session.DisableEncodeUrlFilter.doFilterInternal(DisableEncodeUrlFilter.java:42)
	at org.springframework.web.filter.OncePerRequestFilter.doFilter(OncePerRequestFilter.java:116)
	at org.springframework.security.web.ObservationFilterChainDecorator$ObservationFilter.wrapFilter(ObservationFilterChainDecorator.java:240)
	at org.springframework.security.web.ObservationFilterChainDecorator$AroundFilterObservation$SimpleAroundFilterObservation.lambda$wrap$0(ObservationFilterChainDecorator.java:323)
	at org.springframework.security.web.ObservationFilterChainDecorator$ObservationFilter.doFilter(ObservationFilterChainDecorator.java:224)
	at org.springframework.security.web.ObservationFilterChainDecorator$VirtualFilterChain.doFilter(ObservationFilterChainDecorator.java:137)
	at org.springframework.security.web.FilterChainProxy.doFilterInternal(FilterChainProxy.java:233)
	at org.springframework.security.web.FilterChainProxy.doFilter(FilterChainProxy.java:191)
	at org.springframework.web.filter.CompositeFilter$VirtualFilterChain.doFilter(CompositeFilter.java:113)
	at org.springframework.web.servlet.handler.HandlerMappingIntrospector.lambda$createCacheFilter$3(HandlerMappingIntrospector.java:243)
	at org.springframework.web.filter.CompositeFilter$VirtualFilterChain.doFilter(CompositeFilter.java:113)
	at org.springframework.web.filter.CompositeFilter.doFilter(CompositeFilter.java:74)
	at org.springframework.security.config.annotation.web.configuration.WebMvcSecurityConfiguration$CompositeFilterChainProxy.doFilter(WebMvcSecurityConfiguration.java:238)
	at org.springframework.web.filter.DelegatingFilterProxy.invokeDelegate(DelegatingFilterProxy.java:362)
	at org.springframework.web.filter.DelegatingFilterProxy.doFilter(DelegatingFilterProxy.java:278)
	at org.apache.catalina.core.ApplicationFilterChain.internalDoFilter(ApplicationFilterChain.java:164)
	at org.apache.catalina.core.ApplicationFilterChain.doFilter(ApplicationFilterChain.java:140)
	at org.springframework.web.filter.RequestContextFilter.doFilterInternal(RequestContextFilter.java:100)
	at org.springframework.web.filter.OncePerRequestFilter.doFilter(OncePerRequestFilter.java:116)
	at org.apache.catalina.core.ApplicationFilterChain.internalDoFilter(ApplicationFilterChain.java:164)
	at org.apache.catalina.core.ApplicationFilterChain.doFilter(ApplicationFilterChain.java:140)
	at org.springframework.web.filter.FormContentFilter.doFilterInternal(FormContentFilter.java:93)
	at org.springframework.web.filter.OncePerRequestFilter.doFilter(OncePerRequestFilter.java:116)
	at org.apache.catalina.core.ApplicationFilterChain.internalDoFilter(ApplicationFilterChain.java:164)
	at org.apache.catalina.core.ApplicationFilterChain.doFilter(ApplicationFilterChain.java:140)
	at org.springframework.web.filter.ServerHttpObservationFilter.doFilterInternal(ServerHttpObservationFilter.java:114)
	at org.springframework.web.filter.OncePerRequestFilter.doFilter(OncePerRequestFilter.java:116)
	at org.apache.catalina.core.ApplicationFilterChain.internalDoFilter(ApplicationFilterChain.java:164)
	at org.apache.catalina.core.ApplicationFilterChain.doFilter(ApplicationFilterChain.java:140)
	at org.springframework.web.filter.CharacterEncodingFilter.doFilterInternal(CharacterEncodingFilter.java:201)
	at org.springframework.web.filter.OncePerRequestFilter.doFilter(OncePerRequestFilter.java:116)
	at org.apache.catalina.core.ApplicationFilterChain.internalDoFilter(ApplicationFilterChain.java:164)
	at org.apache.catalina.core.ApplicationFilterChain.doFilter(ApplicationFilterChain.java:140)
	at org.apache.catalina.core.StandardWrapperValve.invoke(StandardWrapperValve.java:167)
	at org.apache.catalina.core.StandardContextValve.invoke(StandardContextValve.java:90)
	at org.apache.catalina.authenticator.AuthenticatorBase.invoke(AuthenticatorBase.java:483)
	at org.apache.catalina.core.StandardHostValve.invoke(StandardHostValve.java:115)
	at org.apache.catalina.valves.ErrorReportValve.invoke(ErrorReportValve.java:93)
	at org.apache.catalina.core.StandardEngineValve.invoke(StandardEngineValve.java:74)
	at org.apache.catalina.connector.CoyoteAdapter.service(CoyoteAdapter.java:344)
	at org.apache.coyote.http11.Http11Processor.service(Http11Processor.java:397)
	at org.apache.coyote.AbstractProcessorLight.process(AbstractProcessorLight.java:63)
	at org.apache.coyote.AbstractProtocol$ConnectionHandler.process(AbstractProtocol.java:905)
	at org.apache.tomcat.util.net.NioEndpoint$SocketProcessor.doRun(NioEndpoint.java:1741)
	at org.apache.tomcat.util.net.SocketProcessorBase.run(SocketProcessorBase.java:52)
	at org.apache.tomcat.util.threads.ThreadPoolExecutor.runWorker(ThreadPoolExecutor.java:1190)
	at org.apache.tomcat.util.threads.ThreadPoolExecutor$Worker.run(ThreadPoolExecutor.java:659)
	at org.apache.tomcat.util.threads.TaskThread$WrappingRunnable.run(TaskThread.java:63)
	at java.base/java.lang.Thread.run(Thread.java:1583)
Caused by: io.jsonwebtoken.security.SignatureException: JWT signature does not match locally computed signature. JWT validity cannot be asserted and should not be trusted.
	at io.jsonwebtoken.impl.DefaultJwtParser.parse(DefaultJwtParser.java:399)
	at io.jsonwebtoken.impl.DefaultJwtParser.parse(DefaultJwtParser.java:529)
	at io.jsonwebtoken.impl.DefaultJwtParser.parseClaimsJws(DefaultJwtParser.java:589)
	at io.jsonwebtoken.impl.ImmutableJwtParser.parseClaimsJws(ImmutableJwtParser.java:173)
	at com.rkt.dms.jwt.utilis.JwtUtil.extractAllClaims(JwtUtil.java:98)
	at com.rkt.dms.jwt.utilis.JwtUtil.isTokenExpired(JwtUtil.java:110)
	at com.rkt.dms.jwt.utilis.JwtUtil.validateToken(JwtUtil.java:105)
	at com.rkt.dms.jwt.filter.JwtFilter.doFilterInternal(JwtFilter.java:50)
	... 84 common frames omitted
2026-03-16 16:51:26.575 [http-nio-8082-exec-5] ERROR o.a.c.c.C.[.[.[.[dispatcherServlet] [] - Servlet.service() for servlet [dispatcherServlet] in context with path [] threw exception
org.springframework.security.authentication.AuthenticationServiceException: Invalid token
	at com.rkt.dms.jwt.filter.JwtFilter.doFilterInternal(JwtFilter.java:98)
	at org.springframework.web.filter.OncePerRequestFilter.doFilter(OncePerRequestFilter.java:116)
	at org.springframework.security.web.ObservationFilterChainDecorator$ObservationFilter.wrapFilter(ObservationFilterChainDecorator.java:240)
	at org.springframework.security.web.ObservationFilterChainDecorator$ObservationFilter.doFilter(ObservationFilterChainDecorator.java:227)
	at org.springframework.security.web.ObservationFilterChainDecorator$VirtualFilterChain.doFilter(ObservationFilterChainDecorator.java:137)
	at com.rkt.dms.audit.RequestAuditFilter.doFilterInternal(RequestAuditFilter.java:52)
	at org.springframework.web.filter.OncePerRequestFilter.doFilter(OncePerRequestFilter.java:116)
	at org.springframework.security.web.ObservationFilterChainDecorator$ObservationFilter.wrapFilter(ObservationFilterChainDecorator.java:240)
	at org.springframework.security.web.ObservationFilterChainDecorator$ObservationFilter.doFilter(ObservationFilterChainDecorator.java:227)
	at org.springframework.security.web.ObservationFilterChainDecorator$VirtualFilterChain.doFilter(ObservationFilterChainDecorator.java:137)
	at org.springframework.security.web.authentication.logout.LogoutFilter.doFilter(LogoutFilter.java:107)
	at org.springframework.security.web.authentication.logout.LogoutFilter.doFilter(LogoutFilter.java:93)
	at org.springframework.security.web.ObservationFilterChainDecorator$ObservationFilter.wrapFilter(ObservationFilterChainDecorator.java:240)
	at org.springframework.security.web.ObservationFilterChainDecorator$ObservationFilter.doFilter(ObservationFilterChainDecorator.java:227)
	at org.springframework.security.web.ObservationFilterChainDecorator$VirtualFilterChain.doFilter(ObservationFilterChainDecorator.java:137)
	at org.springframework.web.filter.CorsFilter.doFilterInternal(CorsFilter.java:91)
	at org.springframework.web.filter.OncePerRequestFilter.doFilter(OncePerRequestFilter.java:116)
	at org.springframework.security.web.ObservationFilterChainDecorator$ObservationFilter.wrapFilter(ObservationFilterChainDecorator.java:240)
	at org.springframework.security.web.ObservationFilterChainDecorator$ObservationFilter.doFilter(ObservationFilterChainDecorator.java:227)
	at org.springframework.security.web.ObservationFilterChainDecorator$VirtualFilterChain.doFilter(ObservationFilterChainDecorator.java:137)
	at org.springframework.security.web.header.HeaderWriterFilter.doHeadersAfter(HeaderWriterFilter.java:90)
	at org.springframework.security.web.header.HeaderWriterFilter.doFilterInternal(HeaderWriterFilter.java:75)
	at org.springframework.web.filter.OncePerRequestFilter.doFilter(OncePerRequestFilter.java:116)
	at org.springframework.security.web.ObservationFilterChainDecorator$ObservationFilter.wrapFilter(ObservationFilterChainDecorator.java:240)
	at org.springframework.security.web.ObservationFilterChainDecorator$ObservationFilter.doFilter(ObservationFilterChainDecorator.java:227)
	at org.springframework.security.web.ObservationFilterChainDecorator$VirtualFilterChain.doFilter(ObservationFilterChainDecorator.java:137)
	at org.springframework.security.web.context.SecurityContextHolderFilter.doFilter(SecurityContextHolderFilter.java:82)
	at org.springframework.security.web.context.SecurityContextHolderFilter.doFilter(SecurityContextHolderFilter.java:69)
	at org.springframework.security.web.ObservationFilterChainDecorator$ObservationFilter.wrapFilter(ObservationFilterChainDecorator.java:240)
	at org.springframework.security.web.ObservationFilterChainDecorator$ObservationFilter.doFilter(ObservationFilterChainDecorator.java:227)
	at org.springframework.security.web.ObservationFilterChainDecorator$VirtualFilterChain.doFilter(ObservationFilterChainDecorator.java:137)
	at org.springframework.security.web.context.request.async.WebAsyncManagerIntegrationFilter.doFilterInternal(WebAsyncManagerIntegrationFilter.java:62)
	at org.springframework.web.filter.OncePerRequestFilter.doFilter(OncePerRequestFilter.java:116)
	at org.springframework.security.web.ObservationFilterChainDecorator$ObservationFilter.wrapFilter(ObservationFilterChainDecorator.java:240)
	at org.springframework.security.web.ObservationFilterChainDecorator$ObservationFilter.doFilter(ObservationFilterChainDecorator.java:227)
	at org.springframework.security.web.ObservationFilterChainDecorator$VirtualFilterChain.doFilter(ObservationFilterChainDecorator.java:137)
	at org.springframework.security.web.session.DisableEncodeUrlFilter.doFilterInternal(DisableEncodeUrlFilter.java:42)
	at org.springframework.web.filter.OncePerRequestFilter.doFilter(OncePerRequestFilter.java:116)
	at org.springframework.security.web.ObservationFilterChainDecorator$ObservationFilter.wrapFilter(ObservationFilterChainDecorator.java:240)
	at org.springframework.security.web.ObservationFilterChainDecorator$AroundFilterObservation$SimpleAroundFilterObservation.lambda$wrap$0(ObservationFilterChainDecorator.java:323)
	at org.springframework.security.web.ObservationFilterChainDecorator$ObservationFilter.doFilter(ObservationFilterChainDecorator.java:224)
	at org.springframework.security.web.ObservationFilterChainDecorator$VirtualFilterChain.doFilter(ObservationFilterChainDecorator.java:137)
	at org.springframework.security.web.FilterChainProxy.doFilterInternal(FilterChainProxy.java:233)
	at org.springframework.security.web.FilterChainProxy.doFilter(FilterChainProxy.java:191)
	at org.springframework.web.filter.CompositeFilter$VirtualFilterChain.doFilter(CompositeFilter.java:113)
	at org.springframework.web.servlet.handler.HandlerMappingIntrospector.lambda$createCacheFilter$3(HandlerMappingIntrospector.java:243)
	at org.springframework.web.filter.CompositeFilter$VirtualFilterChain.doFilter(CompositeFilter.java:113)
	at org.springframework.web.filter.CompositeFilter.doFilter(CompositeFilter.java:74)
	at org.springframework.security.config.annotation.web.configuration.WebMvcSecurityConfiguration$CompositeFilterChainProxy.doFilter(WebMvcSecurityConfiguration.java:238)
	at org.springframework.web.filter.DelegatingFilterProxy.invokeDelegate(DelegatingFilterProxy.java:362)
	at org.springframework.web.filter.DelegatingFilterProxy.doFilter(DelegatingFilterProxy.java:278)
	at org.apache.catalina.core.ApplicationFilterChain.internalDoFilter(ApplicationFilterChain.java:164)
	at org.apache.catalina.core.ApplicationFilterChain.doFilter(ApplicationFilterChain.java:140)
	at org.springframework.web.filter.RequestContextFilter.doFilterInternal(RequestContextFilter.java:100)
	at org.springframework.web.filter.OncePerRequestFilter.doFilter(OncePerRequestFilter.java:116)
	at org.apache.catalina.core.ApplicationFilterChain.internalDoFilter(ApplicationFilterChain.java:164)
	at org.apache.catalina.core.ApplicationFilterChain.doFilter(ApplicationFilterChain.java:140)
	at org.springframework.web.filter.FormContentFilter.doFilterInternal(FormContentFilter.java:93)
	at org.springframework.web.filter.OncePerRequestFilter.doFilter(OncePerRequestFilter.java:116)
	at org.apache.catalina.core.ApplicationFilterChain.internalDoFilter(ApplicationFilterChain.java:164)
	at org.apache.catalina.core.ApplicationFilterChain.doFilter(ApplicationFilterChain.java:140)
	at org.springframework.web.filter.ServerHttpObservationFilter.doFilterInternal(ServerHttpObservationFilter.java:114)
	at org.springframework.web.filter.OncePerRequestFilter.doFilter(OncePerRequestFilter.java:116)
	at org.apache.catalina.core.ApplicationFilterChain.internalDoFilter(ApplicationFilterChain.java:164)
	at org.apache.catalina.core.ApplicationFilterChain.doFilter(ApplicationFilterChain.java:140)
	at org.springframework.web.filter.CharacterEncodingFilter.doFilterInternal(CharacterEncodingFilter.java:201)
	at org.springframework.web.filter.OncePerRequestFilter.doFilter(OncePerRequestFilter.java:116)
	at org.apache.catalina.core.ApplicationFilterChain.internalDoFilter(ApplicationFilterChain.java:164)
	at org.apache.catalina.core.ApplicationFilterChain.doFilter(ApplicationFilterChain.java:140)
	at org.apache.catalina.core.StandardWrapperValve.invoke(StandardWrapperValve.java:167)
	at org.apache.catalina.core.StandardContextValve.invoke(StandardContextValve.java:90)
	at org.apache.catalina.authenticator.AuthenticatorBase.invoke(AuthenticatorBase.java:483)
	at org.apache.catalina.core.StandardHostValve.invoke(StandardHostValve.java:115)
	at org.apache.catalina.valves.ErrorReportValve.invoke(ErrorReportValve.java:93)
	at org.apache.catalina.core.StandardEngineValve.invoke(StandardEngineValve.java:74)
	at org.apache.catalina.connector.CoyoteAdapter.service(CoyoteAdapter.java:344)
	at org.apache.coyote.http11.Http11Processor.service(Http11Processor.java:397)
	at org.apache.coyote.AbstractProcessorLight.process(AbstractProcessorLight.java:63)
	at org.apache.coyote.AbstractProtocol$ConnectionHandler.process(AbstractProtocol.java:905)
	at org.apache.tomcat.util.net.NioEndpoint$SocketProcessor.doRun(NioEndpoint.java:1741)
	at org.apache.tomcat.util.net.SocketProcessorBase.run(SocketProcessorBase.java:52)
	at org.apache.tomcat.util.threads.ThreadPoolExecutor.runWorker(ThreadPoolExecutor.java:1190)
	at org.apache.tomcat.util.threads.ThreadPoolExecutor$Worker.run(ThreadPoolExecutor.java:659)
	at org.apache.tomcat.util.threads.TaskThread$WrappingRunnable.run(TaskThread.java:63)
	at java.base/java.lang.Thread.run(Thread.java:1583)
Caused by: io.jsonwebtoken.security.SignatureException: JWT signature does not match locally computed signature. JWT validity cannot be asserted and should not be trusted.
	at io.jsonwebtoken.impl.DefaultJwtParser.parse(DefaultJwtParser.java:399)
	at io.jsonwebtoken.impl.DefaultJwtParser.parse(DefaultJwtParser.java:529)
	at io.jsonwebtoken.impl.DefaultJwtParser.parseClaimsJws(DefaultJwtParser.java:589)
	at io.jsonwebtoken.impl.ImmutableJwtParser.parseClaimsJws(ImmutableJwtParser.java:173)
	at com.rkt.dms.jwt.utilis.JwtUtil.extractAllClaims(JwtUtil.java:98)
	at com.rkt.dms.jwt.utilis.JwtUtil.isTokenExpired(JwtUtil.java:110)
	at com.rkt.dms.jwt.utilis.JwtUtil.validateToken(JwtUtil.java:105)
	at com.rkt.dms.jwt.filter.JwtFilter.doFilterInternal(JwtFilter.java:50)
	... 84 common frames omitted
2026-03-16 16:51:34.206 [http-nio-8082-exec-7] ERROR o.a.c.c.C.[.[.[.[dispatcherServlet] [] - Servlet.service() for servlet [dispatcherServlet] in context with path [] threw exception
org.springframework.security.authentication.AuthenticationServiceException: Invalid token
	at com.rkt.dms.jwt.filter.JwtFilter.doFilterInternal(JwtFilter.java:98)
	at org.springframework.web.filter.OncePerRequestFilter.doFilter(OncePerRequestFilter.java:116)
	at org.springframework.security.web.ObservationFilterChainDecorator$ObservationFilter.wrapFilter(ObservationFilterChainDecorator.java:240)
	at org.springframework.security.web.ObservationFilterChainDecorator$ObservationFilter.doFilter(ObservationFilterChainDecorator.java:227)
	at org.springframework.security.web.ObservationFilterChainDecorator$VirtualFilterChain.doFilter(ObservationFilterChainDecorator.java:137)
	at com.rkt.dms.audit.RequestAuditFilter.doFilterInternal(RequestAuditFilter.java:52)
	at org.springframework.web.filter.OncePerRequestFilter.doFilter(OncePerRequestFilter.java:116)
	at org.springframework.security.web.ObservationFilterChainDecorator$ObservationFilter.wrapFilter(ObservationFilterChainDecorator.java:240)
	at org.springframework.security.web.ObservationFilterChainDecorator$ObservationFilter.doFilter(ObservationFilterChainDecorator.java:227)
	at org.springframework.security.web.ObservationFilterChainDecorator$VirtualFilterChain.doFilter(ObservationFilterChainDecorator.java:137)
	at org.springframework.security.web.authentication.logout.LogoutFilter.doFilter(LogoutFilter.java:107)
	at org.springframework.security.web.authentication.logout.LogoutFilter.doFilter(LogoutFilter.java:93)
	at org.springframework.security.web.ObservationFilterChainDecorator$ObservationFilter.wrapFilter(ObservationFilterChainDecorator.java:240)
	at org.springframework.security.web.ObservationFilterChainDecorator$ObservationFilter.doFilter(ObservationFilterChainDecorator.java:227)
	at org.springframework.security.web.ObservationFilterChainDecorator$VirtualFilterChain.doFilter(ObservationFilterChainDecorator.java:137)
	at org.springframework.web.filter.CorsFilter.doFilterInternal(CorsFilter.java:91)
	at org.springframework.web.filter.OncePerRequestFilter.doFilter(OncePerRequestFilter.java:116)
	at org.springframework.security.web.ObservationFilterChainDecorator$ObservationFilter.wrapFilter(ObservationFilterChainDecorator.java:240)
	at org.springframework.security.web.ObservationFilterChainDecorator$ObservationFilter.doFilter(ObservationFilterChainDecorator.java:227)
	at org.springframework.security.web.ObservationFilterChainDecorator$VirtualFilterChain.doFilter(ObservationFilterChainDecorator.java:137)
	at org.springframework.security.web.header.HeaderWriterFilter.doHeadersAfter(HeaderWriterFilter.java:90)
	at org.springframework.security.web.header.HeaderWriterFilter.doFilterInternal(HeaderWriterFilter.java:75)
	at org.springframework.web.filter.OncePerRequestFilter.doFilter(OncePerRequestFilter.java:116)
	at org.springframework.security.web.ObservationFilterChainDecorator$ObservationFilter.wrapFilter(ObservationFilterChainDecorator.java:240)
	at org.springframework.security.web.ObservationFilterChainDecorator$ObservationFilter.doFilter(ObservationFilterChainDecorator.java:227)
	at org.springframework.security.web.ObservationFilterChainDecorator$VirtualFilterChain.doFilter(ObservationFilterChainDecorator.java:137)
	at org.springframework.security.web.context.SecurityContextHolderFilter.doFilter(SecurityContextHolderFilter.java:82)
	at org.springframework.security.web.context.SecurityContextHolderFilter.doFilter(SecurityContextHolderFilter.java:69)
	at org.springframework.security.web.ObservationFilterChainDecorator$ObservationFilter.wrapFilter(ObservationFilterChainDecorator.java:240)
	at org.springframework.security.web.ObservationFilterChainDecorator$ObservationFilter.doFilter(ObservationFilterChainDecorator.java:227)
	at org.springframework.security.web.ObservationFilterChainDecorator$VirtualFilterChain.doFilter(ObservationFilterChainDecorator.java:137)
	at org.springframework.security.web.context.request.async.WebAsyncManagerIntegrationFilter.doFilterInternal(WebAsyncManagerIntegrationFilter.java:62)
	at org.springframework.web.filter.OncePerRequestFilter.doFilter(OncePerRequestFilter.java:116)
	at org.springframework.security.web.ObservationFilterChainDecorator$ObservationFilter.wrapFilter(ObservationFilterChainDecorator.java:240)
	at org.springframework.security.web.ObservationFilterChainDecorator$ObservationFilter.doFilter(ObservationFilterChainDecorator.java:227)
	at org.springframework.security.web.ObservationFilterChainDecorator$VirtualFilterChain.doFilter(ObservationFilterChainDecorator.java:137)
	at org.springframework.security.web.session.DisableEncodeUrlFilter.doFilterInternal(DisableEncodeUrlFilter.java:42)
	at org.springframework.web.filter.OncePerRequestFilter.doFilter(OncePerRequestFilter.java:116)
	at org.springframework.security.web.ObservationFilterChainDecorator$ObservationFilter.wrapFilter(ObservationFilterChainDecorator.java:240)
	at org.springframework.security.web.ObservationFilterChainDecorator$AroundFilterObservation$SimpleAroundFilterObservation.lambda$wrap$0(ObservationFilterChainDecorator.java:323)
	at org.springframework.security.web.ObservationFilterChainDecorator$ObservationFilter.doFilter(ObservationFilterChainDecorator.java:224)
	at org.springframework.security.web.ObservationFilterChainDecorator$VirtualFilterChain.doFilter(ObservationFilterChainDecorator.java:137)
	at org.springframework.security.web.FilterChainProxy.doFilterInternal(FilterChainProxy.java:233)
	at org.springframework.security.web.FilterChainProxy.doFilter(FilterChainProxy.java:191)
	at org.springframework.web.filter.CompositeFilter$VirtualFilterChain.doFilter(CompositeFilter.java:113)
	at org.springframework.web.servlet.handler.HandlerMappingIntrospector.lambda$createCacheFilter$3(HandlerMappingIntrospector.java:243)
	at org.springframework.web.filter.CompositeFilter$VirtualFilterChain.doFilter(CompositeFilter.java:113)
	at org.springframework.web.filter.CompositeFilter.doFilter(CompositeFilter.java:74)
	at org.springframework.security.config.annotation.web.configuration.WebMvcSecurityConfiguration$CompositeFilterChainProxy.doFilter(WebMvcSecurityConfiguration.java:238)
	at org.springframework.web.filter.DelegatingFilterProxy.invokeDelegate(DelegatingFilterProxy.java:362)
	at org.springframework.web.filter.DelegatingFilterProxy.doFilter(DelegatingFilterProxy.java:278)
	at org.apache.catalina.core.ApplicationFilterChain.internalDoFilter(ApplicationFilterChain.java:164)
	at org.apache.catalina.core.ApplicationFilterChain.doFilter(ApplicationFilterChain.java:140)
	at org.springframework.web.filter.RequestContextFilter.doFilterInternal(RequestContextFilter.java:100)
	at org.springframework.web.filter.OncePerRequestFilter.doFilter(OncePerRequestFilter.java:116)
	at org.apache.catalina.core.ApplicationFilterChain.internalDoFilter(ApplicationFilterChain.java:164)
	at org.apache.catalina.core.ApplicationFilterChain.doFilter(ApplicationFilterChain.java:140)
	at org.springframework.web.filter.FormContentFilter.doFilterInternal(FormContentFilter.java:93)
	at org.springframework.web.filter.OncePerRequestFilter.doFilter(OncePerRequestFilter.java:116)
	at org.apache.catalina.core.ApplicationFilterChain.internalDoFilter(ApplicationFilterChain.java:164)
	at org.apache.catalina.core.ApplicationFilterChain.doFilter(ApplicationFilterChain.java:140)
	at org.springframework.web.filter.ServerHttpObservationFilter.doFilterInternal(ServerHttpObservationFilter.java:114)
	at org.springframework.web.filter.OncePerRequestFilter.doFilter(OncePerRequestFilter.java:116)
	at org.apache.catalina.core.ApplicationFilterChain.internalDoFilter(ApplicationFilterChain.java:164)
	at org.apache.catalina.core.ApplicationFilterChain.doFilter(ApplicationFilterChain.java:140)
	at org.springframework.web.filter.CharacterEncodingFilter.doFilterInternal(CharacterEncodingFilter.java:201)
	at org.springframework.web.filter.OncePerRequestFilter.doFilter(OncePerRequestFilter.java:116)
	at org.apache.catalina.core.ApplicationFilterChain.internalDoFilter(ApplicationFilterChain.java:164)
	at org.apache.catalina.core.ApplicationFilterChain.doFilter(ApplicationFilterChain.java:140)
	at org.apache.catalina.core.StandardWrapperValve.invoke(StandardWrapperValve.java:167)
	at org.apache.catalina.core.StandardContextValve.invoke(StandardContextValve.java:90)
	at org.apache.catalina.authenticator.AuthenticatorBase.invoke(AuthenticatorBase.java:483)
	at org.apache.catalina.core.StandardHostValve.invoke(StandardHostValve.java:115)
	at org.apache.catalina.valves.ErrorReportValve.invoke(ErrorReportValve.java:93)
	at org.apache.catalina.core.StandardEngineValve.invoke(StandardEngineValve.java:74)
	at org.apache.catalina.connector.CoyoteAdapter.service(CoyoteAdapter.java:344)
	at org.apache.coyote.http11.Http11Processor.service(Http11Processor.java:397)
	at org.apache.coyote.AbstractProcessorLight.process(AbstractProcessorLight.java:63)
	at org.apache.coyote.AbstractProtocol$ConnectionHandler.process(AbstractProtocol.java:905)
	at org.apache.tomcat.util.net.NioEndpoint$SocketProcessor.doRun(NioEndpoint.java:1741)
	at org.apache.tomcat.util.net.SocketProcessorBase.run(SocketProcessorBase.java:52)
	at org.apache.tomcat.util.threads.ThreadPoolExecutor.runWorker(ThreadPoolExecutor.java:1190)
	at org.apache.tomcat.util.threads.ThreadPoolExecutor$Worker.run(ThreadPoolExecutor.java:659)
	at org.apache.tomcat.util.threads.TaskThread$WrappingRunnable.run(TaskThread.java:63)
	at java.base/java.lang.Thread.run(Thread.java:1583)
Caused by: io.jsonwebtoken.security.SignatureException: JWT signature does not match locally computed signature. JWT validity cannot be asserted and should not be trusted.
	at io.jsonwebtoken.impl.DefaultJwtParser.parse(DefaultJwtParser.java:399)
	at io.jsonwebtoken.impl.DefaultJwtParser.parse(DefaultJwtParser.java:529)
	at io.jsonwebtoken.impl.DefaultJwtParser.parseClaimsJws(DefaultJwtParser.java:589)
	at io.jsonwebtoken.impl.ImmutableJwtParser.parseClaimsJws(ImmutableJwtParser.java:173)
	at com.rkt.dms.jwt.utilis.JwtUtil.extractAllClaims(JwtUtil.java:98)
	at com.rkt.dms.jwt.utilis.JwtUtil.isTokenExpired(JwtUtil.java:110)
	at com.rkt.dms.jwt.utilis.JwtUtil.validateToken(JwtUtil.java:105)
	at com.rkt.dms.jwt.filter.JwtFilter.doFilterInternal(JwtFilter.java:50)
	... 84 common frames omitted
2026-03-16 17:27:10.934 [main] INFO  o.s.t.c.s.AnnotationConfigContextLoaderUtils [] - Could not detect default configuration classes for test class [com.rkt.dms.DmsApplicationTests]: DmsApplicationTests does not declare any static, non-private, non-final, nested classes annotated with @Configuration.
2026-03-16 17:27:11.095 [main] INFO  o.s.b.t.c.SpringBootTestContextBootstrapper [] - Found @SpringBootConfiguration com.rkt.dms.DmsApplication for test class com.rkt.dms.DmsApplicationTests
2026-03-16 17:27:11.593 [background-preinit] INFO  o.h.validator.internal.util.Version [] - HV000001: Hibernate Validator 8.0.2.Final
2026-03-16 17:27:11.661 [main] INFO  com.rkt.dms.DmsApplicationTests [] - Starting DmsApplicationTests using Java 21.0.8 with PID 31276 (started by shashi.rai in C:\Users\shashi.rai\Desktop\Projects\DMS\DMS-Backend)
2026-03-16 17:27:11.664 [main] INFO  com.rkt.dms.DmsApplicationTests [] - The following 1 profile is active: "dev"
2026-03-16 17:27:13.827 [main] INFO  o.s.d.r.c.RepositoryConfigurationDelegate [] - Bootstrapping Spring Data JPA repositories in DEFAULT mode.
2026-03-16 17:27:14.174 [main] INFO  o.s.d.r.c.RepositoryConfigurationDelegate [] - Finished Spring Data repository scanning in 332 ms. Found 18 JPA repository interfaces.
2026-03-16 17:27:16.138 [main] INFO  o.h.jpa.internal.util.LogHelper [] - HHH000204: Processing PersistenceUnitInfo [name: default]
2026-03-16 17:27:16.322 [main] INFO  org.hibernate.Version [] - HHH000412: Hibernate ORM core version 6.6.4.Final
2026-03-16 17:27:16.396 [main] INFO  o.h.c.i.RegionFactoryInitiator [] - HHH000026: Second-level cache disabled
2026-03-16 17:27:16.931 [main] INFO  o.s.o.j.p.SpringPersistenceUnitInfo [] - No LoadTimeWeaver setup: ignoring JPA class transformer
2026-03-16 17:27:16.979 [main] INFO  com.zaxxer.hikari.HikariDataSource [] - HikariPool-1 - Starting...
2026-03-16 17:27:19.104 [main] INFO  com.zaxxer.hikari.pool.HikariPool [] - HikariPool-1 - Added connection com.mysql.cj.jdbc.ConnectionImpl@50f13494
2026-03-16 17:27:19.109 [main] INFO  com.zaxxer.hikari.HikariDataSource [] - HikariPool-1 - Start completed.
2026-03-16 17:27:19.203 [main] WARN  org.hibernate.orm.deprecation [] - HHH90000025: MySQLDialect does not need to be specified explicitly using 'hibernate.dialect' (remove the property setting and it will be selected by default)
2026-03-16 17:27:19.226 [main] INFO  o.hibernate.orm.connections.pooling [] - HHH10001005: Database info:
	Database JDBC URL [Connecting through datasource 'HikariDataSource (HikariPool-1)']
	Database driver: undefined/unknown
	Database version: 8.0.33
	Autocommit mode: undefined/unknown
	Isolation level: undefined/unknown
	Minimum pool size: undefined/unknown
	Maximum pool size: undefined/unknown
2026-03-16 17:27:21.116 [main] INFO  o.h.e.t.j.p.i.JtaPlatformInitiator [] - HHH000489: No JTA platform available (set 'hibernate.transaction.jta.platform' to enable JTA platform integration)
2026-03-16 17:27:21.597 [main] INFO  o.s.o.j.LocalContainerEntityManagerFactoryBean [] - Initialized JPA EntityManagerFactory for persistence unit 'default'
2026-03-16 17:27:23.064 [main] INFO  o.s.d.j.r.query.QueryEnhancerFactory [] - Hibernate is in classpath; If applicable, HQL parser will be used.
2026-03-16 17:27:25.408 [main] INFO  o.s.s.c.a.a.c.InitializeUserDetailsBeanManagerConfigurer$InitializeUserDetailsManagerConfigurer [] - Global AuthenticationManager configured with UserDetailsService bean with name userDetailsServiceImpl
2026-03-16 17:27:25.548 [main] WARN  o.s.b.a.o.j.JpaBaseConfiguration$JpaWebConfiguration [] - spring.jpa.open-in-view is enabled by default. Therefore, database queries may be performed during view rendering. Explicitly configure spring.jpa.open-in-view to disable this warning
2026-03-16 17:27:26.655 [main] INFO  o.s.b.a.e.web.EndpointLinksResolver [] - Exposing 3 endpoints beneath base path '/actuator'
2026-03-16 17:27:28.229 [main] INFO  com.rkt.dms.DmsApplicationTests [] - Started DmsApplicationTests in 16.974 seconds (process running for 18.824)
2026-03-16 17:27:29.153 [SpringApplicationShutdownHook] INFO  o.s.o.j.LocalContainerEntityManagerFactoryBean [] - Closing JPA EntityManagerFactory for persistence unit 'default'
2026-03-16 17:27:29.161 [SpringApplicationShutdownHook] INFO  com.zaxxer.hikari.HikariDataSource [] - HikariPool-1 - Shutdown initiated...
2026-03-16 17:27:29.793 [SpringApplicationShutdownHook] INFO  com.zaxxer.hikari.HikariDataSource [] - HikariPool-1 - Shutdown completed.
